date,CCF,CCF_quality,TPP,TPP_quality,VNS,VNS_quality,FPT,FPT_quality,CAL,CAL_quality,COS,COS_quality,MOKE,MOKE_quality,GEO_A,GEO_A_quality,GEO_C,GEO_C_quality,binarized_FREWEIR,Horizon_15,Horizon_20,Horizon_25,Horizon_30,Horizon_35,Horizon_40,Horizon_45,Horizon_50,Horizon_55,Horizon_60,Horizon_65,Horizon_70,Horizon_75,Horizon_80
6/8/2023,4209.857143,0,3836.428571,0,27097.57143,0,32933.14286,0,217,0,665.2857143,0,2258.571429,0,18857.14286,0,14057.14286,0,0,3.2444067,2.69713521,2.765185833,1.928657651,1.72304225,1.585857868,1.518681884,1.143877268,1.004477382,0.957408309,0.806065857,0.745791495,0.550453603,0.17510961
6/9/2023,4381.714286,0,3732.571429,0,26909,0,32759.85714,0,219.2857143,0,641.2857143,0,2251.428571,0,18714.28571,0,13971.42857,0,0,3.187404394,2.643670559,2.722440004,1.891478658,1.681019545,1.547926426,1.47130549,1.103862524,0.953013182,0.895103872,0.766473353,0.700375974,0.503405988,0.134578988
6/10/2023,4438.571429,0,3629.285714,0,26710.14286,0,33063.85714,0,220.7142857,0,618.5714286,0,2244.285714,0,18814.28571,0,14042.85714,0,0,3.24268961,2.698351622,2.76376915,1.932003379,1.729375362,1.587793112,1.523465514,1.146033525,0.984193444,0.959344506,0.807124317,0.746438682,0.557739556,0.226615772
6/11/2023,4366.428571,0,3517.142857,0,26498.71429,0,33367.57143,0,222.5714286,0,601.2857143,0,2237.142857,0,18971.42857,0,14171.42857,0,0,3.280170202,2.737177134,2.800387621,1.962076783,1.776298165,1.614280105,1.518063188,1.167416811,0.982781947,0.990817785,0.864464164,0.819813907,0.607285917,0.274600297
6/12/2023,4480.857143,0,3264.714286,0,26234.71429,0,33632,0,225,0,588.4285714,0,2230,0,19128.57143,0,14300,0,0,3.238293886,2.689457655,2.766791582,1.940174103,1.760042429,1.619838357,1.50348413,1.159306169,1.002065182,0.994024456,0.869659543,0.814011395,0.588809311,0.221530139
6/13/2023,4452.714286,0,3326.714286,0,25928.57143,0,33770.85714,0,226.5714286,0,578.7142857,0,2217.142857,0,19185.71429,0,14328.57143,0,0,3.245362997,2.68668437,2.767690659,1.948126554,1.776743174,1.631926656,1.52343452,1.182834029,1.014579535,1.005490422,0.883179903,0.807236969,0.579094946,0.214287102
6/14/2023,4953.714286,0,3058.857143,0,25595.14286,0,33371.28571,0,225.5714286,0,571.5714286,0,2162.857143,0,18957.14286,0,14128.57143,0,0,3.244429827,2.693435669,2.755023718,1.907081962,1.723122835,1.577533007,1.494047523,1.129893064,0.957215607,0.935156524,0.762130737,0.715847909,0.540963471,0.254226685
6/15/2023,5053,0,2891.857143,0,25210.14286,0,32353.85714,0,223.4285714,0,563.7142857,0,2101.428571,0,18400,0,13685.71429,0,0,3.256112337,2.689916611,2.783938646,1.946828365,1.749328732,1.594711423,1.524479866,1.172983646,0.988702536,0.959513605,0.802421331,0.757829249,0.603380322,0.290985793
6/16/2023,5191.857143,0,2765.142857,0,24760.14286,0,31141.71429,0,223.1428571,0,554.8571429,0,2037.142857,0,17657.14286,0,13100,0,0,3.458306551,2.644572735,2.341525316,1.645366311,1.580521226,1.427976966,1.43994689,1.143253207,0.934057534,0.925159156,0.804758787,0.768550992,0.63189137,0.226604283
6/17/2023,5163.571429,0,2870.714286,0,24270.71429,0,29580.57143,0,224.5714286,0,543.4285714,0,1954.285714,0,16785.71429,0,12407.14286,0,0,3.68126297,2.820862293,2.472558022,1.801517487,1.731742024,1.473973632,1.540710568,1.184108734,0.917054117,0.938462913,0.787421644,0.708444059,0.551133871,0.184678242
6/18/2023,5177,0,2973.142857,0,23729.85714,0,27806.71429,0,224.5714286,0,524,0,1868.571429,0,15814.28571,0,11627.14286,0,0,2.997420073,2.559360027,2.233387947,1.807807207,1.584755898,1.388431549,1.378770351,1.066363692,0.70908308,0.765587032,0.635637283,0.563389897,0.404928923,-0.057435174
6/19/2023,5319.714286,0,3218.428571,0,23153.14286,0,25915.85714,0,224.2857143,0,500.1428571,0,1781.428571,0,14771.42857,0,10818.57143,0,0,2.985215664,2.498411894,2.127275944,1.780862451,1.507532358,1.325958014,1.398720145,1.01774013,0.687522352,0.745900095,0.58935982,0.507928371,0.184693307,-0.418076962
6/20/2023,4820.428571,0,3459.285714,0,22537.57143,0,23967.28571,0,224.5714286,0,470.8571429,0,1700,0,13714.28571,0,10007.14286,0,0,3.029173851,2.588915825,2.292550325,1.850290775,1.572185874,1.3814044,1.458042383,1.075495124,0.752851963,0.866598904,0.745767713,0.67482841,0.439832568,0.057421029
6/21/2023,4889.714286,0,3624.714286,0,21874,0,22047.14286,0,225.5714286,0,433.5714286,0,1660,0,12685.71429,0,9188.571429,0,0,3.250831842,2.838923216,2.122994423,1.656146288,1.442452908,1.204869151,1.277945757,0.920092285,0.646713495,0.710831702,0.576659679,0.568668842,0.342553377,-0.154808626
6/22/2023,4831.428571,0,3792.571429,0,21189,0,20321.57143,0,227.4285714,0,400.7142857,0,1625.714286,0,11802.85714,0,8448.571429,0,0,3.352875948,2.913876772,2.136823177,1.63189733,1.448285222,1.251038909,1.326470137,0.978933632,0.694073439,0.742699862,0.617991388,0.609134555,0.394296825,-0.118451767
6/23/2023,4734,0,3923,0,20426.14286,0,18873,0,227.1428571,0,372.2857143,0,1572.857143,0,11145.71429,0,7728.571429,0,0,3.183700562,2.824072361,2.112189054,1.621779084,1.438524246,1.247812033,1.303528428,0.944690287,0.703873873,0.737798691,0.576468587,0.552470565,0.295225501,-0.505936205
6/24/2023,4918.857143,0,3813.857143,0,19381.28571,0,17780.42857,0,223.7142857,0,349.4285714,0,1514.285714,0,10688.57143,0,7021.428571,0,0,2.883961916,2.528754473,2.193283319,1.768520594,1.550920844,1.410899758,1.437837124,1.039334059,0.764290988,0.808434963,0.56311959,0.512143314,0.251580805,-0.412560225
6/25/2023,5347.571429,0,3714.857143,0,18256.28571,0,17046.57143,0,219.2857143,0,330,0,1434.285714,0,10417.14286,0,6440,0,0,8.220412254,7.708098412,7.589568615,7.424944878,7.111504078,6.671833038,6.283025742,4.890911579,3.856788874,3.020139456,2.432382822,2.200068951,1.720583797,0.98792845
6/26/2023,5420.142857,0,3614.571429,0,17093.42857,0,16494.71429,0,214,0,311.8571429,0,1331.857143,0,10260,0,5905.714286,0,0,8.84290123,8.557387352,8.351644516,8.269617081,7.963336468,7.607739925,7.050528049,5.468886852,3.770913124,2.4607656,1.877406597,1.656016946,1.267096758,1.034317493
6/27/2023,5276.285714,0,3515.714286,0,15899.14286,0,15951.71429,0,210.4285714,0,296,0,1202.714286,0,10108.57143,0,5371.428571,0,0,8.944952011,8.560873985,8.223771095,8.226840019,7.926642418,7.809426785,7.646692276,7.820234776,7.686019421,7.054422379,6.754282951,5.999781609,5.152256489,4.553967476
6/28/2023,4421.714286,0,3519.285714,0,14653.71429,0,15420.42857,0,211.4285714,0,282.8571429,0,1057,0,9980,0,4881.428571,0,0,9.536220551,9.156431198,8.879386902,8.651602745,8.278805733,7.971793175,7.77183485,7.127310276,6.993096352,6.359074593,6.230960369,5.539299488,4.745794773,4.143172264
6/29/2023,3567.428571,0,3520.857143,0,13394.85714,0,14979.71429,0,214.7142857,0,271.1428571,0,911.8571429,0,9842.857143,0,4424.285714,0,0,9.384410858,9.106398582,8.939288139,8.220589638,7.777499676,7.499392033,7.104894638,6.491681576,6.748766899,6.615890026,6.442792892,6.230571747,6.123579502,5.947972298
6/30/2023,2853.857143,0,3521.857143,0,12246.28571,0,14446.14286,0,220.2857143,0,260.5714286,0,823.1428571,0,9605.714286,0,4058.571429,0,0,10.15014648,9.700566292,9.336138725,8.948916435,8.535812378,8.349777222,8.201299667,8.100075722,7.701555729,7.347231388,7.126824856,7.145323277,6.94298172,6.81589365
7/1/2023,2353.857143,0,3530.142857,0,11378.57143,0,14029.42857,0,229.4285714,0,249.7142857,0,797.4285714,0,9342.857143,0,3831.428571,0,0,11.02587605,10.67214489,10.35723686,10.13253307,9.812669754,9.781497955,9.607618332,9.463781357,8.835445404,8.509784698,8.151287079,7.939693451,7.607186317,7.210125446
7/2/2023,2365.714286,0,3531.857143,0,10634.28571,0,13588,0,239,0,240.8571429,0,798.8571429,0,9078.571429,0,3610,0,0,11.26574802,10.80270863,10.59672928,10.4047718,10.01088238,9.913519859,9.730652809,9.669995308,9.208273888,9.031713486,8.646460533,8.320383072,7.876204967,7.382879257
7/3/2023,2363.857143,0,3535.571429,0,10006.28571,0,13120.71429,0,246.8571429,0,232.1428571,0,824.1428571,0,8804.285714,0,3398.571429,0,0,11.54625893,11.01431179,10.66493511,10.50981998,10.14837837,9.67912674,9.478251457,9.416030884,9.172529221,9.02147007,8.740893364,8.383674622,8.055127144,7.595776081
7/4/2023,3175.142857,0,3514.857143,0,9498,0,12700.42857,0,249.7142857,0,222.8571429,0,879,0,8560,0,3241.428571,0,0,14.44012833,14.07966328,13.537467,13.06040001,12.67377567,12.21786022,11.79512596,11.35281467,10.83218765,10.40730667,10.17151451,9.982069969,9.700022697,9.190646172
7/5/2023,4128.428571,0,3579.142857,0,9141.857143,0,12400.85714,0,249,0,214.5714286,0,957.5714286,0,8380,0,3137.142857,0,0,16.90102196,16.50310516,16.10767937,15.83837795,15.45703411,15.14801884,14.7775631,14.5398531,13.98316383,13.71770191,13.52618504,13.37060928,13.15600491,12.83460522
7/6/2023,5082.571429,0,3677.142857,0,8944.714286,0,12140.71429,0,246.8571429,0,206.7142857,0,1081.285714,0,8254.285714,0,3067.142857,0,0,17.9250412,17.32222176,16.95157814,16.6605854,16.40936661,16.08447266,15.71439075,15.48412132,15.1842804,14.97407913,14.74518013,14.44706249,14.1709156,13.91219616
7/7/2023,5894.428571,0,3773.428571,0,8846.571429,0,11945.57143,0,245.2857143,0,198.7142857,0,1202.857143,0,8170,0,3032.857143,0,0,18.60837555,18.13597488,17.75081635,17.46508217,17.23107719,16.89181519,16.61011314,16.22358894,16.02381516,15.71229649,15.43787384,15.1470623,14.76199818,14.3547821
7/8/2023,6492.142857,0,3869.857143,0,8804.571429,0,11712.71429,0,243.2857143,0,192.4285714,0,1288.571429,0,8121.428571,0,3017.142857,0,0,19.05651093,18.55740547,18.15727043,17.89507103,17.58144379,17.23951912,16.94682503,16.66103554,16.3971386,16.06915092,15.82306671,15.53265476,15.13789654,14.71938705
7/9/2023,6577.571429,0,3953.857143,0,8732.285714,0,11672.57143,0,241.1428571,0,184.2857143,0,1374.285714,0,8127.142857,0,3055.714286,0,0,19.10113335,18.70653915,18.26430511,17.93577957,17.7207737,17.39968491,17.11539459,16.84547615,16.5100708,16.18665886,15.90073395,15.59029675,15.18676662,14.78642368
7/10/2023,6675.428571,0,4045.857143,0,8605.714286,0,11739,0,240.2857143,0,176.8571429,0,1461.428571,0,8158.571429,0,3117.142857,0,0,19.15688705,18.74267006,18.29176521,17.98569298,17.7650795,17.49650574,17.16716194,16.86458778,16.54208946,16.23209763,15.98478508,15.73626709,15.34611416,14.95763016
7/11/2023,6675.571429,0,4161.285714,0,8463.142857,0,11809.85714,0,241.1428571,0,170.2857143,0,1545.714286,0,8184.285714,0,3132.857143,0,0,19.48594284,19.10243225,18.71242905,18.37581825,18.05959892,17.72724724,17.53862953,17.45552063,17.06294823,16.8198185,16.33652115,16.04939461,15.67959213,15.26573658
7/12/2023,6675,0,4196.428571,0,8307.714286,0,11940.42857,0,244.2857143,0,163.5714286,0,1624.285714,0,8245.714286,0,3145.714286,0,0,19.64906311,19.29846764,18.89384842,18.62515259,18.25713921,18.03551102,17.83255196,17.73410988,17.37718391,17.1024437,16.573946,16.15303993,15.75558662,15.37857914
7/13/2023,6673.857143,0,4194.285714,0,8103.428571,0,12210.28571,0,250.7142857,0,157.7142857,0,1658.571429,0,8367.142857,0,3204.285714,0,0,19.66522598,19.2820282,18.85155296,18.57679749,18.20058441,17.92171478,17.67567444,17.54372025,17.20990944,16.94780159,16.43130302,16.02187729,15.69709778,15.24111271
7/14/2023,6673.285714,0,4196.142857,0,7872.285714,0,12532.28571,0,256,0,152.1428571,0,1664.285714,0,8510,0,3267.142857,0,0,19.8250885,19.42550087,19.02965927,18.68185616,18.31611252,17.9931488,17.6531105,17.45367432,17.04463005,16.70649147,16.21784782,15.82618141,15.50191116,15.03501701
7/15/2023,6673.285714,0,4198.571429,0,7674.714286,0,12893.28571,0,255.8571429,0,146.1428571,0,1711.428571,0,8662.857143,0,3338.571429,0,0,19.82744026,19.4220295,18.98435974,18.63196754,18.25603867,17.89873886,17.56766129,17.35511398,16.97124672,16.69696236,16.23434258,15.87728024,15.62720776,15.27913475
7/16/2023,6673.857143,0,4166.142857,0,7528.142857,0,13253,0,254.4285714,0,140.7142857,0,1768.571429,0,8808.571429,0,3410,0,0,19.83951187,19.38451385,18.93368721,18.57958412,18.21760178,17.89661789,17.58589554,17.32059288,16.96286964,16.7087307,16.32004547,15.94358063,15.72242165,15.336339
7/17/2023,6673.714286,0,4135,0,7411.428571,0,13627.28571,0,253.8571429,0,135.1428571,0,1825.714286,0,8982.857143,0,3497.142857,0,0,19.80871582,19.48279762,18.99951172,18.63624763,18.23884392,17.87992096,17.62273979,17.37060738,17.04502296,16.75946236,16.38870621,16.02716255,15.71114445,15.33288574
7/18/2023,6673.714286,0,4140.714286,0,7316.142857,0,14033.14286,0,251.7142857,0,130.1428571,0,1884.285714,0,9191.428571,0,3638.571429,0,0,19.88580132,19.5420742,19.01367569,18.66804886,18.2832222,17.89281273,17.64271927,17.42065811,17.11211205,16.82862854,16.48646164,16.10375786,15.73822975,15.36147213
7/19/2023,6667.285714,0,4139.714286,0,7197.714286,0,14394.14286,0,247.1428571,0,125.4285714,0,1940,0,9354.285714,0,3780,0,0,19.97644997,19.66835976,19.20194435,18.85174561,18.46063995,18.0845089,17.77398682,17.53679466,17.18014908,16.88531876,16.51194572,16.12422943,15.76122189,15.40155602
7/20/2023,6574.714286,0,4139.142857,0,7028.142857,0,14589.14286,0,241.8571429,0,120.5714286,0,1948.571429,0,9447.142857,0,3857.142857,0,0,19.6792984,19.33948898,18.89904404,18.51915359,18.18501854,17.91210938,17.45182991,17.17789459,16.8421154,16.54013252,16.23145485,15.94421196,15.56141663,15.21198463
7/21/2023,6574.285714,0,4135.857143,0,6831.571429,0,14740.5,0.142857143,237.8571429,0,116.5714286,0,1925.714286,0,9525.714286,0,3904.285714,0,0,19.74664688,19.41275597,18.97037125,18.57957077,18.23494339,17.91928482,17.4566288,17.17730522,16.85674858,16.56789017,16.25451279,15.9816761,15.62512112,15.31478786
7/22/2023,6574,0,4133.571429,0,6601,0,14844.5,0.142857143,239.4285714,0,113,0,1837.142857,0,9591.428571,0,3931.428571,0,0,19.93221092,19.55110359,19.13314819,18.74463844,18.30372047,18.02585793,17.63599014,17.37809372,17.11102295,16.86010551,16.56433678,16.29844666,15.93034649,15.54980183
7/23/2023,6573.571429,0,4182.285714,0,6349.571429,0,14901.64286,0.142857143,242,0,109.8571429,0,1734.285714,0,9654.285714,0,3947.142857,0,0,20.13352585,19.78249359,19.403759,19.02309227,18.59198189,18.23703194,17.99397659,17.77591133,17.4430542,17.19953728,16.85456276,16.50742531,16.17562103,15.70307922
7/24/2023,6571.285714,0,4218,0,6097.714286,0,14955.07143,0.142857143,242.4285714,0,107.1428571,0,1628.571429,0,9722.857143,0,3971.428571,0,0,20.31563377,20.00621033,19.52311134,19.14954185,18.71341896,18.31857109,18.06161308,17.82778931,17.45666504,17.24760437,16.89663887,16.58607101,16.26141357,15.7918911
7/25/2023,6542,0,4214.285714,0,5857.142857,0,15005.64286,0.142857143,245,0,104.2428571,0,1521.428571,0,9812.857143,0,3987.142857,0,0,20.40612984,20.0064106,19.63400078,19.22673607,18.83836555,18.39209747,18.1232872,17.82803154,17.47348976,17.21000671,16.85912514,16.4874115,16.11458397,15.76801777
7/26/2023,6548.714286,0,4213.571429,0,5648.714286,0,15111.5,0.142857143,248,0,101.6714286,0,1418.571429,0,9940,0,3987.142857,0,0,20.62440109,20.18345833,19.59420967,19.31617355,18.91946793,18.49799728,18.12412453,17.89254951,17.51962471,17.20885086,16.8116703,16.45279884,16.05081367,15.71343231
7/27/2023,6641.714286,0,4215.142857,0,5471.714286,0,15331.07143,0.142857143,250,0,99.21428571,0,1358.571429,0,10100,0,4011.428571,0,0,20.46768761,20.08875847,19.51721764,19.26485825,18.88410759,18.4934082,18.1169014,17.8862133,17.51692772,17.20907974,16.67989349,16.26455307,15.84265041,15.56542301
7/28/2023,6642.142857,0,4216.571429,0,5280.571429,0,15601.14286,0,250.4285714,0,96.8,0,1305.714286,0,10271.42857,0,4061.428571,0,0,20.13204193,19.95069695,19.41337204,19.14351845,18.76612091,18.46326256,18.08408165,17.84255791,17.48211288,17.1840477,16.66318703,16.26569939,15.80854225,15.51879883
7/29/2023,6643.285714,0,4215.714286,0,5058.714286,0,15917.71429,0,247.2857143,0,95.04285714,0,1261.428571,0,10464.28571,0,4128.571429,0,0,20.64431763,20.30833435,19.87338829,19.45671272,19.02353477,18.67880821,18.31710052,18.11174583,17.69428635,17.34312248,16.98100471,16.65440178,16.30529404,15.92903233
7/30/2023,6642.571429,0,4178.428571,0,4826.857143,0,16323,0,244.5714286,0,93.42857143,0,1217.142857,0,10685.71429,0,4205.714286,0,0,20.73261261,20.48771667,20.08623123,19.64378548,19.2456646,18.86807632,18.49001884,18.27682114,17.82422447,17.36757851,17.01859665,16.67838669,16.28562164,15.8808918
7/31/2023,6644.857143,0,4084.285714,0,4592.142857,0,16736.57143,0,243.1428571,0,91.94285714,0,1170,0,10914.28571,0,4261.428571,0,0,20.97009468,20.54984474,20.10045624,19.63261414,19.28266335,18.94930458,18.58103561,18.27289772,17.91565895,17.55076599,17.13855362,16.8067131,16.39462662,16.0149498
8/1/2023,6675,0,4085.285714,0,4339.428571,0,17140.57143,0,243.4285714,0,91.01428571,0,1099.428571,0,11142.85714,0,4302.857143,0,0,21.02309608,20.60753632,20.10905457,19.64659119,19.24905777,18.99676704,18.69054031,18.40253067,18.00422668,17.62170601,17.23021126,16.91256332,16.51703072,16.10445023
8/2/2023,6676.285714,0,4088,0,4097.571429,0,17486.57143,0,243.2857143,0,90.44285714,0,1002.714286,0,11357.14286,0,4361.428571,0,0,20.85756493,20.52190399,20.00281906,19.50085449,19.07142067,18.7930336,18.4938736,18.15925217,17.73682022,17.44951439,17.02883148,16.7612896,16.42548943,15.94846821
8/3/2023,6675.857143,0,4090.428571,0,3894.142857,0,17737.71429,0,236.8571429,0,90.02857143,0,884.1428571,0,11542.85714,0,4415.714286,0,0,20.98133278,20.4938736,20.03982353,19.57330704,19.11698532,18.79146957,18.50388336,18.16034126,17.77626228,17.46591568,17.04779625,16.69942474,16.28757095,15.73741436
8/4/2023,6676.428571,0,4094.285714,0,3751.857143,0,17922.28571,0,228.1428571,0,89.71428571,0,784,0,11700,0,4452.857143,0,0,21.12701797,20.61666298,20.34758186,19.94639206,19.39975166,19.00488472,18.6399765,18.29865837,17.89018822,17.51429558,17.17173958,16.79243469,16.41892433,15.92075634
8/5/2023,6675,0,4092.857143,0,3682.857143,0,18009.42857,0,221.1428571,0,88.87142857,0,696.1428571,0,11785.71429,0,4467.142857,0,0,21.01698494,20.66011429,20.40793228,19.93353271,19.39251709,19.03104973,18.65592575,18.25822639,17.77682686,17.33551598,16.92948723,16.53658104,16.14302063,15.67872238
8/6/2023,6675.571429,0,4120.714286,0,3650.428571,0,17952,0,216,0,87.87142857,0,609.8571429,0,11800,0,4454.285714,0,0,20.89661026,20.58568764,20.33112526,19.85112762,19.30830002,18.93433762,18.55479622,18.15216637,17.66679382,17.22026443,16.82671928,16.43914032,16.05085564,15.57348156
8/7/2023,6648.571429,0,4208.142857,0,3626.857143,0,17817.57143,0,212.5714286,0,86.74285714,0,526.7142857,0,11757.14286,0,4391.428571,0,0,21.15001488,20.72213554,20.48127174,20.01217461,19.50531197,19.21307373,18.82399178,18.43888283,17.92816734,17.46237373,17.11099052,16.67314339,16.22887993,15.78689766
8/8/2023,6648.285714,0,4179.714286,0,3604.285714,0,17654.14286,0,207.5714286,0,85.54285714,0,475.1428571,0,11671.42857,0,4317.142857,0,0,21.15635681,20.77576256,20.53735161,20.05022812,19.54158401,19.20119095,18.81477737,18.41736221,17.91078568,17.46658897,17.10144806,16.71419144,16.29892159,15.89260197
8/9/2023,6647.285714,0,4175.857143,0,3536.714286,0,17523.57143,0,202.4285714,0,84.21428571,0,451,0,11557.14286,0,4274.285714,0,0,21.33088493,20.69451332,20.47555161,20.06601143,19.51975441,19.1957016,18.75461388,18.34362221,17.82266235,17.39777184,17.00819016,16.641325,16.24117088,15.82868385
8/10/2023,6648,0,4117.285714,0,3495.714286,0,17325.28571,0,200.7142857,0,82.78571429,0,455.4285714,0,11400,0,4208.571429,0,0,21.34370041,20.69283295,20.4789505,20.05621529,19.5137825,19.18371201,18.74360466,18.3351326,17.82705498,17.41129684,17.01441765,16.65052223,16.25366783,15.84653187
8/11/2023,6648.285714,0,4113.714286,0,3519,0,17115.28571,0,200.7142857,0,81.24285714,0,461.1428571,0,11228.57143,0,4144.285714,0,0,21.52924728,20.7947464,20.5055275,20.11580849,19.5843792,19.31159592,18.91769218,18.51063919,18.12319946,17.70381355,17.3109417,16.942379,16.53844833,16.09597397
8/12/2023,6409,0,4054.142857,0,3595,0,16961.14286,0,202.2857143,0,80.3,0,466.2857143,0,11085.71429,0,4091.428571,0,0,21.40745354,20.85315514,20.48990822,20.06059074,19.56775284,19.22112656,18.8756752,18.51056671,18.09794235,17.66662025,17.29514313,16.92392349,16.52204704,16.11671257
8/13/2023,6409.714286,0,4050.285714,0,3687.142857,0,16861.28571,0,204.2857143,0,79.67142857,0,471,0,10971.42857,0,4038.571429,0,0,21.37620926,20.80980301,20.50611687,20.06946564,19.58917046,19.26856041,18.87381172,18.5070858,18.11473656,17.70431328,17.31897926,16.91151428,16.54281616,16.11982918
8/14/2023,6436.285714,0,4042.142857,0,3802.428571,0,16775.57143,0,205.2857143,0,79.38571429,0,477,0,10885.71429,0,4025.714286,0,0,21.34962273,20.77995491,20.42986679,20.03427505,19.54383278,19.23029327,18.85457802,18.47867203,18.08189583,17.7189846,17.34237099,16.92946815,16.55586052,16.14842987
8/15/2023,6436.285714,0,4067.714286,0,3941.714286,0,16750.85714,0,206.7142857,0,79.04285714,0,474.7142857,0,10828.57143,0,4027.142857,0,0,21.2118454,20.67415428,20.22202873,19.80184364,19.45282555,19.15200806,18.8297348,18.48037148,18.06297302,17.6931591,17.30167389,16.89144897,16.46589279,16.03342438
8/16/2023,6436.857143,0,4066.428571,0,4119.714286,0,16673.57143,0,209.1428571,0,78.41428571,0,472,0,10771.42857,0,3984.285714,0,0,21.07194901,20.65603256,20.2024231,19.76690865,19.44014168,19.13958168,18.81198502,18.47247696,18.03746033,17.68212318,17.28536987,16.90558624,16.48407364,16.0644474
8/17/2023,6435.857143,0,4118.142857,0,4256.285714,0,16608.71429,0,211.7142857,0,77.92857143,0,470.1428571,0,10757.14286,0,3937.142857,0,0,21.09623528,20.71160316,20.27839279,19.83965874,19.51585007,19.20747566,18.86294174,18.52567101,18.11312103,17.74780083,17.34440804,16.98509598,16.54661369,16.13301849
8/18/2023,6434.571429,0,4117.714286,0,4310.142857,0,16578.71429,0,214,0,77.77142857,0,469.7142857,0,10757.14286,0,3910,0,0,21.09822655,20.70347595,20.27128029,19.85206604,19.52602768,19.22041512,18.85745239,18.50876236,18.10421371,17.74337959,17.37151146,17.01425552,16.57682037,16.12697411
8/19/2023,6674.142857,0,4172.142857,0,4290.714286,0,16520.57143,0,214.4285714,0,76.64285714,0,472.7142857,0,10757.14286,0,3895.714286,0,0,21.09477234,20.73268127,20.27442169,19.84855461,19.49742889,19.21275139,18.8568821,18.51775551,18.12098312,17.76922417,17.40820885,17.04288864,16.61744881,16.17846489
8/20/2023,6674.142857,0,4175,0,4245.714286,0,16444.28571,0,214.2857143,0,75.51428571,0,477.7142857,0,10728.57143,0,3888.571429,0,0,21.09230804,20.74033737,20.28207397,19.8326416,19.48374367,19.20035362,18.86291313,18.53224754,18.12747383,17.77418709,17.38164711,17.01536751,16.58782005,16.18508911
8/21/2023,6674.428571,0,4186.428571,0,4188.714286,0,16317.71429,0,213.8571429,0,74.52857143,0,486.4285714,0,10685.71429,0,3874.285714,0,0,20.99147034,20.6804142,20.23598671,19.80680656,19.46004486,19.22108078,18.87962532,18.54244041,18.12978363,17.75178528,17.37326431,16.94929314,16.49135017,16.07835388
8/22/2023,6657.285714,0,4186.571429,0,4119.714286,0,16231.42857,0,211.7142857,0,74.65714286,0,491.8571429,0,10642.85714,0,3885.714286,0,0,20.99177933,20.6833477,20.23791695,19.81473732,19.46725845,19.22829437,18.88692284,18.54435921,18.10523224,17.72521782,17.3502636,16.92370415,16.4665451,16.05478096
8/23/2023,6655,0,4188.714286,0,4042.428571,0,16179.71429,0,208.7142857,0,75.35714286,0,494.2857143,0,10628.57143,0,3888.571429,0,0,20.98039818,20.68547821,20.23800087,19.80977631,19.46229362,19.22990608,18.88404846,18.54456711,18.1135025,17.73233604,17.36418724,16.92518806,16.46645355,16.04637337
8/24/2023,6655.142857,0,4195.142857,0,3957.428571,0,16245,0,207.7142857,0,75.71428571,0,493,0,10628.57143,0,3915.714286,0,0,21.01791191,20.6315403,20.248806,19.8098011,19.43604469,19.15194511,18.78286362,18.42893791,18.0067482,17.60941887,17.24269485,16.79932785,16.33901787,15.93396664
8/25/2023,6655.142857,0,4196.714286,0,3879.714286,0,16538.42857,0,208,0,75.32857143,0,492.8571429,0,10742.85714,0,4037.142857,0,0,21.16214371,20.75678062,20.47569275,20.09017372,19.57540131,19.29624176,18.87617683,18.48392296,18.07650948,17.68608475,17.33390427,16.88785934,16.47949791,16.08503914
8/26/2023,6654.714286,0,4206.142857,0,3801,0,16914.42857,0,209.5714286,0,75.47142857,0,491.1428571,0,10914.28571,0,4188.571429,0,0,21.16214371,20.75678062,20.47569275,20.09017372,19.57540131,19.29624176,18.87617683,18.48392296,18.07650948,17.68608475,17.33390427,16.88785934,16.47949791,16.08503914
8/27/2023,6654.142857,0,4191.428571,0,3716.285714,0,17308.14286,0,209.4285714,0,75.34285714,0,488.2857143,0,11114.28571,0,4331.428571,0,0,21.30589104,20.87841034,20.50626564,20.09387016,19.60583878,19.37157249,19.0046463,18.61027145,18.20101929,17.83000755,17.46970749,17.05382538,16.63673019,16.2183857
8/28/2023,6654.428571,0,4162.714286,0,3618.285714,0,17741.28571,0,207.5714286,0,74.87142857,0,481.5714286,0,11328.57143,0,4457.142857,0,0,21.44016266,20.95443344,20.58722687,20.12368965,19.62545204,19.34051895,18.99389839,18.63294029,18.22183228,17.76873589,17.43104553,17.0533123,16.66142464,16.29046059
8/29/2023,6670.857143,0,4107.142857,0,3518.571429,0,18067.71429,0,206.2857143,0,73.28571429,0,478.7142857,0,11528.57143,0,4545.714286,0,0,21.69658089,21.0363102,20.74483109,20.29427528,19.75074577,19.4258728,19.02462959,18.65892792,18.2604351,17.81511497,17.44479179,17.08348274,16.66649437,16.27091789
8/30/2023,6672.857143,0,4109.285714,0,3430.285714,0,18366.14286,0,205,0,71.38571429,0,479.2857143,0,11714.28571,0,4617.142857,0,0,21.56314659,20.98020363,20.7297039,20.35193634,19.82341766,19.42634392,18.99684143,18.57603645,18.18079376,17.74936867,17.358078,17.00426865,16.58621407,16.11083221
8/31/2023,6505.571429,0,4110.285714,0,3340.571429,0,18569.42857,0,203.2857143,0,69.64285714,0,482.7142857,0,11871.42857,0,4641.428571,0,0,21.22551918,20.84346771,20.60833168,20.17097664,19.68412018,19.20900917,18.81137276,18.39167213,17.87291527,17.44942093,17.04502296,16.6786232,16.25370026,15.81169415
9/1/2023,6336.857143,0,4117.285714,0,3241,0,18600.28571,0,201.5714286,0,68.34285714,0,497.5714286,0,11942.85714,0,4594.285714,0,0,21.09207535,20.74807167,20.506464,20.05101967,19.58516502,19.17201996,18.79365349,18.35765648,17.89713669,17.43323326,17.0069809,16.61552429,16.19677353,15.73172474
9/2/2023,6026.142857,0,4124.714286,0,3154.428571,0,18686,0,199.8571429,0,67.47142857,0,514.8571429,0,11971.42857,0,4551.428571,0,0,20.66305161,20.41131783,20.17238808,19.70861816,19.39616203,19.01488495,18.67292786,18.15410805,17.69896889,17.30727768,16.9251194,16.47413063,16.11055946,15.61522579
9/3/2023,5714.571429,0,4157.142857,0,3062,0,18705.71429,0,198.7142857,0,72.54285714,0,531.7142857,0,11971.42857,0,4502.857143,0,0,20.88945389,20.37208748,20.07737923,19.7027092,19.32133675,18.9297142,18.54706955,18.08627892,17.6674633,17.2693119,16.92996407,16.49993324,16.12895775,15.63620949
9/4/2023,5402.571429,0,4195.714286,0,2975.142857,0,18725.57143,0,197.2857143,0,79.61428571,0,549.2857143,0,11942.85714,0,4500,0,0,20.81804848,20.33366585,20.0261879,19.66201591,19.26560593,18.92593956,18.51126289,18.09794426,17.69824982,17.29872322,16.91041946,16.47353745,16.05867958,15.58767223
9/5/2023,5091.285714,0,4259.428571,0,2855.285714,0,18760.57143,0,195.2857143,0,84.1,0,567.8571429,0,11814.28571,0,4688.571429,0,0,20.53063393,20.0876255,19.75834656,19.44694138,19.08613396,18.7128582,18.40354156,17.9811573,17.70188522,17.35658455,16.88006783,16.40259361,16.08056831,15.60468769
9/6/2023,4422.142857,0,4262.428571,0,2694.714286,0,18730.28571,0,193.5714286,0,87.68571429,0,594.5714286,0,11628.57143,0,5081.428571,0,0,20.0953064,19.66852951,19.32200432,18.94077492,18.57926369,18.16119385,17.80767059,17.49367905,17.18585587,16.77805138,16.3812027,16.05653954,15.75614357,15.41958237
9/7/2023,3921,0,4261.714286,0,2534.571429,0,18862.14286,0,191.4285714,0,91.2,0,656,0,11485.71429,0,5532.857143,0,0,19.73499107,19.33740234,18.96096611,18.57954025,18.20335388,17.86791229,17.48607063,17.1492424,16.76880264,16.43476868,16.08692169,15.7428484,15.30195427,14.81395626
9/8/2023,3421,0,4262.285714,0,2383.857143,0,18863.71429,0,187,0,93.45714286,0,709.5714286,0,11385.71429,0,5725.714286,0,0,19.67743683,19.26256943,18.84902,18.40011597,18.0883007,17.80223274,17.50642204,17.11534882,16.70804977,16.37993622,16.0824585,15.80415154,15.39555359,14.94691086
9/9/2023,3063.285714,0,4262,0,2239,0,18745.42857,0,181.1428571,0,95.12857143,0,727.7142857,0,11314.28571,0,5750,0,0,19.67723656,19.10655975,18.7640419,18.31598854,17.96712685,17.67924118,17.36767006,16.98098373,16.63272476,16.2523613,15.96108532,15.68473244,15.25575352,14.76694775
9/10/2023,2705.428571,0,4262,0,2155.428571,0,18719.28571,0,177.5714286,0,90.52857143,0,711.2857143,0,11257.14286,0,5795.714286,0,0,19.5150013,18.97262764,18.53516197,18.19348526,17.86353111,17.56765556,17.22993088,16.9333992,16.64545441,16.35475349,16.03041267,15.71727085,15.26021194,14.80136776
9/11/2023,2349,0,4264.714286,0,2098.285714,0,18672.71429,0,177.5714286,0,83.71428571,0,662,0,11128.57143,0,6005.714286,0,0,19.27904701,18.75780487,18.3423996,17.99323654,17.71055603,17.281353,16.97335243,16.63707542,16.28982353,15.96978855,15.68943501,15.41762543,14.95576859,14.54109001
9/12/2023,1991.428571,0,4269.857143,0,2045.857143,0,18665.85714,0,178.2857143,0,79.55714286,0,602,0,11057.14286,0,6164.285714,0,0,19.12507629,18.67621422,18.29017067,17.85411072,17.5763588,17.18568802,16.8924408,16.53147125,16.26178741,15.93575764,15.66949463,15.42078686,15.05774498,14.64966488
9/13/2023,1991.285714,0,4272.857143,0,2010.571429,0,18660.71429,0,176.5714286,0,76.51428571,0,530.8571429,0,11042.85714,0,6170,0,0,19.1946888,18.76423073,18.34427071,17.97482491,17.703228,17.4305954,17.1401825,16.77199554,16.51065254,16.22901154,15.96558189,15.619771,15.15594673,14.72559166
9/14/2023,1991.428571,0,4279.142857,0,1983.142857,0,18525,0,173.8571429,0,73.62857143,0,423.4285714,0,11014.28571,0,6147.142857,0,0,19.21691513,18.70321655,18.2223587,17.87894058,17.5686264,17.27818108,16.98406219,16.62115097,16.34378815,15.9514761,15.66931057,15.3370018,14.96904278,14.6180172
9/15/2023,2278.714286,0,4276.714286,0,1956.857143,0,18513,0,173.2857143,0,72.05714286,0,327.8571429,0,11042.85714,0,6144.285714,0,0,19.71013832,19.28600693,18.85177994,18.53160477,18.21333694,17.85572243,17.5744133,17.08850288,16.78609276,16.39639664,16.12169266,15.73278046,15.25761795,14.68104839
9/16/2023,2564.857143,0,4276.714286,0,1940.285714,0,18577.71429,0,174.4285714,0,70.77142857,0,304.8571429,0,11128.57143,0,6122.857143,0,0,19.98131943,19.58703423,19.21519852,18.75715446,18.46794701,18.00641823,17.70061684,17.33284569,16.90128708,16.55954361,16.20212364,15.88310719,15.40882778,14.87547684
9/17/2023,2850.571429,0,4276.428571,0,1913.571429,0,18590.28571,0.142857143,173.5714286,0,69.74285714,0,321.8571429,0,11228.57143,0,6131.428571,0,0,20.01878548,19.65878105,19.2619381,18.80791283,18.49128151,18.04722404,17.73056793,17.33614349,16.91259766,16.53164673,16.1480732,15.78938103,15.37805557,14.82857227
9/18/2023,3278.142857,0,4163,0,1879.714286,0,18608.57143,0.285714286,171.4285714,0,69.31428571,0,371,0,11314.28571,0,6150,0,0,20.1658268,19.75741005,19.41085434,19.11599731,18.77121925,18.39959526,18.11345291,17.62487411,17.17643547,16.7890358,16.49378586,16.29705238,15.95355797,15.45132637
9/19/2023,3706.857143,0,4048.857143,0,1845.142857,0,18616.71429,0.285714286,169.5714286,0,68.94285714,0,430,0,11357.14286,0,6197.142857,0,0,20.10437965,19.67048836,19.3007412,19.01696587,18.68406868,18.25748634,17.90950012,17.53193092,17.00123978,16.54112434,16.26250267,16.06266403,15.73587322,15.38393688
9/20/2023,4277.571429,0,3938.285714,0,1805.571429,0,18618,0.285714286,170.5714286,0,68.85714286,0,490.2857143,0,11357.14286,0,6210,0,0,20.13384056,19.66431618,19.32314873,19.08256531,18.73410797,18.35949135,18.05561829,17.59421921,17.17785835,16.73986435,16.4146862,16.17770958,15.76864338,15.36097336
9/21/2023,4849,0,3826.571429,0,1767.142857,0,18622.57143,0.285714286,174.1428571,0,68.87142857,0,552.1428571,0,11342.85714,0,6205.714286,0,0,20.43398285,20.16066742,19.84074974,19.49743271,19.22290611,18.80572128,18.49135399,18.12482262,17.76811218,17.33185959,16.9297142,16.65147209,16.33358955,15.79370022
9/22/2023,5134.571429,0,3716,0,1737.857143,0,18643.14286,0.285714286,176.1428571,0,68.77142857,0,600.4285714,0,11328.57143,0,6220,0,0,20.6763382,20.40855408,20.08245659,19.6229744,19.36111832,19.02412605,18.70052528,18.32608223,17.91642761,17.50862122,17.109869,16.73988152,16.32034874,15.87627125
9/23/2023,5421.285714,0,3601.571429,0,1708.714286,0,18575.42857,0.285714286,176,0,70.04285714,0,649.7142857,0,11257.14286,0,6260,0,0,20.76929283,20.50725555,20.14361,19.77222252,19.47014618,19.09824562,18.77398872,18.43454742,18.06951523,17.61512375,17.17586708,16.75572014,16.25498581,15.77307987
9/24/2023,5707.571429,0,3486.142857,0,1686.857143,0,18504.42857,0.142857143,177,0,71.04285714,0,724.5714286,0,11157.14286,0,6274.285714,0,0,21.04615593,20.66856384,20.37064552,20.02329445,19.64477539,19.34089851,19.00238419,18.63522339,18.25894737,17.81314087,17.3857975,16.96253777,16.50458717,15.99271297
9/25/2023,5850.571429,0,3484.714286,0,1671.428571,0,18424.42857,0,179,0,71.5,0,805.1428571,0,11071.42857,0,6284.285714,0,0,21.07294083,20.70929909,20.40061188,20.03370857,19.67509842,19.37592125,19.05298042,18.70384979,18.31264114,17.95670319,17.48858643,17.09005928,16.61153603,16.16035461
9/26/2023,6093.285714,0,3481.714286,0,1670,0,18284.42857,0,179.2857143,0,71.67142857,0,885.1428571,0,11000,0,6225.714286,0,0,21.26475143,20.92139626,20.64771652,20.32971382,19.97706795,19.69908333,19.3497963,18.96507835,18.60135651,18.17333031,17.71385384,17.22225571,16.72224808,16.20174217
9/27/2023,6191.428571,0,3476.571429,0,1672.714286,0,18150.14286,0,176.7142857,0,71.62857143,0,945.5714286,0,10942.85714,0,6152.857143,0,0,21.38679123,21.08676338,20.81254196,20.48838806,20.12407684,19.79099464,19.42571449,19.05513382,18.68458366,18.20290184,17.70934105,17.16587067,16.62170982,16.05574226
9/28/2023,6337,0,3470.142857,0,1678.285714,0,17997.71429,0,171.4285714,0,71.28571429,0,984.7142857,0,10885.71429,0,6072.857143,0,0,21.13504982,20.84053612,20.542202,20.20578766,19.8502388,19.57401657,19.23150253,18.84967995,18.48523903,18.07983208,17.62594032,17.19058609,16.66647339,16.11655617
9/29/2023,6504.285714,0,3467,0,1673,0,17754.71429,0,166.5714286,0,70.77142857,0,997.8571429,0,10800,0,5972.857143,0,0,21.25024414,20.90841675,20.60886192,20.27050781,19.93486404,19.60506821,19.27424622,18.88502884,18.50830841,18.11648941,17.65983582,17.17650986,16.67593193,16.12983513
9/30/2023,6671.428571,0,3464.571429,0,1663.285714,0,17565.28571,0,162.7142857,0,69.01428571,0,945,0,10742.85714,0,5855.714286,0,0,21.55770874,21.24568939,21.00980377,20.69362068,20.34651184,19.99480438,19.64004707,19.2263298,18.79380798,18.34296989,17.85043144,17.27044678,16.74440002,16.20438004
10/1/2023,6768.285714,0,3462.142857,0,1651.571429,0,17376.42857,0,156.7142857,0,68.37142857,0,827.8571429,0,10671.42857,0,5722.857143,0,0,21.89222145,21.14603996,20.86735153,20.62756348,20.32782936,19.96954727,19.62462807,19.26525497,18.87620926,18.50335503,18.0273571,17.58764839,17.12294579,16.58201981
10/2/2023,6865.285714,0,3459.857143,0,1645.285714,0,17157,0,157.5714286,0,69.7,0,700.5714286,0,10571.42857,0,5560,0,0,21.63485336,20.94286537,20.68648338,20.43425179,20.12459564,19.70576477,19.36343575,19.01391411,18.64069176,18.23316574,17.76699066,17.29075623,16.73740196,16.18889999
10/3/2023,6765.428571,0,3459.571429,0,1637.857143,0,16976.14286,0,161.7142857,0,70.61428571,0,571.5714286,0,10472.85714,0,5467.142857,0,0,21.68473244,21.10497475,20.86776543,20.5824337,20.30016899,19.905159,19.55848312,19.19934845,18.80307579,18.41996765,17.99522591,17.52717972,17.039505,16.5443325
10/4/2023,6525.714286,0,3441.857143,0,1614.142857,0,16766.57143,0,165,0,70.92857143,0,470,0,10350,0,5388.571429,0,0,21.22441483,20.8293705,20.49573898,20.16570091,19.81796646,19.47476196,19.14508247,18.79118729,18.42981148,18.04709816,17.58442116,17.11416054,16.60684776,16.13573265
10/5/2023,6236.714286,0,3405,0,1595.857143,0,16482,0,166,0,71.28571429,0,459,0,10185.71429,0,5287.142857,0,0,21.12140465,20.77143669,20.41850471,20.06945419,19.71549797,19.41826439,19.07162285,18.72745132,18.37848091,17.95883942,17.5217514,17.08946419,16.55217361,16.07544327
10/6/2023,5639.428571,0,3481.142857,0,1635.428571,0,16142.14286,0,163.4285714,0,71.58571429,0,535.4285714,0,9941.428571,0,5201.428571,0,0,20.78922653,20.56776237,20.24305534,19.81391144,19.44225693,19.12133789,18.81919289,18.48442078,18.12316322,17.70850372,17.27216339,16.8621521,16.41257668,15.93085384
10/7/2023,4970.857143,0,3598.571429,0,1771.142857,0,15652.42857,0,156.7142857,0,71.57142857,0,612.2857143,0,9600,0,5131.428571,0,0,20.70069885,20.43803406,20.12701797,19.72796249,19.46950531,19.18232918,18.85791397,18.50188255,18.15623283,17.73880959,17.31375122,16.91122437,16.48098373,16.02904892
10/8/2023,4374.142857,0,3717,0,1919.857143,0,15053.28571,0,148.8571429,0,70.98571429,0,687.8571429,0,9210,0,5010,0,0,20.15260124,19.75382042,19.35292435,19.01652908,18.70460701,18.33024406,17.99349213,17.65388298,17.29629707,16.91056442,16.57229233,16.22054863,15.87590599,15.4376049
10/9/2023,3705,0,3840.714286,0,2048.285714,0,14430.57143,0,131.2857143,0,68.35714286,0,730.1428571,0,8831.428571,0,4848.571429,0,0,19.79038048,19.40442085,19.09416389,18.64090347,18.32008171,17.8656044,17.56540871,17.18724632,16.88965988,16.54377556,16.21965027,15.92736053,15.56914711,15.22539711
10/10/2023,2891.714286,0,3841,0,2108.714286,0,13831.57143,0,112.2857143,0,66.95714286,0,741.4285714,0,8495.714286,0,4610,0,0,19.39965439,18.91780281,18.50696754,18.20804024,17.90295219,17.53459167,17.23701859,16.8849144,16.53975296,16.22253799,15.91582203,15.59113884,15.15595627,14.75260353
10/11/2023,2220.571429,0,3862.571429,0,2130,0,13357.28571,0,96,0,66.22857143,0,750.1428571,0,8230,0,4407.142857,0,0,18.86685562,18.36624146,17.98536873,17.62380981,17.36306953,17.02832222,16.75055313,16.44178391,16.13905525,15.81198311,15.53893661,15.18980026,14.85631371,14.44121647
10/12/2023,1622.142857,0,3784.714286,0,2127.285714,0,12947.57143,0,82.28571429,0,66.3,0,758.8571429,0,7995.714286,0,4225.714286,0,0,18.02053833,17.6821022,17.32488441,16.97854805,16.76364708,16.37150764,16.10268974,15.83614731,15.48312092,15.15471363,14.83254242,14.50938797,14.22489929,13.93980694
10/13/2023,1309.285714,0,3591.142857,0,2127.428571,0,12585.71429,0,74.42857143,0,66.61428571,0,764.5714286,0,7802.857143,0,4088.571429,0,0,17.85973549,17.55811882,17.17020226,16.83982277,16.57255173,16.21048164,15.88541031,15.57726002,15.2729826,14.92807961,14.61562824,14.34145737,14.03827572,13.74327469
10/14/2023,1067.571429,0,3356.571429,0,2178.571429,0,12288.14286,0,73.28571429,0,66.84285714,0,768.8571429,0,7660,0,3978.571429,0,0,17.39577484,17.04310799,16.55828476,16.31138802,15.93427181,15.56858349,15.34213638,15.09088039,14.7046175,14.29113197,14.05997658,13.57149887,13.14792061,12.75031948
10/15/2023,825.2857143,0,3038.285714,0,2248.857143,0,12014.14286,0,75.14285714,0,66.9,0,772.8571429,0,7548.571429,0,3902.857143,0,0,15.36873722,14.62449551,14.212183,13.88042831,13.37891674,13.00879288,12.65728474,12.24441242,11.90643311,11.52527905,11.16370773,10.7206459,10.29696465,9.884954453
10/16/2023,654.5714286,0,2798.571429,0,2276.571429,0,11753.28571,0,80,0,66.78571429,0,776.8571429,0,7448.571429,0,3771.428571,0,0,14.00294876,13.27074718,12.81545734,12.44141197,12.08191967,11.79112339,11.54689121,11.32643414,10.99254322,10.70058823,10.41769981,10.08005238,9.844434738,9.508984566
10/17/2023,725.4285714,0,2681,0,2295.714286,0,11511.85714,0,85.14285714,0,66.12857143,0,780.4285714,0,7328.571429,0,3641.428571,0,0,13.98828411,13.25592613,12.77284336,12.34683228,11.98875141,11.76307297,11.51917171,11.29024315,10.98256397,10.69207859,10.34974289,10.01668453,9.709618568,9.373925209
10/18/2023,796.5714286,0,2441.571429,0,2314,0,11211.28571,0,90.42857143,0,65.52857143,0,784.7142857,0,7178.571429,0,3491.428571,0,0,13.58579826,12.88526249,12.4139328,12.15438271,11.835783,11.54671097,11.20394039,11.02010536,10.65335751,10.25940228,9.990546227,9.638883591,9.391551971,8.957014084
10/19/2023,795.4285714,0,2194.428571,0,2321.571429,0,10905.85714,0,95.42857143,0,64.28571429,0,787.4285714,0,7020,0,3341.428571,0,0,13.29989243,12.62103748,12.27595329,12.04066086,11.81924915,11.48066521,11.10744286,10.87621593,10.46212482,10.10339355,9.845476151,9.558351517,9.309026718,8.959037781
10/20/2023,794.8571429,0,1948.428571,0,2302.714286,0,10577.42857,0,97.85714286,0,63.2,0,787.4285714,0,6825.714286,0,3235.714286,0,0,12.59801006,12.39735126,11.97341251,11.700634,11.48234653,11.23329735,10.87036228,10.60326767,10.19830036,9.860216141,9.586496353,9.194637299,8.848535538,8.432608604
10/21/2023,794.2857143,0,1702.428571,0,2191.285714,0,10347.14286,0,97.57142857,0,62.25714286,0,787.4285714,0,6664.285714,0,3202.857143,0,0,12.22279453,12.02364826,11.65636444,11.27941895,10.99428558,10.76580524,10.41912079,10.14282513,9.912957191,9.612812042,9.248394966,8.755559921,8.293221474,7.872668743
10/22/2023,794.5714286,0,1540.428571,0,2093.571429,0,10257.28571,0,97.42857143,0,62.4,0,788.4285714,0,6570,0,3217.142857,0,0,12.13351536,11.73669815,11.40783882,11.05029869,10.81380272,10.71474075,10.35972023,10.14062786,9.795386314,9.276932716,8.923578262,8.542401314,8.006891251,7.435242176
10/23/2023,681.1428571,0,1294.142857,0,2085.857143,0,10276.57143,0,97.28571429,0,68.45714286,0,788.7142857,0,6528.571429,0,3272.857143,0,0,11.57225609,11.04837418,10.57320309,10.08290577,9.467167854,9.161529541,8.767202377,8.312260628,7.793552399,7.205251694,6.617451668,5.995876312,5.340159893,4.661120415
10/24/2023,567.7142857,0,1048.428571,0,2150.571429,0,10323.42857,0,97.28571429,0,72.87142857,0,789.7142857,0,6518.571429,0,3282.857143,0,0,10.77245903,10.38995934,9.942492485,9.54873085,9.053893089,8.375935555,7.885135651,7.399713516,7.368627071,6.774220467,6.482928276,5.617776871,4.881605625,4.202732086
10/25/2023,497,0,921.1428571,0,2204,0,10321.28571,0,97.42857143,0,74.58571429,0,789.8571429,0,6531.428571,0,3298.571429,0,0,10.22056198,9.893471718,9.432564735,9.065440178,8.593341827,8.285951614,7.818233013,7.301393509,7.318870068,6.640659809,6.363191128,5.490107536,4.798370838,4.171851635
10/26/2023,425.4285714,0,920.5714286,0,2259.571429,0,10424.14286,0,97.71428571,0,75.75714286,0,791.1428571,0,6600,0,3378.571429,0,0,8.618379593,8.042196274,7.61985302,7.283792019,7.176407337,6.722690105,6.257445335,6.488738537,5.96928215,5.173289299,4.969823837,4.684583187,4.2608428,3.724907398
10/27/2023,353.2857143,0,919.2857143,0,2333.714286,0,10566.85714,0,98.14285714,0,77.11428571,0,795.4285714,0,6720,0,3455.714286,0,0,8.599842072,7.882418156,7.450880051,7.125900745,7.044632912,6.611495018,6.105370998,6.337626934,5.790150166,4.950970173,4.725194931,4.336491108,3.904187441,3.471439362
10/28/2023,281.2857143,0,918,0,2453.428571,0,10679.42857,0,98.42857143,0,78.48571429,0,798.2857143,0,6817.142857,0,3477.142857,0,0,8.888372421,8.252205849,7.975939274,7.674125671,7.532978535,7.206064224,6.861929893,6.964720249,6.333831787,5.496353626,5.396929741,4.962306976,4.427566528,4.030464649
10/29/2023,208.4285714,0,917,0,2567.428571,0,10711.14286,0,99.57142857,0,79.02857143,0,798.5714286,0,6864.285714,0,3461.428571,0,0,8.765265465,7.889938354,7.562900066,7.262562752,7.211046219,6.962939262,6.629184723,6.656984806,5.981502533,5.227472305,5.169753075,4.786569595,4.346032619,3.941943645
10/30/2023,249.7142857,0,916,0,2643.285714,0,10691.71429,0,99.85714286,0,73.92857143,0,800,0,6892.857143,0,3401.428571,0,0,8.865878105,8.088281631,7.754807472,7.417076111,7.349317074,7.052861214,6.734920979,6.753799915,6.040309906,5.319684505,5.267335415,4.720925331,4.244791031,3.948492289
10/31/2023,291.4285714,0,915.5714286,0,2676.285714,0,10599.14286,0,100.8571429,0,70.41428571,0,801.7142857,0,6880,0,3375.714286,0,0,8.674233437,7.88302803,7.478046417,7.087250233,7.027977467,6.62262392,6.159890175,6.2977314,5.655274868,4.961369038,4.721803665,4.290935993,3.966364622,3.587540627
11/1/2023,1104.142857,0,1086.142857,0,2740.428571,0,10523.85714,0,101.7142857,0,69.21428571,0,803.4285714,0,6838.571429,0,3334.285714,0,0,8.536885262,8.060746193,8.145763397,8.029639244,8.061655045,7.966893673,7.534683228,8.014559746,8.040891647,7.689424992,7.786221027,7.39838028,7.041276455,6.555845261
11/2/2023,1632.857143,0,1344.714286,0,2794.571429,0,10366.85714,0,102.8571429,0,68.58571429,0,792,0,6745.714286,0,3244.285714,0,0,12.23388672,11.86270714,11.77434444,11.40731812,11.0533514,10.68388176,10.37602234,10.21028996,9.927724838,9.622532845,9.390040398,9.124428749,8.728159904,8.235157013
11/3/2023,2161.142857,0,1603,0,2780.428571,0,10213.71429,0,103.7142857,0,67.94285714,0,767.7142857,0,6617.142857,0,3187.142857,0,0,15.20607281,14.52747154,14.20717621,13.65982437,13.17197323,12.84629345,12.53368378,12.0802927,11.76760387,11.42704868,11.06719208,10.63803673,10.1512537,9.599489212
11/4/2023,2689.571429,0,1859.857143,0,2645.857143,0,9984.714286,0,104.4285714,0,67.82857143,0,735.1428571,0,6451.428571,0,3111.428571,0,0,16.84992218,16.51725006,16.19728851,16.00512505,15.64195061,15.21431065,15.069911,14.56977749,14.27309895,13.83812523,13.54445744,13.19505119,12.88239574,12.44677544
11/5/2023,3150,0,2133.142857,0,2444.142857,0,9730.142857,0,104.4285714,0,67.6,0,691.1428571,0,6288.571429,0,3017.142857,0,0,18.06172371,17.72657585,17.28443146,16.90632629,16.59439278,16.25418854,15.94492054,15.63588715,15.35644245,15.03046131,14.69635582,14.36613369,14.03418922,13.76270866
11/6/2023,3536.571429,0,2389.714286,0,2230.285714,0,9434,0,104.8571429,0,69.14285714,0,643.8571429,0,6178.571429,0,2855.714286,0,0,18.70734978,18.34708405,17.87181664,17.55404854,17.20283318,16.87815666,16.61733055,16.34614372,16.0118103,15.62065697,15.44861221,15.06997395,14.66758156,14.32107067
11/7/2023,3851.571429,0,2642.428571,0,2059.285714,0,9170,0,105.1428571,0,73.72857143,0,621.7142857,0,6134.285714,0,2642.857143,0,0,19.22300911,18.73869705,18.34564209,17.99371719,17.68237686,17.34137726,17.04584503,16.70137024,16.45195007,16.1212368,15.80424023,15.4850626,15.08599186,14.67171478
11/8/2023,3281,0,2729.285714,0,1922.571429,0,8926.142857,0,105.1428571,0,80.25714286,0,593,0,6034.285714,0,2502.857143,0,0,18.51623535,18.1582489,17.70272446,17.28212357,16.99733353,16.63337708,16.32341385,16.0251503,15.7922554,15.49681568,15.25225639,14.92050552,14.60910416,14.21812916
11/9/2023,3137.428571,0,2601.428571,0,1818.428571,0,8645.428571,0,104,0,83.65714286,0,508,0,5905.714286,0,2401.428571,0,0,18.80093002,18.35038567,18.03734398,17.68633652,17.38723183,17.05632019,16.72914696,16.46965981,16.09563255,15.75841904,15.37965202,15.04639816,14.66255093,14.28750515
11/10/2023,2823.571429,0,2602.428571,0,1741.714286,0,8454.857143,0,103.5714286,0,85.22857143,0,374.4285714,0,5784.285714,0,2264.285714,0,0,18.70114136,18.27646828,17.92398834,17.62123299,17.28385544,16.94166946,16.55601501,16.26336861,15.88076115,15.50437355,15.25610161,14.90594769,14.60164165,14.25384998
11/11/2023,2482,0,2605.428571,0,1679.571429,0,8309.142857,0,103.2857143,0,85.91428571,0,276.2857143,0,5687.142857,0,2148.571429,0,0,18.39024925,18.01040649,17.63887405,17.32697105,17.00876236,16.75247574,16.43999863,16.1538887,15.85878563,15.5291214,15.23502827,14.92652512,14.57454395,14.24689293
11/12/2023,2178.142857,0,2592.714286,0,1626.571429,0,8197.571429,0,102.7142857,0,86.41428571,0,225.8571429,0,5594.285714,0,2052.857143,0,0,17.9917717,17.62967873,17.35024261,17.00790405,16.70962143,16.3479557,16.02949333,15.71964264,15.4136076,15.09166622,14.80787373,14.45109177,14.13831902,13.79820538
11/13/2023,1949.285714,0,2598,0,1587.571429,0,8139.571429,0,102.1428571,0,85.18571429,0,215.4285714,0,5460,0,2032.857143,0,0,18.17931938,17.78605461,17.38897133,17.03188515,16.7014637,16.35949707,16.02175331,15.69336319,15.3762455,15.05399036,14.74762726,14.3645134,14.03265667,13.60707855
11/14/2023,1819.571429,0,2558.571429,0,1561.142857,0,8092.142857,0,101.7142857,0,80.81428571,0,213,0,5295.714286,0,2062.857143,0,0,18.20405197,17.77192688,17.39837646,17.03406525,16.77802467,16.38856888,16.04439926,15.74563217,15.42994785,15.05621433,14.66808319,14.29947758,13.91414547,13.53712368
11/15/2023,1761.857143,0,2515.142857,0,1541.571429,0,8097.285714,0,101.2857143,0,74.54285714,0,214,0,5200,0,2042.857143,0,0,17.97984314,17.54323006,17.19126129,16.82747459,16.58731651,16.11317253,15.7331543,15.46763897,15.17757416,14.6758337,14.33785534,14.05786133,13.68547249,13.33573055
11/16/2023,1548.857143,0,2496.714286,0,1528.857143,0,8150,0,101,0,72.47142857,0,213.5714286,0,5141.428571,0,1997.142857,0,0,17.52457237,17.00182152,16.56622696,16.09297943,15.75699997,15.26628208,14.93884277,14.64637756,14.32374382,13.89871407,13.58255959,13.14810276,12.8174181,12.30990887
11/17/2023,1505.857143,0,2376.857143,0,1513.428571,0,8104.571429,0,98.14285714,0,76.55714286,0,213.8571429,0,5084.285714,0,1998.571429,0,0,17.11003685,16.53613472,16.1558094,15.74390125,15.28359795,14.69109249,14.29277325,13.95219326,13.49171448,13.06189537,12.7642765,12.3959341,12.0582552,11.36816978
11/18/2023,1490.571429,0,2252.571429,0,1497.571429,0,8015,0,95,0,81.98571429,0,217,0,5097.142857,0,2041.428571,0,0,16.83468056,16.21535301,15.81473064,15.51036644,15.11435413,14.73415661,14.171381,13.78285027,13.29156685,12.6844902,12.18423176,11.64792156,10.96175957,10.25303173
11/19/2023,1506.571429,0,2124.571429,0,1488.714286,0,8190.857143,0,97.71428571,0,89.97142857,0,217,0,5232.857143,0,2191.428571,0,0,16.53988838,16.01923561,15.50829792,15.02315426,14.5696125,14.18628216,13.82376957,13.48920059,12.94529438,12.4683342,11.86155605,11.5923748,10.9271431,10.13871956
11/20/2023,1521.142857,0,1993.142857,0,1480,0,8290,0,117.7142857,0,111.1857143,0,218.2857143,0,5355.714286,0,2304.285714,0,0,16.43212891,16.00785637,15.46260262,14.94795799,14.42635822,14.09562016,13.76396561,13.46491528,13.06220245,12.6617775,12.15685654,11.66052723,11.02330685,10.66231537
11/21/2023,1836.714286,0,1909,0,1465.714286,0,8430.857143,0,146.1428571,0,121.3428571,0,220.4285714,0,5468.571429,0,2382.857143,0,0,17.48233032,16.97818375,16.59321213,16.39352608,16.00552177,15.44275951,14.93093872,14.62279224,14.17127991,13.81838417,13.3903513,12.99511433,12.52519417,11.83946037
11/22/2023,2037.428571,0,1824.142857,0,1452.428571,0,8538.428571,0.142857143,174.5714286,0,127.0428571,0,220.4285714,0,5650,0,2345.714286,0,0,17.51555443,17.0276432,16.62786293,16.29266739,15.89249325,15.38773251,14.92532253,14.5292263,14.18521786,13.83190823,13.48296261,12.93815708,12.57114983,11.724576
11/23/2023,2252,0,1842.142857,0,1438.571429,0,8617.285714,0.142857143,225.2857143,0,130.1142857,0,221.7142857,0,5865.714286,0,2240,0,0,17.25252533,16.99006081,16.5031147,16.25868416,15.74110126,15.47151661,15.10778809,14.86081028,14.62201595,14.35410023,13.93800926,13.53416824,13.28912163,12.8523016
11/24/2023,2466.285714,0,1833.714286,0,1421.142857,0,8721.285714,0.142857143,311.2857143,0,127.9142857,0,222.7142857,0,6048.571429,0,2211.428571,0,0,17.77697945,17.42183304,17.04838943,16.63832664,16.3280201,15.92012882,15.60846424,15.36370564,15.09071827,14.7812252,14.5276804,14.16785717,13.97334099,13.50695896
11/25/2023,2609.285714,0,1828.571429,0,1403,0,8904.857143,0.142857143,394.5714286,0,124.4857143,0,219.2857143,0,6148.571429,0,2208.571429,0,0,17.75628662,17.49978065,17.21367645,16.77218246,16.38438416,16.03218842,15.69319725,15.40574074,15.03694725,14.71687889,14.41109467,14.1021843,13.81987,13.38365078
11/26/2023,2751.285714,0,1826.571429,0,1381.142857,0,8814.142857,0.142857143,437.5714286,0,118.3714286,0,219.8571429,0,6118.571429,0,2100,0,0,17.86606026,17.53712845,17.16332054,16.76418114,16.36946487,15.98958778,15.60289764,15.30084038,14.95287609,14.65019226,14.37824059,14.06079197,13.75809669,13.4311533
11/27/2023,2894.857143,0,1827.142857,0,1363,0,8779.571429,0.142857143,441.1428571,0,99,0,220.8571429,0,6082.857143,0,2031.428571,0,0,17.90926361,17.58725739,17.24831009,16.8975296,16.48577118,16.14534187,15.80450249,15.49802589,15.14898872,14.91171646,14.60221958,14.29778862,13.97480106,13.6072607
11/28/2023,2779.571429,0,1828.428571,0,1349.285714,0,8672.142857,0.142857143,419.5714286,0,90.71428571,0,222.2857143,0,6041.428571,0,1995.714286,0,0,17.73574448,17.46785164,17.15763855,16.79032898,16.37237549,16.05026436,15.70274258,15.38662529,15.04377079,14.72708225,14.38817501,14.09732914,13.75547409,13.43157196
11/29/2023,2780,0,1829.857143,0,1336.142857,0,8593.142857,0,391.4285714,0,86.77142857,0,222.7142857,0,5927.142857,0,2075.714286,0,0,18.05606079,17.68860626,17.38442612,17.02770996,16.65410423,16.27397919,15.93484402,15.63777065,15.27610588,14.96289253,14.65020943,14.32591152,13.94977283,13.61225796
11/30/2023,2807.714286,0,1830.428571,0,1319.857143,0,8560.571429,0,341.8571429,0,84.37142857,0,225.2857143,0,5792.857143,0,2254.285714,0,0,18.04929161,17.69619942,17.37127113,17.00931168,16.6852417,16.3336792,16.03494835,15.72243309,15.39031219,15.12110233,14.79925823,14.4211216,14.13613129,13.82324886
12/1/2023,2665.714286,0,1830.571429,0,1305.428571,0,8645.142857,0,261.8571429,0,82.72857143,0,227.1428571,0,5704.285714,0,2460,0,0,18.09601402,17.76693344,17.42009544,17.01077843,16.71086311,16.35467339,16.01742172,15.66397381,15.379282,15.01211929,14.65302181,14.28527355,13.92052269,13.52749062
12/2/2023,2594.428571,0,1830.285714,0,1293.714286,0,8752,0,189.2857143,0,82.05714286,0,231,0,5625.714286,0,2665.714286,0,0,18.2936573,17.87819481,17.54542351,17.14757538,16.87247849,16.50655556,16.14255905,15.8238802,15.48758888,15.07823753,14.70044613,14.28429127,13.93516636,13.56691933
12/3/2023,2523.714286,0,1829.142857,0,1282.285714,0,8876.285714,0,150.8571429,0,82.05714286,0,233.7142857,0,5567.142857,0,2867.142857,0,0,18.07406998,17.61640549,17.30745697,17.01013565,16.66572952,16.38413048,16.02545738,15.72334003,15.44666386,15.06789589,14.75313377,14.38174152,14.06911373,13.71741104
12/4/2023,2451.857143,0,1827,0,1272.857143,0,9028,0,135.2857143,0,83.3,0,236.4285714,0,5591.428571,0,3008.571429,0,0,17.65572357,17.20275879,16.71895981,16.38953972,16.08041954,15.72677898,15.27567196,14.99852371,14.75105381,14.2889595,14.00564957,13.81924152,13.56094265,13.41371918
12/5/2023,2237.571429,0,1824.428571,0,1272,0,9236.428571,0,135.4285714,0,84.34285714,0,237.8571429,0,5668.571429,0,3091.428571,0,0,17.18528938,16.77454567,16.21186256,15.9663372,15.52335358,15.27874184,14.73076725,14.39798832,14.13231945,13.81793308,13.3994236,13.20693111,12.88435936,12.69985199
12/6/2023,2166,0,1944.428571,0,1275.857143,0,9456.8,0.142857143,142.5714286,0,85.24285714,0,241.5714286,0,5772.857143,0,3167.142857,0,0,17.41189766,17.03219986,16.52414322,16.25844574,15.80807114,15.57078934,15.06922054,14.74731827,14.47747898,14.20906734,13.73662281,13.43619537,13.10613728,12.84601498
12/7/2023,2137.714286,0,2064.571429,0,1281.714286,0,9671.114286,0.285714286,149.2857143,0,88.24285714,0,243.4285714,0,5941.428571,0,3288.571429,0,0,17.97433472,17.55574226,17.12346649,16.82894707,16.46589661,16.23903084,15.84096432,15.56327057,15.29351425,14.92469597,14.39871597,14.00820827,13.64870453,13.45319366
12/8/2023,2137.142857,0,2289,0,1286.714286,0,9784.514286,0.428571429,153.2857143,0,96.08571429,0,246.2857143,0,6072.857143,0,3384.285714,0,0,18.38064957,17.9081459,17.57266235,17.18842125,16.92807961,16.56571388,16.18676567,15.85234928,15.53188038,15.11033058,14.74329567,14.37751198,14.04240513,13.62856388
12/9/2023,2209.428571,0,2513.714286,0,1288.285714,0,9880.714286,0.571428571,152.8571429,0,99.32857143,0,251.8571429,0,6165.714286,0,3451.428571,0,0,18.5296669,18.11648941,17.75663948,17.3660965,17.00945854,16.66878891,16.33948135,15.97943592,15.69235802,15.38234234,15.05663967,14.73451424,14.41279316,13.96011734
12/10/2023,2280,0,2739,0,1287.857143,0,9996.714286,0.571428571,152.8571429,0,100.5857143,0,258.4285714,0,6252.857143,0,3497.142857,0,0,18.53901672,18.12045097,17.86688805,17.51595116,17.12538147,16.74820137,16.44773674,16.07036972,15.80052948,15.4619875,15.15159225,14.87936497,14.51474571,14.01935863
12/11/2023,2350.571429,0,2965.571429,0,1283.142857,0,10056.85714,0.571428571,152.5714286,0,100.2142857,0,263.4285714,0,6301.428571,0,3504.285714,0,0,18.70569229,18.25840569,17.95200539,17.58229065,17.24009895,16.82591438,16.50307274,16.11064339,15.83971405,15.46902943,15.24121857,14.97647762,14.73410797,14.32589722
12/12/2023,2422,0,3194.571429,0,1269.714286,0,10060,0.571428571,152.4285714,0,99.94285714,0,268.8571429,0,6337.142857,0,3512.857143,0,0,19.30667496,18.83948898,18.46070099,18.0399704,17.70319176,17.32593918,17.03495407,16.71338081,16.37294769,16.05188942,15.85159779,15.49341202,15.1622448,14.74275875
12/13/2023,2350,0,3301,0,1251.285714,0,10100.77143,0.428571429,152.1428571,0,99.78571429,0,273.8571429,0,6385.714286,0,3547.142857,0,0,19.55073929,19.16744423,18.74965096,18.34321404,18.01079941,17.63109779,17.33404732,17.01531792,16.63991165,16.31114006,16.0160408,15.65442181,15.31147671,14.81902504
12/14/2023,2207.714286,0,3406.857143,0,1233.714286,0,10132.74286,0.285714286,152,0,97.3,0,277.5714286,0,6374.285714,0,3534.285714,0,0,19.46943092,19.0521965,18.68908882,18.27522469,17.96386528,17.61574173,17.31544876,16.99147034,16.61317635,16.28624535,15.98459053,15.63671684,15.27615166,14.79681969
12/15/2023,2208.428571,0,3380.714286,0,1220.857143,0,10120.2,0.142857143,151.8571429,0,89.62857143,0,280,0,6338.571429,0,3495.714286,0,0,19.39884758,18.99374771,18.63401604,18.21961784,17.9508152,17.60400009,17.29988098,16.97611046,16.60469246,16.28639603,15.98859596,15.64581299,15.27374077,14.80113792
12/16/2023,2179.857143,0,3384.857143,0,1214.428571,0,10122.71429,0,151.7142857,0,86,0,279.1428571,0,6340,0,3487.142857,0,0,19.33657265,18.93858337,18.57395554,18.20151711,17.92927742,17.57385063,17.26273155,16.91631699,16.54749489,16.2251606,15.90112686,15.56329155,15.22056675,14.78307056
12/17/2023,2151.857143,0,3387.142857,0,1212.857143,0,10176.14286,0,151.7142857,0,84.08571429,0,278.1428571,0,6384.285714,0,3537.142857,0,0,19.27836037,18.79062462,18.46453857,18.05608749,17.77878761,17.41443062,17.07949066,16.78439903,16.44360733,16.11483383,15.76797962,15.42938995,15.13005447,14.66995907
12/18/2023,2122.714286,0,3386.571429,0,1220.142857,0,10358.57143,0,151.5714286,0,83.27142857,0,280.4285714,0,6497.142857,0,3638.571429,0,0,19.27963066,18.78751183,18.44202995,18.03490639,17.77460098,17.43019867,17.09165764,16.78738785,16.38824272,16.02479362,15.7582159,15.354105,15.06167603,14.65092659
12/19/2023,2265.857143,0,3385.857143,0,1239.857143,0,10800,0,151.4285714,0,90.5,0,281.7142857,0,6722.857143,0,3820,0,0,19.49773598,19.12542534,18.7009201,18.29523468,17.97182274,17.63387871,17.32896805,17.0026207,16.62088013,16.27107239,15.99050426,15.63819408,15.29037857,14.83878708
12/20/2023,2480,0,3385,0,1266.571429,0,11427.28571,0,151.2857143,0,143.7,0,283.1428571,0,7072.857143,0,4115.714286,0,0,19.38534737,19.00197983,18.6090374,18.21689606,17.9256897,17.56548309,17.2620163,16.94013023,16.55003738,16.11867142,15.740942,15.34976196,14.97822571,14.64936256
12/21/2023,2765,0,3383.428571,0,1304.285714,0,12426.42857,0,154.4285714,0,178.1857143,0,284.5714286,0,7588.571429,0,4554.285714,0,0,19.48834229,19.0472126,18.54808426,18.15946198,17.86108398,17.54478264,17.15619278,16.88134766,16.5701313,16.20728874,15.92501545,15.61403847,15.22442341,14.72910309
12/22/2023,3049.857143,0,3410.857143,0,1338.571429,0,13794.14286,0,161.4285714,0,198.8571429,0,285.4285714,0,8288.571429,0,5141.428571,0,0,19.30135345,18.86461258,18.44277573,18.0745697,17.7789917,17.4723568,17.14107895,16.75119591,16.46887398,16.20412064,15.90393925,15.58846855,15.21517563,14.724576
12/23/2023,3292.714286,0,3408.714286,0,1363.571429,0,15214.28571,0,168.8571429,0,213.9142857,0,287,0,9042.857143,0,5784.285714,0,0,19.33788109,18.87435722,18.47447968,18.15802574,17.83421707,17.44946671,17.08002853,16.7916832,16.4275074,16.03780556,15.68876839,15.32045937,15.00807762,14.6145277
12/24/2023,3534.857143,0,3320.428571,0,1383.142857,0,16397.42857,0,175.7142857,0,225.6857143,0,287.2857143,0,9697.142857,0,6331.428571,0,0,19.44119835,19.1182785,18.74934578,18.36375809,18.06331444,17.77581787,17.38973618,17.07750511,16.67626381,16.35644722,16.00747299,15.74563885,15.33210087,14.84164333
12/25/2023,3779,0,3218,0,1393.142857,0,17268.85714,0,182.7142857,0,235,0,285,0,10188.57143,0,6751.428571,0,0,19.64552498,19.24361992,18.82522392,18.47459602,18.12813759,17.91716194,17.50921059,17.23122406,16.86878395,16.57022667,16.16350937,15.85182762,15.40993309,14.92364407
12/26/2023,4136.857143,0,3112.571429,0,1390.571429,0,17701.71429,0,190.2857143,0,235.2857143,0,284.1428571,0,10442.85714,0,6981.428571,0,0,19.77042389,19.43000221,19.11720276,18.77084351,18.43287468,18.22076035,17.91789818,17.54180336,17.23423195,16.87016106,16.48619652,16.17412949,15.77518368,15.288867
12/27/2023,4423.142857,0,3006.428571,0,1380.428571,0,17719.42857,0,197.4285714,0,189.1428571,0,283.7142857,0,10464.28571,0,6997.142857,0,0,19.74646378,19.4198761,19.11436081,18.73756409,18.39479446,18.11668968,17.70062256,17.41653824,17.0794239,16.62705421,16.2386322,15.83631706,15.56783295,15.17322254
12/28/2023,4638,0,2905.857143,0,1361.428571,0,17399.28571,0,201.7142857,0,161.4285714,0,283.4285714,0,10307.14286,0,6870,0,0,20.10396194,19.79317856,19.46035385,19.13665581,18.80342674,18.54064369,18.1951046,17.86297989,17.46955299,17.12676048,16.72989273,16.35997963,15.99277306,15.54988575
12/29/2023,4852.285714,0,2799.714286,0,1344.428571,0,16702.85714,0,202.1428571,0,147.1428571,0,285.2857143,0,9984.285714,0,6601.428571,0,0,19.84176064,19.57727814,19.28176308,18.90908241,18.62634659,18.20092773,17.88364601,17.51696968,17.11530685,16.80788612,16.43221474,16.16978264,15.83267021,15.4060297
12/30/2023,5066.142857,0,2820,0,1344,0,16257,0,202.1428571,0,138.8571429,0,291.2857143,0,9755.714286,0,6417.142857,0,0,19.99259949,19.71612167,19.41498756,19.06905365,18.71006012,18.30783463,18.00273514,17.65403938,17.28445244,16.96204185,16.61018944,16.27589607,15.95452785,15.49403095
12/31/2023,5281.285714,0,2927.571429,0,1351.714286,0,16317.42857,0,202.3571429,0.142857143,135.5714286,0,292.4285714,0,9798.571429,0,6475.714286,0,0,20.12279701,19.82195473,19.54577827,19.19154549,18.85931206,18.48145103,18.17510223,17.83851624,17.44555664,17.0956192,16.68478203,16.35549164,16.00633812,15.60082626
1/1/2024,5037.571429,0,3051.285714,0,1355.857143,0,17128.28571,0,202.2142857,0.142857143,133.2857143,0,293.1428571,0,10184.28571,0,6834.285714,0,0,20.01815033,19.74347305,19.44859695,19.09573174,18.78383255,18.37854385,18.05482864,17.68361473,17.3405838,17.00867271,16.65934372,16.31102562,15.98098564,15.56872845
1/2/2024,4580.428571,0,3175.428571,0,1361.142857,0,18228.57143,0,202.2142857,0.142857143,130.8571429,0,293.8571429,0,10805.71429,0,7361.428571,0,0,20.27733231,20.00419617,19.65394592,19.29890633,18.98406792,18.63552475,18.30485916,17.97798729,17.54840851,17.18982697,16.80287933,16.37854767,16.03845787,15.54205799
1/3/2024,4094.857143,0,3300.857143,0,1375.142857,0,19309.64286,0.142857143,201.9285714,0.142857143,140.4285714,0,295.2857143,0,11434.28571,0,7908.571429,0,0,19.99831009,19.71447945,19.38843727,19.06163216,18.73250198,18.45050812,18.12260818,17.82409668,17.49530411,17.17605019,16.80142212,16.45205307,16.10686111,15.64342594
1/4/2024,3608.714286,0,3419.714286,0,1388.571429,0,20154.64286,0.142857143,198.3571429,0.142857143,155.7142857,0,295.7142857,0,11948.57143,0,8357.142857,0,0,19.87973785,19.55450439,19.14951897,18.83621788,18.4764061,18.18133354,17.77825165,17.4443512,17.06582832,16.76561546,16.37914276,16.02204704,15.69232655,15.19616127
1/5/2024,3137.285714,0,3539.428571,0,1397.285714,0,21065.21429,0.142857143,191.3571429,0.142857143,162.2857143,0,294.7142857,0,12414.28571,0,8775.714286,0,0,19.63668251,19.17405891,18.75836182,18.48555946,18.0531311,17.77386856,17.44155312,17.16821861,16.83671379,16.5519371,16.1764679,15.82716465,15.48697472,15.06177235
1/6/2024,2694.285714,0,3528.142857,0,1395,0,21671.35714,0.142857143,184.0714286,0.142857143,165.5714286,0,289.7142857,0,12714.28571,0,9044.285714,0,0,19.3216629,18.78486443,18.3484726,18.0319519,17.67832947,17.47221756,17.15564537,16.82279015,16.54040337,16.25390244,15.90857792,15.58069324,15.2526741,14.78088284
1/7/2024,2251,0,3518.857143,0,1421.571429,0,21740.42857,0.285714286,177,0,167.8571429,0,289.7142857,0,12742.85714,0,9081.428571,0,0,18.77815056,18.24200249,17.8586483,17.51496887,17.15630531,16.819767,16.51938438,16.20790482,15.86188316,15.60537815,15.2142868,14.9784193,14.63361454,14.26191807
1/8/2024,2265.142857,0,3509.285714,0,1483.714286,0,21061.85714,0.285714286,170.1428571,0,168.5714286,0,289.2857143,0,12428.57143,0,8820,0,0,18.98861694,18.5275631,18.09878159,17.77961349,17.48958778,17.22835922,16.87260246,16.6307869,16.27177238,15.93457508,15.59766769,15.27121353,14.8974638,14.4867382
1/9/2024,2322.142857,0,3498.714286,0,1553.285714,0,20148.71429,0.285714286,162.8571429,0,169.2857143,0,286.7142857,0,11928.57143,0,8410,0,0,19.15900421,18.70740128,18.28700256,17.96749496,17.67452049,17.40334511,17.06018066,16.81424522,16.45096016,16.0529213,15.73878765,15.41202641,15.02984142,14.62909031
1/10/2024,2407.714286,0,3488,0,1621.285714,0,19332.07143,0.142857143,156,0,160.1428571,0,283.5714286,0,11442.85714,0,8007.142857,0,0,19.17423248,18.68148804,18.25743675,17.93454361,17.58481979,17.30261421,16.9738369,16.68007088,16.33667755,15.97673321,15.69713593,15.30395222,14.96538734,14.50608158
1/11/2024,2480,0,3478.857143,0,1687,0,18759.92857,0.142857143,152.1428571,0,164.4285714,0,283,0,11085.71429,0,7707.142857,0,0,19.09135628,18.65196609,18.24176216,17.86910057,17.56927681,17.19951248,16.83848953,16.61040688,16.31732941,15.9968214,15.73418617,15.28796196,14.89836025,14.43240547
1/12/2024,2537.428571,0,3476.142857,0,1756,0,18111.5,0.142857143,151.7142857,0,174.2857143,0,281.2857143,0,10757.14286,0,7418.571429,0,0,19.2663269,18.8522625,18.4581604,18.07949257,17.77456474,17.37487984,17.00517654,16.76855659,16.50094604,16.13467216,15.87935448,15.48866081,15.10258007,14.61593914
1/13/2024,2565.571429,0,3487.142857,0,1824.285714,0,17406.35714,0.142857143,151.5714286,0,179,0,281.5714286,0,10422.85714,0,7115.714286,0,0,19.31731796,18.85728645,18.45604324,18.10700798,17.78972626,17.44959068,17.07429886,16.81273651,16.51358223,16.1874752,15.88369751,15.52325439,15.1590538,14.6635313
1/14/2024,2479.571429,0,3497.142857,0,1860.714286,0,16980,0,151.2857143,0,221.4285714,0,280.7142857,0,10177.14286,0,6897.142857,0,0,19.04085732,18.6043911,18.20943642,17.76055145,17.48733711,17.10734367,16.81035995,16.56985855,16.19985771,15.84056568,15.55428123,15.21824169,14.87908745,14.5099802
1/15/2024,2394.428571,0,3506.857143,0,1872.857143,0,16941.14286,0,151,0,270.4285714,0,280.8571429,0,10191.42857,0,6901.428571,0,0,18.83659935,18.42550468,17.95436287,17.55739975,17.27128983,16.93987465,16.67010689,16.4437561,16.10081863,15.75549221,15.46618176,15.10004711,14.6829195,14.32344151
1/16/2024,2265.571429,0,3517.571429,0,1877.571429,0,17902.85714,0,150.4285714,0,300.1428571,0,282.8571429,0,10634.28571,0,7268.571429,0,0,18.57749367,18.08026886,17.71939468,17.38761139,17.10385895,16.78397179,16.52118683,16.23898315,15.90699005,15.56943607,15.2725296,14.95608807,14.63239002,14.2729187
1/17/2024,2137,0,3526.571429,0,1882.714286,0,19162.28571,0,150.8571429,0,339.5714286,0,283.7142857,0,11291.42857,0,7807.142857,0,0,18.1560173,17.78469276,17.45378304,17.06930923,16.73501015,16.47219086,16.17442894,15.84960365,15.55634499,15.22906876,14.94807148,14.62169266,14.27372074,13.94024372
1/18/2024,2022.714286,0,3537.857143,0,1892.571429,0,20102.42857,0,150.7142857,0,377.2857143,0,283.1428571,0,11862.85714,0,8254.285714,0,0,18.40717888,17.93096352,17.64966774,17.29648018,16.98312187,16.65756607,16.34040833,16.03925514,15.74148941,15.4635582,15.1002903,14.79713726,14.43117142,14.05661106
1/19/2024,1922.857143,0,3547.571429,0,1894.142857,0,21260.42857,0,150.4285714,0,405,0,284.4285714,0,12448.57143,0,8737.142857,0,0,18.25533676,17.86115265,17.54588509,17.18230629,16.88839149,16.57183075,16.26445198,15.93988514,15.62320042,15.30415344,14.98830509,14.64688873,14.31903744,14.01359558
1/20/2024,1809.142857,0,3551.714286,0,1895.428571,0,22558.57143,0,150.4285714,0,444.1428571,0,285,0,13125.71429,0,9301.428571,0,0,18.08353424,17.72006226,17.3806839,17.02733803,16.74341202,16.40799522,16.10919189,15.78962135,15.48287678,15.18340683,14.86053371,14.53607464,14.22487259,13.91728973
1/21/2024,1809.571429,0,3556.714286,0,1910.142857,0,23802.42857,0,150.8571429,0,505.5714286,0,287,0,13828.57143,0,9892.857143,0,0,18.13714981,17.73509979,17.42448807,17.08299255,16.80399704,16.44022369,16.14905357,15.81578255,15.49976158,15.1822176,14.89455032,14.57878304,14.26311779,13.92886639
1/22/2024,1823.857143,0,3563.714286,0,1980.714286,0,25398.28571,0,151,0,616.8571429,0,296,0,14671.42857,0,10572.85714,0,0,17.97724342,17.61605453,17.33044052,17.02339554,16.72298431,16.38275528,16.11452866,15.78425884,15.51751518,15.27555847,14.94283199,14.57528973,14.24274254,14.00962543
1/23/2024,1609.285714,0,3570.142857,0,2198.285714,0,27471.28571,0,151.4285714,0,754.5714286,0,297,0,15757.14286,0,11414.28571,0,0,18.10446739,17.71863556,17.31802559,16.98463058,16.57599068,16.21287727,15.97941494,15.69967079,15.43604183,15.17465782,14.87570953,14.60631752,14.27771854,13.95404053
1/24/2024,1419.857143,0,3446,0,2517.285714,0,29903.57143,0,150.8571429,0,833.4285714,0,298.8571429,0,17085.71429,0,12414.28571,0,0,17.40787506,16.94139862,16.45363617,16.08871078,15.61672497,15.24156857,14.9387598,14.65619373,14.53493309,14.28732681,13.97493267,13.85811901,13.57188702,13.10094452
1/25/2024,1318.428571,0,3320.142857,0,2784,0,32851.14286,0,151,0,888,0,299.1428571,0,18614.28571,0,13600,0,0,16.68654823,16.14826393,15.65454006,15.21097469,14.85943127,14.72677612,14.45125675,14.19658566,13.96298885,13.79029846,13.25004864,12.93455029,12.60323143,12.34292126
1/26/2024,1231.714286,0,3191.857143,0,3013.857143,0,35783.28571,0,151,0,939.7142857,0,299.1428571,0,20200,0,14814.28571,0,0,16.56780434,15.89705372,15.50397205,15.04558945,14.63947201,14.3501749,14.06531334,13.81594563,13.40933514,13.05664349,12.5834465,12.29877949,11.74923897,11.24729538
1/27/2024,1130.428571,0,3058.857143,0,3234.285714,0,38536.85714,0,151.1428571,0,971.1428571,0,294.7142857,0,21685.71429,0,15942.85714,0,0,15.91629505,15.25091839,14.74847507,14.45785141,14.1115551,13.62070084,13.20001888,12.93334198,12.48554516,12.09676743,11.64398861,11.27608109,11.00768566,10.42892742
1/28/2024,1030.571429,0,2924.857143,0,3452.714286,0,41007.85714,0,150.8571429,0,936.4285714,0,290.8571429,0,22971.42857,0,16914.28571,0,0,14.80672073,14.24379158,13.76181793,13.41274071,13.05174732,12.79154205,12.10490417,11.84539986,11.53912449,11.26879501,10.86245632,10.42246532,10.2022562,9.645979881
1/29/2024,1044.714286,0,2671.857143,0,3594.714286,0,42313.28571,0,147.8571429,0,847.1428571,0,280.5714286,0,23657.14286,0,17457.14286,0,0,13.81968307,13.20677567,12.59706688,12.2266264,11.9293232,11.75978184,11.34851074,11.16120052,10.9915781,10.56225491,10.22655201,9.845550537,9.522069931,9.000460625
1/30/2024,1287.857143,0,2420.571429,0,3577.285714,0,41823.92857,0.142857143,140.5714286,0,748.1428571,0,277.2857143,0,23428.57143,0,17328.57143,0,0,14.0104599,13.40878105,12.83757401,12.45659542,12.18952751,11.98164558,11.53389645,11.26508236,11.09630489,10.51745033,10.21802998,9.958910942,9.627182961,9.207622528
1/31/2024,1377.285714,0,2434.571429,0,3448.428571,0,40329.64286,0.142857143,133.5714286,0,692.4285714,0,275.7142857,0,22642.85714,0,16800,0,0,14.47177887,13.85000896,13.32944775,12.91777802,12.55929947,12.22786903,11.71955299,11.56016445,11.31367207,10.7605238,10.43916607,10.06523991,9.715147972,9.40051651
2/1/2024,1378,0,2442.571429,0,3416.714286,0,39029.5,0.142857143,126.4285714,0,686.2857143,0,281.5714286,0,21914.28571,0,16300,0,0,14.29806328,13.70126438,13.16060448,12.70807076,12.36896229,12.29625511,11.73659992,11.58670616,11.3419857,10.89700127,10.57936954,10.18647194,9.921674728,9.670069695
2/2/2024,1342.142857,0,2453.428571,0,3492.285714,0,38453.64286,0.142857143,119.2857143,0,812.4285714,0,297.5714286,0,21571.42857,0,16071.42857,0,0,14.24173164,13.74051571,13.20864391,12.76084805,12.43528461,12.08182526,11.58748913,11.5177784,11.2848959,10.73488808,10.33775425,9.857989311,9.573543549,9.180264473
2/3/2024,1300.571429,0,2543.857143,0,3611.285714,0,38778.35714,0.142857143,112.2857143,0,921.2857143,0,315.2857143,0,21685.71429,0,16142.85714,0,0,13.93587971,13.37880325,12.76284313,12.34510517,12.03237343,11.97249413,11.48320484,11.36455727,11.2308321,10.86146164,10.43218994,10.06414318,9.766796112,9.3369627
2/4/2024,1258,0,2665,0,3807.714286,0,40076.64286,0.142857143,105.1428571,0,1001.285714,0,368.2857143,0,22342.85714,0,16571.42857,0,0,14.49877167,13.81083012,13.40927792,12.94944096,12.65657234,12.31997395,11.7040081,11.38181686,10.99677086,10.70140171,10.44498253,10.05356312,9.628235817,8.956710815
2/5/2024,1115.857143,0,2901.714286,0,4184.142857,0,42838.07143,0.142857143,101,0,1172,0,385.1428571,0,23728.57143,0,17514.28571,0,0.142857143,12.70370197,12.30823517,11.99536896,11.63904476,11.31856346,11.02795029,10.69897079,10.58655167,10.45343781,10.14188957,9.732919693,9.421079636,9.013933182,8.474665642
2/6/2024,1501,0,3155.571429,0,4709.285714,0,46672.85714,0,100.5714286,0,1368.142857,0,395.7142857,0,25728.57143,0,18871.42857,0,0.285714286,14.96339798,14.39710522,14.05594444,13.63258743,13.84861946,13.48329544,13.03504848,12.56478882,12.16066933,11.72305775,11.25274467,10.75828362,10.41586399,9.960138321
2/7/2024,1872,0,3276.857143,0,5225.571429,0,51061.57143,0,100.5714286,0,1544.428571,0,403.7142857,0,28000,0,20400,0,0.428571429,15.3595953,14.95180702,14.35729885,13.97551537,13.36870956,13.14649582,12.76491261,12.51426315,12.2779932,11.9642458,11.37740517,10.73030663,10.23695278,9.566398621
2/8/2024,2186.571429,0,3473.428571,0,5736.857143,0,55077.85714,0,100.8571429,0,1667.142857,0,405.5714286,0,30128.57143,0,21814.28571,0,0.571428571,16.31957054,15.76598454,15.35763645,15.05237579,14.98123074,14.69023323,14.31991863,13.84874344,13.3221817,13.06727219,12.79040527,12.49206638,12.04079247,11.54232407
2/9/2024,2494.714286,0,3687.714286,0,6305.142857,0,58161.57143,0,101.1428571,0,1615.714286,0,395,0,31757.14286,0,22885.71429,0,0.714285714,15.89952087,15.38351917,14.96700573,14.63243198,14.42594051,14.32224751,14.089077,13.5676384,13.45352459,13.22876549,12.9939146,12.80909061,12.30695534,11.64629269
2/10/2024,2908.857143,0,3840.285714,0,6801.857143,0,60196.28571,0,100.5714286,0,1570,0,385.1428571,0,32857.14286,0,23614.28571,0,0.857142857,16.91595078,16.44705391,15.99856567,15.59320164,15.25656223,15.10889149,14.75087738,14.49789715,14.45840549,14.17917347,13.99361324,13.62835217,13.12735367,12.54928875
2/11/2024,3322.571429,0,3952.857143,0,7164.428571,0,61352.71429,0,100.2857143,0,1537.142857,0,338.4285714,0,33500,0,24000,0,1,17.47732735,16.95936584,16.63166237,16.34060669,15.99164677,15.77670002,15.39567089,15.22471428,15.00471401,14.80346966,14.55407715,14.25871277,13.84092236,13.59403801
2/12/2024,3622.571429,0,4058.428571,0,7357.571429,0,61351.57143,0,100.1428571,0,1398.571429,0,327.4285714,0,33557.14286,0,23942.85714,0,0.857142857,17.71337318,17.35406494,16.97931671,16.73561287,16.32449341,16.01937485,15.75584316,15.54952431,15.30216599,15.06585026,14.81908703,14.53940773,14.25383282,13.89374638
2/13/2024,3394.142857,0,4150,0,7370.714286,0,60201,0,100.8571429,0,1227.428571,0,323.2857143,0,33071.42857,0,23542.85714,0,0.714285714,17.55558395,17.24396706,16.84436798,16.60991478,16.25768852,15.96752167,15.51129246,15.30441952,15.10970211,14.88917255,14.74211025,14.48240662,14.21759605,13.8942709
2/14/2024,3279.428571,0,4239.142857,0,7342.428571,0,58481.71429,0,100.8571429,0,1072.142857,0,361.4285714,0,32257.14286,0,22957.14286,0,0.571428571,17.83895302,17.38915825,17.05442238,16.8978157,16.48743439,16.15663147,15.75046444,15.52556992,15.30590248,14.99500084,14.82697392,14.56535339,14.29425144,13.94872284
2/15/2024,3207.285714,0,4255.571429,0,7213.857143,0,56595.71429,0,100.2857143,0,948,0,413.8571429,0,31314.28571,0,22285.71429,0,0.428571429,17.84069824,17.3333931,16.97799492,16.75283623,16.37941742,16.15237427,15.7330265,15.4699688,15.26131153,15.02861023,14.79048538,14.5240078,14.24081421,13.97940445
2/16/2024,3122.285714,0,4254.714286,0,6946.285714,0,54693.71429,0,100.1428571,0,878.2857143,0,469.1428571,0,30385.71429,0,21628.57143,0,0.285714286,17.58830452,17.05909348,16.73875618,16.41120529,16.05642891,15.81764126,15.41121101,15.16185951,14.96571922,14.76248169,14.50884438,14.23085117,13.94184875,13.68007755
2/17/2024,2807.285714,0,4238.142857,0,6748,0,53119.42857,0,100.5714286,0,826.5714286,0,527,0,29600,0,21071.42857,0,0.142857143,17.41685295,16.93630981,16.51605988,16.22359848,15.84543419,15.68433475,15.30366135,15.08948994,14.96813107,14.65869713,14.3943882,14.11163998,13.79947376,13.50627518
2/18/2024,2493.857143,0,4228.571429,0,6658.142857,0,52028,0,100.7142857,0,860.8571429,0,586.8571429,0,29057.14286,0,20714.28571,0,0,17.28703499,16.85546303,16.40670204,16.03629875,15.65958977,15.46228027,15.12972736,14.86490154,14.56226349,14.33090305,14.14391422,13.77244282,13.42300701,12.97492599
2/19/2024,2279.571429,0,4230.285714,0,6648,0,51956.42857,0,101.1428571,0,1218,0,652.8571429,0,28985.71429,0,20714.28571,0,0.142857143,16.82942963,16.46359634,15.97754002,15.66355324,15.38022137,15.16386414,14.84919453,14.7381115,14.44827652,14.26910686,14.12378979,13.79595184,13.2682848,12.77969074
2/20/2024,2150,0,4227.285714,0,6858.285714,0,53293.42857,0,106.5714286,0,1492,0,715.1428571,0,29571.42857,0,21128.57143,0,0.285714286,16.33047676,15.87207603,15.46363926,15.03182793,14.68697929,14.47536182,14.10978889,14.00111389,13.43814278,12.79179382,12.59270477,12.12177563,11.51998138,10.81100559
2/21/2024,2136,0,4226.142857,0,7316.142857,0,55623.28571,0,121.1428571,0,1765.857143,0,733.2857143,0,30642.85714,0,21842.85714,0,0.428571429,16.36826515,15.92657566,15.48716927,15.06148529,14.67648697,14.35756397,13.97131443,13.85349369,13.34318161,12.84982967,12.65914726,12.20650387,11.69478893,10.9002552
2/22/2024,2222.571429,0,4228.428571,0,7844.285714,0,58181.28571,0,135.7142857,0,1944.285714,0,736.7142857,0,31885.71429,0,22685.71429,0,0.571428571,15.42563152,15.18137741,14.70628643,14.26519966,13.97776031,13.65332317,13.15576363,12.95161629,12.54919529,12.31313896,12.00766373,11.61329937,11.26823807,10.66490936
2/23/2024,2335.857143,0,4229.857143,0,8359.428571,0,60794,0,150,0,2074,0,740.1428571,0,33185.71429,0,23571.42857,0,0.714285714,15.05032921,14.5777998,14.33506966,14.06797028,13.88186932,13.67496395,13.22042656,12.97931194,12.34874821,12.0210495,11.58185196,10.99877357,10.59864521,9.749605179
2/24/2024,2621.571429,0,4229.142857,0,8783.857143,0,63260.57143,0,164.2857143,0,2182.857143,0,739.1428571,0,34414.28571,0,24414.28571,0,0.857142857,13.69575691,13.5028553,13.22247601,12.91156578,12.56253529,12.35853767,12.19019318,11.76655102,11.68621826,11.43565845,10.77540016,10.2074852,9.838050842,9.331165314
2/25/2024,2893,0,4229.714286,0,9085.285714,0,65366.71429,0,178.8571429,0,2201.428571,0,737.2857143,0,35457.14286,0,25114.28571,0,1,13.91073608,13.41260719,13.02388763,12.59641838,12.26994228,12.07565975,11.7466116,11.46265507,11.10000801,10.92941475,10.64716148,10.28435612,9.746106148,9.081970215
2/26/2024,3106.857143,0,4230.285714,0,9239.428571,0,66758.42857,0,192.7142857,0,1895.714286,0,718.5714286,0,36157.14286,0,25557.14286,0,1,15.25930119,14.91650486,14.47953606,14.07384586,13.78807735,13.50729561,13.2925005,13.1948843,12.55884552,12.30745316,11.97036362,11.57565117,11.14622402,10.51424217
2/27/2024,3136.857143,0,4228.142857,0,9148.571429,0,67202.85714,0,201.5714286,0,1671.428571,0,714.1428571,0,36385.71429,0,25728.57143,0,1,15.59150219,15.13849545,14.73515892,14.32428169,14.01838398,13.83367348,13.5538969,13.44947529,12.82005882,12.6309433,12.291049,11.79454327,11.37544346,10.86444378
2/28/2024,3080.142857,0,4229.571429,0,8925.428571,0,67154.42857,0,201.4285714,0,1440,0,707.7142857,0,36357.14286,0,25728.57143,0,1,14.87126064,14.31721497,13.88374615,13.51152611,13.20343208,13.40045261,12.93815517,12.52191734,12.41324615,12.00952244,11.67822933,11.13658333,10.66452217,10.37192631
2/29/2024,2951.142857,0,4230,0,8638,0,66914,0,201.7142857,0,1275.285714,0,696.1428571,0,36242.85714,0,25657.14286,0,1,15.27035999,14.91252327,14.65695381,14.32848835,14.02003479,13.64409733,13.43056583,13.16147614,12.92422485,12.82578087,12.56617832,12.19679165,11.58907127,11.20066166
3/1/2024,2809,0,4229.428571,0,8342,0,66693.57143,0,200.8571429,0,1443.857143,0,676.5714286,0,36100,0,25557.14286,0,1,15.16909599,14.84052849,14.54645061,14.24813747,14.08501244,14.12743378,13.88703442,13.52939129,13.06409836,12.47630978,12.40144825,11.88004684,11.44487762,11.11969376
3/2/2024,2638.285714,0,4227.857143,0,8137.285714,0,66518.71429,0,201,0,2285.285714,0,680.2857143,0,36000,0,25500,0,1,15.68283558,15.2506094,15.02497387,14.65208244,14.34798527,14.16751766,13.95479107,13.48377419,13.20351315,12.87857151,12.53339863,12.08670425,11.52799702,10.87751198
3/3/2024,2479.714286,0,4227.571429,0,8104,0,66405.42857,0,200.8571429,0,2701,0,674.2857143,0,35900,0,25500,0,1,15.80060101,15.48165321,15.25081062,14.86607361,14.5584774,14.28962135,14.01132965,13.52241707,13.03519154,12.61672401,12.11193848,11.67989349,11.23248482,10.54101467
3/4/2024,2421.285714,0,4224,0,8299,0,66233.42857,0,211.1428571,0,3018.142857,0,681.5714286,0,35800,0,25457.14286,0,1,15.25030041,15.00026703,14.80121994,14.51009941,14.31258488,14.09907818,13.62906361,13.42551231,12.76977634,12.46286869,12.03159714,11.5567131,11.05950642,10.13886642
3/5/2024,2577.714286,0,4225.714286,0,8634.142857,0,65971.42857,0,225.4285714,0,3186.714286,0,702,0,35700,0,25357.14286,0,1,14.13804722,13.92811584,13.66209984,13.24820614,12.73040771,12.51292324,12.27269173,11.84929371,11.77830315,11.53501129,11.03790474,10.4621048,10.08012009,9.542565346
3/6/2024,2762.857143,0,4223,0,8925,0,65476.57143,0,239.5714286,0,3316.714286,0,754.7142857,0,35485.71429,0,25214.28571,0,1,14.40691471,13.87158585,13.45653057,13.04371834,12.57940865,12.33547401,11.86965847,11.45223045,11.35688591,11.04489517,10.81253242,10.41231441,9.931136131,9.412657738
3/7/2024,2934.285714,0,4222,0,9257.428571,0,64844.28571,0,253.7142857,0,3424.285714,0,820.8571429,0,35171.42857,0,25028.57143,0,1,14.55198574,14.03476048,13.65633774,13.24438667,13.05939388,12.9027853,12.50331306,12.24506378,11.82101727,11.60148525,11.41521549,10.88609028,10.37059498,9.557040215
3/8/2024,3119,0,4219,0,9577.571429,0,64073.71429,0,268.7142857,0,3230,0,885.8571429,0,34828.57143,0,24785.71429,0,1,14.87650013,14.45576477,14.09989548,13.90896606,13.59534359,13.33522797,12.96946144,12.85838985,12.27537918,11.87954521,11.50879192,10.83738136,10.30899525,9.567601204
3/9/2024,3275.571429,0,4216.285714,0,9731,0,63296.85714,0,282.7142857,0,2381.428571,0,936.5714286,0,34442.85714,0,24485.71429,0,1,15.27122307,14.79320812,14.49289417,14.30260181,13.99364281,13.6160965,13.28792095,13.15089607,12.78299522,12.33178043,12.04265118,11.52476215,11.06654167,10.36910725
3/10/2024,3358.857143,0,4188.428571,0,9584.714286,0,62415.85714,0,297.1428571,0,1977.142857,0,1000,0,34014.28571,0,24114.28571,0,0.857142857,15.63482952,15.10438347,14.75916386,14.45938873,14.17119503,13.99161625,13.696064,13.54320526,13.23107624,12.80495834,12.65560246,12.00743294,11.51254463,10.78677464
3/11/2024,3060.428571,0,4081.428571,0,9117.428571,0,61383.85714,0,301.2857143,0,1687.142857,0,1060.285714,0,33528.57143,0,23757.14286,0,0.714285714,14.03315067,13.5488472,13.12091827,12.76238823,12.65501118,12.5594635,12.24868965,12.02601433,11.65696812,11.51410484,11.2490406,10.77411842,10.3298893,9.573804855
3/12/2024,2689.857143,0,3867.428571,0,8493.857143,0,60238.71429,0,293.4285714,0,1577.142857,0,1097.142857,0,32971.42857,0,23400,0,0.571428571,13.8977623,13.54573631,13.17789364,12.92377949,12.57131004,12.25806713,11.83029747,11.51549816,11.04634094,10.78197002,10.31009007,9.706618309,9.453089714,8.862949371
3/13/2024,2376.285714,0,3526.714286,0,7785.857143,0,59087.28571,0,279.4285714,0,1538.571429,0,1102.857143,0,32371.42857,0,23028.57143,0,0.428571429,13.33423138,13.12669563,12.92766571,12.53876591,12.13982201,11.6232357,11.26372528,10.97496319,10.76445484,10.42469692,10.0580864,9.679556847,9.501843452,9.080159187
3/14/2024,2018.571429,0,3181.714286,0,7054,0,57951.42857,0,257.2857143,0,1524.285714,0,1101.428571,0,31771.42857,0,22642.85714,0,0.285714286,13.30198383,12.85526276,12.5622139,12.35452175,12.18030643,11.69709396,11.28311729,10.84046173,10.46403122,10.15015888,9.879275322,9.73119545,9.387493134,8.863759041
3/15/2024,1648,0,2843.571429,0,6347.714286,0,56877,0,229,0,1520,0,1107.142857,0,31171.42857,0,22271.42857,0,0.142857143,12.56534958,12.10125542,11.74553013,11.33923721,11.10512352,10.79566193,10.33910751,10.06717014,9.655382156,9.582136154,9.37754631,8.939350128,8.570412636,8.07724762
3/16/2024,1320.428571,0,2505,0,5780.857143,0,55642.42857,0,200.5714286,0,1518.571429,0,1086.428571,0,30557.14286,0,21885.71429,0,0,11.55548096,10.74173832,10.38738346,10.0459404,9.655701637,9.400659561,9.031661987,8.817562103,8.910358429,8.776027679,8.699736595,8.231383324,7.74797678,7.237900257
3/17/2024,1047,0,2191.142857,0,5435,0,54276.85714,0,172.2857143,0,1521.428571,0,1062.571429,0,29885.71429,0,21471.42857,0,0,9.316119194,9.141483307,8.781027794,8.216121674,7.809149265,7.330051422,7.161472321,6.259418488,6.658789635,6.617937565,6.630205154,6.316281796,5.945641041,5.482287884
3/18/2024,1103.142857,0,1957.714286,0,5273.714286,0,52837.85714,0,144,0,1525.714286,0,1034.142857,0,29171.42857,0,21014.28571,0,0,7.270853996,7.263184071,6.991821766,6.565868855,6.358266354,5.85214138,5.648875237,5.338981152,5.95511198,6.004988194,6.412139893,6.553357124,6.224582195,5.807986259
3/19/2024,1159.428571,0,1830.142857,0,5186.571429,0,51366.42857,0,123.2857143,0,1517.142857,0,982.4285714,0,28400,0,20514.28571,0,0,7.251838684,7.172123909,6.863754272,6.506196022,6.244235516,5.722642422,5.522140026,5.274017811,5.829218388,5.968342304,6.347235203,6.463459015,6.081809521,5.634270191
3/20/2024,1130.142857,0,1829.428571,0,5156.428571,0,49797,0,107.7142857,0,1498.571429,0,912.1428571,0,27614.28571,0,19942.85714,0,0,7.454886436,7.336699486,7.037564754,6.698884964,6.346104145,5.805016518,5.642368793,5.350304127,5.825399876,5.985668659,6.379564285,6.452694416,6.024184227,5.670120716
3/21/2024,1131.142857,0,1831.714286,0,5157.428571,0,48169,0,100.2857143,0,1484.285714,0,819.8571429,0,26771.42857,0,19328.57143,0,0,7.504638672,7.353919029,7.084448338,6.740008831,6.393928528,5.828839779,5.647557735,5.36516428,5.8405056,5.989749908,6.40866518,6.482364655,6.037439346,5.654704571
3/22/2024,1130.285714,0,1828.714286,0,5179.857143,0,46336.71429,0,97.28571429,0,1474.285714,0,727,0,25828.57143,0,18657.14286,0,0,7.508023262,7.407543182,7.149359703,6.75455761,6.365581036,5.826737881,5.603620529,5.339734077,5.833904743,5.981953621,6.399776936,6.499674797,6.081660748,5.640749931
3/23/2024,1129,0,1828.142857,0,5209.285714,0,44542.57143,0,91.28571429,0,1595.714286,0,656,0,24828.57143,0,17971.42857,0,0,7.44384861,7.329649448,7.105805397,6.688556671,6.254922867,5.745177269,5.567212105,5.300400734,5.793904781,5.917937756,6.329482555,6.429998398,5.98545742,5.571026325
3/24/2024,1133.571429,0,1827.857143,0,5249.714286,0,42966.28571,0,81.57142857,0,1742.857143,0,581.5714286,0,23928.57143,0,17371.42857,0,0,7.49839592,7.377733231,7.169219017,6.710900307,6.31958437,5.76215601,5.60130024,5.350057602,5.812078476,5.907328129,6.365150928,6.49032402,6.071545601,5.659053326
3/25/2024,1148.285714,0,1826.857143,0,5264.285714,0,41728.42857,0,70.57142857,0,1857.142857,0,511,0,23200,0,16900,0,0,7.68387413,7.581749916,7.339031219,6.943714619,6.55309248,6.065616131,5.907766342,5.639252186,6.203400135,6.197417259,6.633882046,6.684237003,6.246272087,5.637341976
3/26/2024,1278.142857,0,1825.428571,0,5277.857143,0,40943.57143,0,59.71428571,0,1907.142857,0,462.7142857,0,22714.28571,0,16571.42857,0,0,7.666630745,7.426642418,7.155679703,6.778788567,6.514268398,6.11093235,5.959683895,5.617827415,6.183528423,6.174445629,6.656131744,6.721709251,6.344316959,5.717072964
3/27/2024,1406.714286,0,1823.428571,0,5295.428571,0,40450.28571,0,50.14285714,0,1924.285714,0,432.5714286,0,22400,0,16371.42857,0,0,7.533079147,7.282534122,7.014009953,6.636843681,6.403113842,6.056003571,5.929757118,5.593631744,6.150937557,6.138219833,6.590964317,6.672242165,6.330979824,5.793822765
3/28/2024,1535.285714,0,1822.428571,0,5295.428571,0,40066.14286,0,40.28571429,0,1978.571429,0,405.7142857,0,22157.14286,0,16228.57143,0,0,9.601278305,9.21517086,8.951012611,8.501286507,8.076493263,7.654907227,7.48245573,6.544950485,6.758433819,6.667307854,6.82711935,6.658672333,6.345236301,5.886510372
3/29/2024,1679,0,1821.428571,0,5300.142857,0,39907.71429,0,32.57142857,0,2032.857143,0,379.2857143,0,22014.28571,0,16157.14286,0,0,11.22898674,10.79207706,10.39245415,9.883214951,9.486493111,9.220498085,9.002664566,8.593085289,8.519191742,8.198261261,7.969538689,7.685540199,7.317184925,6.866765499
3/30/2024,1808.571429,0,1821.142857,0,5277.857143,0,40173.28571,0,27.85714286,0,1980,0,350,0,22100,0,16257.14286,0,0,11.19914722,10.81476116,10.41337299,10.03830147,9.675131798,9.653320313,9.358286858,8.952377319,8.878340721,8.612832069,8.396518707,7.989730835,7.542774677,7.086984634
3/31/2024,1937.428571,0,1819,0,5156.857143,0,40754.28571,0,26.57142857,0,1891.428571,0,323,0,22357.14286,0,16457.14286,0,0,11.02308464,10.56638336,10.2480793,9.951071739,9.654896736,9.445364952,9.347281456,8.927355766,8.8552351,8.687884331,8.486891747,8.145877838,7.712014675,7.368906021
4/1/2024,2323.571429,0,1689.428571,0,5020.285714,0,41229,0,26.57142857,0,1814.285714,0,287.5714286,0,22600,0,16642.85714,0,0,11.90371513,11.38946629,11.11824989,10.78989029,10.53472614,10.28566551,9.954093933,9.834357262,9.50843811,9.390180588,8.967370033,8.560933113,8.171037674,7.80134964
4/2/2024,2550.714286,0,1559.857143,0,4891.428571,0,41434,0,26.71428571,0,1771.428571,0,251.8571429,0,22714.28571,0,16742.85714,0,0,12.41406631,12.08782387,11.73446655,11.50060654,11.04041195,10.69972515,10.33732891,10.10317612,9.760088921,9.405378342,9.148706436,8.921449661,8.530272484,8.193926811
4/3/2024,2780.285714,0,1430.857143,0,4784.285714,0,41346.71429,0,26.71428571,0,1741.428571,0,218.7142857,0,22671.42857,0,16728.57143,0,0,12.97132301,12.56678295,12.20464039,12.0757885,11.59564495,11.28845119,10.90672874,10.59063816,10.29437256,9.917263985,9.726797104,9.360043526,8.944720268,8.612175941
4/4/2024,2694.571429,0,1301.857143,0,4669.714286,0,41182.42857,0,27,0,1684.285714,0,207.1428571,0,22585.71429,0,16671.42857,0,0,12.57680798,12.17251587,11.82889366,11.45449829,11.20028782,10.89567852,10.45546627,10.32222176,10.15970325,9.948058128,9.58622551,9.338653564,8.96385479,8.530502319
4/5/2024,2708.571429,0,1172.857143,0,4582.571429,0,41005,0,27.14285714,0,1671.428571,0,201.8571429,0,22500,0,16628.57143,0,0,12.44120121,11.99248123,11.63282681,11.39501286,11.09157562,11.08678722,10.88004589,10.74368382,10.73560905,10.34798527,10.07994175,9.631077766,9.243398666,8.678409576
4/6/2024,2937.285714,0,1048.428571,0,4545.714286,0,40466.57143,0,27.14285714,0,1622.857143,0,189.2857143,0,22257.14286,0,16442.85714,0,0,12.79736137,12.39778233,12.08230305,11.71494007,11.4476757,11.24603271,10.90201473,10.76465702,10.84313583,10.4179945,10.14359379,9.788541794,9.397116661,8.710891724
4/7/2024,3208.285714,0,927.5714286,0,4595,0,39584.57143,0,27.14285714,0,1568.571429,0,177.5714286,0,21785.71429,0,16100,0,0,13.07315636,12.6571455,12.24172401,11.99196625,11.5816431,11.29100132,11.02912426,10.84623528,10.4221611,10.0179615,9.696679115,9.445433617,9.086736679,8.762747765
4/8/2024,3094,0,935,0,4645.142857,0,38595.42857,0,27.42857143,0,1520,0,174.7142857,0,21214.28571,0,15685.71429,0,0,12.76338005,12.37578773,12.03715229,11.67318153,11.35033035,11.01958561,10.79427624,10.66894054,10.47247696,10.09092903,9.809465408,9.471541405,9.155133247,8.833452225
4/9/2024,2865.857143,0,942.8571429,0,4677.857143,0,37373.28571,0,27.57142857,0,1481.428571,0,173.2857143,0,20600,0,15242.85714,0,0,12.65865612,12.23408508,11.83374119,11.39268398,11.1189537,10.71001148,10.39214039,10.31628227,10.16113567,9.785140991,9.483854294,9.169519424,8.830698967,8.61668396
4/10/2024,2408.142857,0,951.2857143,0,4707.857143,0,36129.85714,0,27.57142857,0,1454.285714,0,172.8571429,0,20014.28571,0,14828.57143,0,0,10.48118973,10.15996361,10.03787708,9.674713135,9.443076134,9.083368301,8.735514641,7.937949657,7.615810871,7.273906231,7.37558794,7.217654228,6.960261822,6.547021389
4/11/2024,2279.714286,0,959.4285714,0,4774.571429,0,34964.71429,0,27.28571429,0,1421.428571,0,170,0,19457.14286,0,14428.57143,0,0,9.73697567,9.388239861,9.218808174,8.938784599,8.695721626,8.247098923,8.124645233,7.345747948,7.401409149,7.246399879,7.340083122,6.985319138,6.6040411,6.241404057
4/12/2024,2051.857143,0,968.4285714,0,4842.714286,0,33812.42857,0,27.14285714,0,1358.571429,0,162.5714286,0,18914.28571,0,14028.57143,0,0,7.40947628,7.262728214,7.120245457,6.80505991,6.584297657,6.223183155,6.08565855,5.804715633,6.302142143,6.359357357,6.777015686,6.712734699,6.339479446,5.96147728
4/13/2024,1623.428571,0,971.7142857,0,4933.714286,0,32833.14286,0,27,0,1344.285714,0,167.5714286,0,18457.14286,0,13714.28571,0,0,9.073106766,8.602033615,8.371970177,8.143609047,7.714762211,7.37411499,7.045954704,6.843272209,6.91936636,6.762070656,6.43765831,6.192955971,5.763329506,5.331084251
4/14/2024,1166.571429,0,972.4285714,0,5053.142857,0,31957,0,26.71428571,0,1350,0,168.2857143,0,18114.28571,0,13471.42857,0,0,11.21203709,10.5658102,10.35105228,10.22195053,9.860247612,9.834791183,9.333402634,8.714227676,8.485189438,8.112348557,7.957370281,7.392130852,7.070075035,6.487080097
4/15/2024,823.1428571,0,972.8571429,0,5177.142857,0,31304,0,26.28571429,0,1348.571429,0,169.1428571,0,17900,0,13328.57143,0,0,11.06245518,10.40927982,10.23843002,9.994224548,9.596066475,9.44729805,8.846580505,8.105166435,7.818889618,7.429203987,7.160633564,6.68214798,6.433330059,5.953238487
4/16/2024,595.1428571,0,966.2857143,0,5292.142857,0,31163.28571,0,26.14285714,0,1348.571429,0,169.7142857,0,17871.42857,0,13314.28571,0,0,10.87092018,10.23777962,9.71040535,9.493911743,9.176466942,8.673478127,8.137452126,7.217494488,6.893474102,6.268135071,6.338809013,5.661245346,5.211017609,4.584878445
4/17/2024,595.2857143,0,957.4285714,0,5370.142857,0,31425.57143,0,26,0,1347.142857,0,170,0,17985.71429,0,13414.28571,0,0,10.89348221,10.21448517,9.690069199,9.484309196,9.160933495,8.662014961,8.119285583,7.188318729,6.876807213,6.234758854,6.318313122,5.605200291,5.195232868,4.61634922
4/18/2024,594.7142857,0,948,0,5402.285714,0,31799.28571,0,26.14285714,0,1350,0,169.8571429,0,18171.42857,0,13542.85714,0,0,10.86648846,10.25734806,9.724636078,9.601436615,9.272636414,8.834562302,8.307853699,7.379767418,7.078285694,6.15850687,6.109790802,5.254556656,4.850059509,4.155517578
4/19/2024,594,0,939.1428571,0,5406.571429,0,32101.57143,0,27.28571429,0,1351.428571,0,169.7142857,0,18328.57143,0,13642.85714,0,0,10.82695675,10.2330513,9.721689224,9.524600983,9.171434402,8.669259071,8.146821976,7.213935375,6.912458897,5.944047928,5.888712406,5.094150066,4.675203323,4.068720341
4/20/2024,593.8571429,0,930.2857143,0,5392.428571,0,32108.14286,0,30.42857143,0,1327.142857,0,164.8571429,0,18342.85714,0,13614.28571,0,0,10.86643696,10.27285576,9.762241364,9.536213875,9.192672729,8.683339119,8.163744926,7.220602036,6.907883167,5.940142155,5.877748013,5.070359707,4.654528141,4.042772293
4/21/2024,593.7142857,0,922,0,5372.857143,0,31819.57143,0,34.42857143,0,1298.571429,0,210.1428571,0,18200,0,13471.42857,0,0,10.86594009,10.28493214,9.754162788,9.542204857,9.212168694,8.71443367,8.187644005,7.254388332,6.907527924,5.958492279,5.90029192,5.081074238,4.681529045,4.070289612
4/22/2024,595,0,914,0,5406,0,31370.57143,0,39.85714286,0,1297.142857,0,290.7142857,0,17928.57143,0,13214.28571,0,0,10.85193825,10.2488966,9.780180931,9.565524101,9.229613304,8.727687836,8.207826614,7.273792267,6.930763245,5.966981411,5.912739277,5.097891808,4.683861732,4.047865391
4/23/2024,594.1428571,0,913.5714286,0,5403.285714,0,30768.28571,0,45,0,1310,0,377.4285714,0,17600,0,12942.85714,0,0,10.86256123,10.25110817,9.749728203,9.612789154,9.288655281,8.847747803,8.324583054,7.398181438,7.091298103,6.175749302,6.120201588,5.27008152,4.872518539,4.154633045
4/24/2024,593.2857143,0,920.1428571,0,5347.714286,0,30274.57143,0,51,0,1315.714286,0,481.1428571,0,17342.85714,0,12714.28571,0,0,11.03266335,10.4491272,9.90941906,9.784858704,9.469236374,8.975785255,8.447525978,7.523106575,7.199056149,6.284489632,6.21243763,5.360015869,4.966227531,4.248466015
4/25/2024,592.7142857,0,930.1428571,0,5281,0,30171.14286,0,56.42857143,0,1310,0,600.5714286,0,17271.42857,0,12628.57143,0,0,10.99729156,10.4517765,9.8770895,9.752991676,9.441637993,8.93166256,8.425704002,7.522331238,7.178803444,6.276113033,6.189565659,5.332979679,4.893400669,4.12636137
4/26/2024,592.1428571,0,1059.857143,0,5225.142857,0,30367.42857,0,64.28571429,0,1287.142857,0,725.5714286,0,17342.85714,0,12671.42857,0,0,10.23091888,9.520364761,9.419974327,8.946069717,8.71560955,8.323041916,7.730641842,6.299818993,5.976844311,5.329236031,5.441333294,4.872618198,4.861530781,4.470552921
4/27/2024,592,0,1189.714286,0,5176,0,30678.28571,0,74.71428571,0,1252.857143,0,850.4285714,0,17485.71429,0,12785.71429,0,0,11.14906025,10.62151527,10.46677208,10.15158176,9.735560417,9.53000164,8.945912361,8.14795208,7.814866543,7.32410574,7.039152145,6.55867672,6.323510647,5.776870728
4/28/2024,594.7142857,0,1319.285714,0,5075.285714,0,31004.71429,0,84.85714286,0,1203.428571,0,927.1428571,0,17642.85714,0,12914.28571,0,0,11.04355907,10.52974606,10.34926701,10.07141495,9.708000183,9.481516838,8.906759262,8.055480003,7.728086948,7.261275291,7.033846855,6.505434513,6.275271893,5.807063103
4/29/2024,595.5714286,0,1449.285714,0,4919.142857,0,31183.28571,0,92.28571429,0,1143.571429,0,935.4285714,0,17742.85714,0,13028.57143,0,0,11.12456226,10.6189394,10.45529461,10.16838741,9.807982445,9.597460747,9.001817703,8.178251266,7.880397797,7.393925667,7.127981663,6.60297823,6.358688831,5.906838417
4/30/2024,595.8571429,0,1580.857143,0,4817,0,31053.71429,0,100.7142857,0,1076.571429,0,898.4285714,0,17671.42857,0,13014.28571,0,0,11.30645943,10.77758789,10.60081863,10.38700771,10.03066158,9.956727982,9.469342232,8.819723129,8.581242561,8.224225044,8.067655563,7.518814564,7.160031319,6.474967957
5/1/2024,596.7142857,0,1707.142857,0,4795.142857,0,30455.85714,0,109.7142857,0,1013.142857,0,831.7142857,0,17357.14286,0,12800,0,0,11.47493553,10.92434978,10.68810558,10.45607281,10.04057598,9.949145317,9.515267372,8.892225266,8.61515522,8.22837162,7.84642601,7.655421734,7.150802612,6.340490341
5/2/2024,596.7142857,0,1829.857143,0,4797.714286,0,29244.28571,0,121.4285714,0,950.7142857,0,738,0,16742.85714,0,12357.14286,0,0,10.61154079,10.04164124,9.871266365,9.656766891,9.301189423,8.979894638,8.777231216,8.136975288,7.960758686,7.822790623,7.416130543,7.242156982,6.718035221,6.116989136
5/3/2024,597.7142857,0,1699.714286,0,4763.142857,0,27633,0,130.1428571,0,898.5714286,0,640.2857143,0,15900,0,11708.57143,0,0,11.25924397,10.62416744,10.48101997,10.14673996,9.75696373,9.703562737,9.480031013,8.824764252,8.491046906,8.204730988,7.833657742,7.570912838,7.096141338,6.410776615
5/4/2024,596.8571429,0,1569.714286,0,4657.142857,0,25937,0,133.1428571,0,867.8571429,0,547.7142857,0,15028.57143,0,11005.71429,0,0,11.32361126,10.731287,10.56558037,10.25425148,9.914525032,9.76869297,9.479055405,8.799869537,8.608707428,8.237150192,7.969136238,7.564567566,7.19150877,6.490270615
5/5/2024,592.7142857,0,1440.142857,0,4570.285714,0,24831.57143,0,133.7142857,0,898.7142857,0,454.2857143,0,14385.71429,0,10481.42857,0,0,11.43774319,10.72934628,10.52640247,10.20235157,9.916384697,9.575752258,9.124628067,8.299339294,8.068846703,7.695407391,7.334994316,6.845120907,6.515771866,6.084069252
5/6/2024,589.7142857,0,1310,0,4485.428571,0,24352.42857,0,134.4285714,0,896.8571429,0,393.8571429,0,14057.14286,0,10195.71429,0,0,11.31572723,10.68092442,10.48650074,10.10589886,9.830971718,9.512508392,9.085167885,8.24988842,7.997645378,7.575717449,7.249708176,6.776590347,6.446293354,5.92708683
5/7/2024,588.4285714,0,1177.857143,0,4411.571429,0,24486.42857,0,133.7142857,0,893,0,374,0,14057.14286,0,10138.57143,0,0,11.40282059,10.74339867,10.55701447,10.19029045,9.915088654,9.631754875,9.218172073,8.353016853,8.099807739,7.698198795,7.360312939,6.841061115,6.561522961,6.075675488
5/8/2024,588,0,1046,0,4353.285714,0,25055.85714,0,131.4285714,0,890.7142857,0,369,0,14285.71429,0,10281.42857,0,0,10.74205399,10.14910316,9.627904892,9.390521049,9.186981201,8.686248779,8.237736702,7.228023529,6.936571598,6.414687634,6.348767281,5.772413254,5.485518456,4.941693306
5/9/2024,588.7142857,0,914.5714286,0,4338.857143,0,25951.21429,0.142857143,128,0,887,0,406.8571429,0,14685.71429,0,10581.42857,0,0,10.82509804,10.14364719,9.496778488,9.246632576,9.059103966,8.502162933,8.040398598,7.029643059,6.763281345,6.200442314,6.199981213,5.570230484,5.231515408,4.742020607
5/10/2024,588.2857143,0,915.2857143,0,4377.571429,0,27148.5,0.142857143,126.8571429,0,878,0,474.5714286,0,15285.71429,0,11044.28571,0,0,10.8819828,10.20594978,9.562802315,9.341679573,9.142035484,8.598695755,8.142620087,7.15344286,6.871178627,6.314819336,6.318849087,5.644013882,5.31373024,4.798213959
5/11/2024,588.4285714,0,916.1428571,0,4441.142857,0,28451.78571,0.142857143,127.2857143,0,854.8571429,0,570,0,15914.28571,0,11547.14286,0,0,10.71230125,10.05237865,9.426421165,9.228439331,8.991427422,8.558577538,8.090665817,7.099328995,6.808015347,6.269738674,6.273747444,5.639423847,5.293963432,4.709413528
5/12/2024,590.8571429,0,917,0,4518.571429,0,29247.92857,0.142857143,129.7142857,0,790.8571429,0,703.4285714,0,16328.57143,0,11885.71429,0,0,10.81114388,10.2251482,9.659070969,9.456665993,9.244805336,8.801539421,8.337166786,7.350161076,7.074453354,6.540758133,6.538575649,5.838648319,5.312474251,4.688520908
5/13/2024,592.4285714,0,917.7142857,0,4695.142857,0,29546.35714,0.142857143,133.5714286,0,769.8571429,0,844.2857143,0,16485.71429,0,12028.57143,0,0,10.81766129,10.25152016,9.683156013,9.501758575,9.239562988,8.785736084,8.364198685,7.425289154,7.145773411,6.576840401,6.57613039,5.858112335,5.328123569,4.704309464
5/14/2024,594.5714286,0,918.2857143,0,4987.285714,0,29309.64286,0.142857143,138.4285714,0,759.1428571,0,1013.857143,0,16328.57143,0,11942.85714,0,0,10.67608166,10.03641033,9.488887787,9.379751205,9.127595901,8.612632751,8.174564362,7.163697243,6.850269318,6.286124229,6.315946579,5.637061119,5.267953396,4.697870731
5/15/2024,593.8571429,0,1176.142857,0,5420.571429,0,28624.07143,0.142857143,146.1428571,0,753.1428571,0,1185.571429,0,15928.57143,0,11652.85714,0,0,11.06924725,10.4893856,10.32335281,9.934638023,9.565658569,9.295229912,8.950445175,8.110947609,7.779664993,7.42407465,7.250342369,6.741071701,6.437905312,6.068153381
5/16/2024,606.2857143,0,1542.571429,0,5907.714286,0,27601.42857,0,153.5714286,0,752.4285714,0,1325.714286,0,15385.71429,0,11238.57143,0,0,11.25971603,10.64972496,10.51891613,10.15398979,9.805725098,9.672662735,9.39073658,8.713092804,8.406857491,8.046205521,7.881283283,7.406723022,7.002767086,6.323671818
5/17/2024,634.5714286,0,1912.428571,0,6405.142857,0,26407.14286,0,158.7142857,0,752.4285714,0,1435.714286,0,14728.57143,0,10724.28571,0,0,9.563429832,9.073541641,8.945219994,8.747142792,8.222415924,7.951568604,7.759464741,7.528938293,7.436822891,7.24870491,6.990241051,6.7810812,6.027004242,5.095345974
5/18/2024,678,0,2283.857143,0,6952.285714,0,25172.85714,0,161.7142857,0,749.4285714,0,1515.714286,0,14042.85714,0,10180,0,0,7.128453255,6.669724941,6.620650291,6.375520229,5.956482887,5.744694233,5.355471611,5.199477673,5.419142246,5.461070061,5.164923191,5.228116035,4.543017387,4.089120865
5/19/2024,635.5714286,0,2649,0,7485.428571,0,24096.57143,0,162.4285714,0,739.8571429,0,1564.285714,0,13442.85714,0,9711.428571,0,0,8.180077553,7.385686398,7.125788212,6.735642433,6.376276493,6.208302498,5.690295696,5.303201675,5.446533203,5.360042095,4.969776154,4.606256008,3.974406719,3.441336155
5/20/2024,678.8571429,0,2747.285714,0,7930,0,23177.57143,0,162.5714286,0,719.8571429,0,1604.285714,0,12928.57143,0,9295.714286,0,0,10.01592541,9.337072372,8.883584023,8.710021019,8.40823555,8.340532303,7.573329926,7.472696781,7.451491833,6.934716702,6.395163059,5.842058182,5.241785049,4.807177067
5/21/2024,707.1428571,0,2845.428571,0,8240.428571,0,22530.14286,0,162.7142857,0,688.7142857,0,1592.857143,0,12571.42857,0,8982.857143,0,0,9.695384979,9.160800934,8.692388535,8.464657784,8.173419952,8.132324219,7.278096199,7.320055962,7.227696896,6.703365803,6.178372383,5.634654045,5.013504028,4.644775867
5/22/2024,736.7142857,0,2753.428571,0,8420.285714,0,22218.85714,0,160.7142857,0,650.8571429,0,1550,0,12371.42857,0,8801.428571,0,0,9.795369148,9.233306885,8.791134834,8.524121284,8.230519295,8.167034149,7.365702152,7.363329411,7.266375542,6.769135952,6.22914505,5.760591507,5.138038635,4.585419655
5/23/2024,753.5714286,0,2757,0,8577.714286,0,22064,0,157.8571429,0,609.8571429,0,1482.857143,0,12242.85714,0,8681.428571,0,0,9.614304543,9.150424004,8.642267227,8.352527618,8.081893921,8.004271507,7.291820049,7.290724754,7.169928074,6.733776093,6.133052349,5.617597103,4.951832294,4.494281292
5/24/2024,767.5714286,0,2752.285714,0,8625.714286,0,21994,0,154,0,570,0,1412.857143,0,12142.85714,0,8585.714286,0,0,9.600299835,9.13380909,8.684995651,8.445002556,8.16041851,8.108868599,7.414313316,7.393971443,7.220467091,6.754559517,6.138852596,5.550649166,4.85708952,4.472398281
5/25/2024,767.1428571,0,2747.428571,0,8414.571429,0,21921.57143,0,151.4285714,0,531.5714286,0,1341.428571,0,12042.85714,0,8505.714286,0,0,9.644715309,9.187085152,8.784122467,8.512579918,8.238965034,8.217226982,7.48255682,7.469259739,7.29693985,6.828429699,6.248452663,5.696586132,4.972699165,4.483197212
5/26/2024,823,0,2749.571429,0,8018.142857,0,21612,0,150.8571429,0,495.4285714,0,1267.142857,0,11857.14286,0,8351.428571,0,0,9.985319138,9.4410429,8.944526672,8.652934074,8.289794922,8.284156799,7.479630947,7.453742027,7.316623211,6.775635242,6.254958153,5.617086887,4.988583088,4.638508797
5/27/2024,778.7142857,0,3020.571429,0,7503.571429,0,21183.71429,0,151.2857143,0,464,0,1192.857143,0,11614.28571,0,8145.714286,0,0,10.67121792,10.04727173,9.526333809,9.17565918,8.860403061,8.439472198,7.714520454,7.523485184,7.447725773,7.06750536,6.520445824,5.95518589,5.339696884,4.927742481
5/28/2024,748.5714286,0,3293.571429,0,6930.571429,0,20611.28571,0,151.8571429,0,437.4285714,0,1137.142857,0,11314.28571,0,7904.285714,0,0,11.24655437,10.88484192,10.39996243,10.02921009,9.612900734,9.356168747,8.791508675,8.631999016,8.239606857,7.927643776,7.655831814,7.10968256,6.50049305,6.202018738
5/29/2024,720.2857143,0,3425.428571,0,6287.857143,0,19998.57143,0,152.1428571,0,413.4285714,0,1118.571429,0,11000,0,7645.714286,0,0,11.36791515,10.99793911,10.33788586,9.970540047,9.533817291,9.14957428,8.88967514,8.673563957,8.117721558,7.784464836,7.521179676,7.174572468,6.58757019,6.12088871
5/30/2024,690.5714286,0,3424.857143,0,5578.142857,0,19391.42857,0,154.1428571,0,390,0,1125.714286,0,10684.28571,0,7332.857143,0,0,12.07609749,11.79035759,11.43420124,10.98345184,10.66491413,10.15522766,9.908231735,9.673165321,9.24368,8.922644615,8.863108635,8.354075432,7.902416229,7.540262222
5/31/2024,648,0,3416.142857,0,5009.285714,0,18678.85714,0,159.7142857,0,369.8571429,0,1154.285714,0,10410,0,6832.857143,0,0,12.2430172,11.79222393,11.52278709,11.35473442,11.02301216,10.69820023,10.34380913,10.09111881,9.6727705,9.389567375,9.116375923,8.742819786,8.399126053,7.9332304
6/1/2024,762.7142857,0,3363.428571,0,4662.285714,0,17979.85714,0,165.5714286,0,352.1428571,0,1185.714286,0,10210,0,6231.428571,0,0,12.64600945,12.31719971,11.90888786,11.70811176,11.4148159,11.02376556,10.5524807,10.30426407,9.815490723,9.379164696,9.026979446,8.883372307,8.535375595,8.199697495
6/2/2024,905.4285714,0,3360,0,4439.285714,0,17508.42857,0,168,0,333.4285714,0,1218.571429,0,10081.42857,0,5704.285714,0,0,13.98694801,13.62518692,13.26760578,12.83980942,12.49862957,12.29503918,11.99230003,11.63874531,11.27971554,10.78195,10.56911469,10.1888752,9.882213593,9.223444939
6/3/2024,1062.857143,0,3354.714286,0,4327.571429,0,17088.14286,0,170.8571429,0,314.5714286,0,1254.285714,0,9924.285714,0,5381.428571,0,0,14.34735107,13.94924641,13.56405163,13.1778965,12.86805344,12.58241749,12.27877617,11.86771202,11.31074333,10.78349304,10.2503109,10.09674358,10.00135422,9.469572067
6/4/2024,1206.571429,0,3343.428571,0,4222.428571,0,16829.14286,0,176,0,298.2857143,0,1291.428571,0,9768.571429,0,5200,0,0,15.58759212,15.04936504,14.55096722,14.32318211,14.1144886,13.85399342,13.54844666,13.06067944,12.29093552,11.8089695,11.3046875,10.74907494,10.55983639,9.843439102
6/5/2024,1335.142857,0,3414.714286,0,4106.714286,0,16559.85714,0,183.2857143,0,284.2857143,0,1315.714286,0,9614.285714,0,5027.142857,0,0,16.37690544,15.79577541,15.38545799,14.95199871,14.73315334,14.39252758,14.09946251,13.65900421,13.1531744,12.61417294,12.1317234,11.42779732,10.94836712,10.32671165
6/6/2024,1636.142857,0,3416,0,3953.285714,0,16373.28571,0,188.2857143,0,271.8571429,0,1317.142857,0,9491.428571,0,4902.857143,0,0,16.98155785,16.4730072,16.00119019,15.59255219,15.3433466,14.9985342,14.62728214,14.30665493,14.07810116,13.58348274,13.33513069,12.76678181,12.49887371,12.38413048
6/7/2024,1908.428571,0,3433.571429,0,3693,0,16193.14286,0,189.7142857,0,258.8571429,0,1297.142857,0,9405.714286,0,4817.142857,0,0,17.75397682,17.33006859,16.94559097,16.39048195,16.15846634,15.81782913,15.45963478,15.24004459,14.98556137,14.61742401,14.39861488,14.15606403,13.9380846,13.72066689
6/8/2024,2037.428571,0,3489.857143,0,3416.428571,0,16069.57143,0,191.5714286,0,246,0,1262.857143,0,9340,0,4761.428571,0,0,17.68941498,17.18096924,16.82005692,16.28186226,16.04820061,15.7881155,15.37035847,15.23822117,15.02191067,14.67060947,14.48192596,14.10763645,13.83765125,13.60698032
6/9/2024,2051.714286,0,3593.714286,0,3173.428571,0,15897.42857,0,197.1428571,0,234.4285714,0,1217.142857,0,9272.857143,0,4711.428571,0,0,17.89558983,17.42884445,17.0541153,16.67117691,16.40390968,16.28463936,16.02137375,15.78891182,15.4701128,15.13103199,14.75309849,14.40058136,14.08519173,13.90542126
6/10/2024,2051.714286,0,3696.142857,0,2940.142857,0,15754.42857,0,201.5714286,0,223.5714286,0,1167.142857,0,9201.428571,0,4634.285714,0,0,18.03374481,17.41302299,17.08526611,16.69180489,16.37541771,16.2647953,15.97915363,15.6824255,15.46581173,15.10144615,14.76585007,14.52676201,14.26592636,14.15319633
6/11/2024,2066,0,3806,0,2732.428571,0,15575.71429,0,202.8571429,0,212.8571429,0,1092.857143,0,9125.714286,0,4580,0,0,18.08586502,17.68531418,17.32357407,16.87048912,16.59441185,16.41286659,16.10020256,15.83833313,15.58905506,15.34859753,15.13266659,14.85170841,14.58060265,14.26211834
6/12/2024,2078.857143,0,3905.857143,0,2545.142857,0,15422.28571,0,203.2857143,0,203,0,994,0,9061.428571,0,4534.285714,0,0,18.32818794,17.92632294,17.49667168,17.15409851,16.66632652,16.49567223,16.28139305,15.99118614,15.69299507,15.4035244,15.23793507,14.99691868,14.76076698,14.51063347
6/13/2024,1878.142857,0,4004.428571,0,2435.142857,0,15268.14286,0,205.2857143,0,193.7142857,0,888.8571429,0,9040,0,4532.857143,0,0,18.36431885,17.9113884,17.57086372,17.29901314,17.00023651,16.76722717,16.52678108,16.1811676,15.86499023,15.58256912,15.37205982,15.09193802,14.8160305,14.43888664
6/14/2024,1721.285714,0,4100.428571,0,2365.714286,0,15338.42857,0,207,0,185.5714286,0,771.2857143,0,9095.714286,0,4604.285714,0,0,18.26520348,17.89421272,17.58398628,17.26950645,16.96928215,16.66395187,16.39715576,16.11042786,15.77541637,15.40431976,15.18724632,14.8825531,14.59456253,14.19165516
6/15/2024,1548.285714,0,4198.857143,0,2300.142857,0,15342.71429,0,207.1428571,0,178.1428571,0,658.5714286,0,9118.571429,0,4644.285714,0,0,18.41112518,17.98015594,17.68581963,17.37368393,17.03223419,16.68492508,16.42699051,16.07707596,15.73244953,15.44001865,15.03110027,14.74568367,14.44439697,14.12645435
6/16/2024,1491.857143,0,4199.857143,0,2263.285714,0,15279.57143,0,206.8571429,0,171.2857143,0,554.5714286,0,9111.428571,0,4597.142857,0,0,18.50916672,18.03818893,17.70356941,17.40659523,17.07864952,16.78663254,16.50637245,16.16261482,15.80357647,15.41738796,15.05532742,14.7558918,14.47429562,14.1082716
6/17/2024,1450,0,4214.571429,0,2246.857143,0,15331,0,206.8571429,0,165,0,455.5714286,0,9212.857143,0,4452.857143,0,0,18.70303726,18.25221252,17.90212822,17.58447838,17.24276352,16.91148949,16.61426926,16.2966938,15.94821358,15.62565422,15.32480621,15.00265026,14.62795544,14.29033661
6/18/2024,1322.285714,0,4000,0,2245.142857,0,15322.57143,0,207.1428571,0,159.2857143,0,381.2857143,0,9338.571429,0,4138.571429,0,0,18.23835182,17.74736786,17.42322922,17.12700081,16.77361298,16.37877464,16.01925468,15.75063515,15.46326065,15.18055248,14.82523918,14.57504177,14.23138618,13.97056293
6/19/2024,1308.857143,0,3787.857143,0,2269,0,15263.28571,0,205.1428571,0,154.2857143,0,335.1428571,0,9441.428571,0,3797.142857,0,0,18.16872406,17.71304703,17.33233643,17.02971649,16.67076111,16.23252487,15.87055397,15.56480598,15.29626846,15.04045868,14.66544056,14.44645786,14.09848595,13.79614067
6/20/2024,1623.428571,0,3573.285714,0,2312.857143,0,15193.28571,0,204.7142857,0,150.1428571,0,316.7142857,0,9495.714286,0,3438.571429,0,0,18.31259155,17.79197884,17.45161057,17.15688324,16.80078888,16.37248802,16.02483368,15.73643112,15.44813061,15.13058472,14.84115028,14.63692951,14.30631351,14.03066635
6/21/2024,1764.857143,0,3577.285714,0,2381.714286,0,14941.14286,0,207.5714286,0,146.5714286,0,312.7142857,0,9398.571429,0,3178.571429,0,0,18.3172493,17.7928524,17.47351074,17.15557289,16.8419857,16.38083458,16.08849144,15.81446171,15.50176334,15.17738724,14.88967419,14.66686821,14.36236191,14.03959751
6/22/2024,1879.571429,0,3580.571429,0,2458,0,14747.85714,0,213.4285714,0,143.4285714,0,313.7142857,0,9280,0,3062.857143,0,0,18.37500191,17.99124908,17.63475227,17.28762436,16.90578079,16.56843567,16.23677063,15.88642788,15.57369423,15.28782463,14.99035358,14.69150543,14.45211029,14.16393757
6/23/2024,1949.857143,0,3582.285714,0,2534.714286,0,14692.28571,0,217.2857143,0,140.2857143,0,316,0,9240,0,3035.714286,0,0,18.31527328,17.92525482,17.59395027,17.22647285,16.85349274,16.50874901,16.1825943,15.85221481,15.5756197,15.27220631,14.90810871,14.66799355,14.38723469,14.09393787
6/24/2024,1962.571429,0,3572.571429,0,2612.142857,0,14620,0,220,0,136.7142857,0,316.1428571,0,9208.571429,0,2998.571429,0,0,18.33041191,17.89068222,17.5531292,17.20827675,16.8752079,16.55285645,16.26592636,15.80946064,15.52631664,15.23989487,14.94529438,14.664361,14.41768265,14.19045448
6/25/2024,2205,0,3798.428571,0,2696.571429,0,14569.85714,0,224.1428571,0,133,0,317.2857143,0,9195.714286,0,2995.714286,0,0,18.66850471,18.1850605,17.74227905,17.3959446,16.96554565,16.64143944,16.36773491,16.04411316,15.75386524,15.46593666,15.1916523,14.89870644,14.57337284,14.28732967
6/26/2024,2405.142857,0,4013.714286,0,2771.142857,0,14524,0,230.8571429,0,129.2857143,0,317.2857143,0,9214.285714,0,3028.571429,0,0,18.70389366,18.16693687,17.74868965,17.43514061,17.05495262,16.77611923,16.47254372,16.14964485,15.80514717,15.43243027,15.09657764,14.7486124,14.49099636,14.29408646
6/27/2024,2191.428571,0,4230.714286,0,2791.571429,0,14511.85714,0,233,0,125.5714286,0,317,0,9257.142857,0,3080,0,0,18.67139053,18.1466732,17.71879005,17.40407753,17.02352142,16.74843407,16.4438839,16.12104034,15.77494526,15.40817356,15.07270908,14.73155117,14.4731493,14.27626896
6/28/2024,1850.142857,0,4226.714286,0,2783.428571,0,14606.57143,0,231.7142857,0,121.7142857,0,316.1428571,0,9344.285714,0,3141.428571,0,0,18.63661385,18.09311295,17.66735649,17.32402611,16.93433571,16.67389297,16.35611153,16.04816055,15.71695995,15.45103073,15.14463139,14.83596897,14.53224277,14.2072773
6/29/2024,1537.285714,0,4225,0,2746.714286,0,14954.42857,0,230.8571429,0,118.1428571,0,315.2857143,0,9534.285714,0,3232.857143,0,0,18.54038429,17.96204758,17.60368156,17.3035984,16.90994453,16.63326836,16.27068138,15.96152782,15.666008,15.34840584,14.95756435,14.76651859,14.48482609,14.19132423
6/30/2024,1480.857143,0,4160,0,2618.714286,0,15487.14286,0,234.4285714,0,115,0,314.4285714,0,9820,0,3360,0,0,18.52796745,17.97247505,17.65608025,17.39946175,17.02782631,16.76685333,16.47745132,16.0750618,15.7850008,15.49503899,15.10057068,14.81497765,14.52725697,14.29637718
7/1/2024,1758,0,4072,0,2434.428571,0,16183.85714,0,238.1428571,0,112.4285714,0,284.1428571,0,10178.57143,0,3511.428571,0,0,18.79074669,18.25725365,17.87250328,17.63268471,17.32720947,16.95365143,16.65206146,16.30820084,15.932827,15.62301731,15.30743313,14.99247169,14.69849586,14.35241222
7/2/2024,2286.857143,0,3971.857143,0,2246.857143,0,17014.71429,0,239.7142857,0,110,0,248.1428571,0,10611.42857,0,3682.857143,0,0,19.40857124,18.87225914,18.4208374,18.15088654,17.80299759,17.44823837,17.12012672,16.72441864,16.47216034,16.16270256,15.94428349,15.54206371,15.28091526,14.8312254
7/3/2024,2827.142857,0,3881.428571,0,2028.857143,0,17853.85714,0,240.4285714,0,107.5571429,0,208,0,11008.57143,0,3822.857143,0,0,19.62714767,19.20061684,18.83069038,18.49313354,18.14117241,17.69093895,17.33857727,16.91491699,16.54190636,16.21743011,15.81169033,15.46404648,14.98825836,14.44419193
7/4/2024,3494.571429,0,3793,0,1810.857143,0,18364.85714,0,244.7142857,0,105.1714286,0,168.2857143,0,11271.42857,0,3900,0,0,20.05359268,19.63635063,19.26914787,18.83213043,18.45084953,18.02900124,17.69822693,17.25943375,16.84493446,16.48294067,16.13267708,15.76480293,15.30751896,14.73497295
7/5/2024,4224.857143,0,3721.285714,0,1592.285714,0,18946.57143,0,249.7142857,0,102.5571429,0,128.4285714,0,11542.85714,0,3991.428571,0,0,20.36021233,19.92430687,19.55109596,19.1960907,18.82046127,18.41257286,18.04861069,17.6781292,17.26462746,16.86125946,16.49890709,16.07956886,15.67946815,15.14471912
7/6/2024,4695.285714,0,3675.857143,0,1389.571429,0,19559.28571,0,249.5714286,0,99.77142857,0,88.42857143,0,11828.57143,0,4105.714286,0,0,20.57588577,20.27835846,19.89907837,19.50321388,19.13432312,18.73356438,18.31807518,17.86201477,17.38020325,16.98848534,16.55566406,16.18313026,15.76038265,15.19330025
7/7/2024,5338.714286,0,3645.714286,0,1261.285714,0,19976.85714,0,246.8571429,0,96.97142857,0,48.57142857,0,12028.57143,0,4182.857143,0,0,20.88490868,20.44186592,20.02766418,19.63449669,19.22209549,18.84192085,18.37117958,18.07760239,17.64440727,17.29868889,16.91313171,16.49370575,16.08032799,15.52921867
7/8/2024,5632.142857,0,3644.428571,0,1177.714286,0,20222.85714,0,246,0,94.11428571,0,38,0,12142.85714,0,4235.714286,0,0,20.95396042,20.61740494,20.26267815,19.91182518,19.48537254,19.07991219,18.65653801,18.26685524,17.8663063,17.46816254,17.0496254,16.57367325,16.13523674,15.73746586
7/9/2024,5603.571429,0,3645.285714,0,1105.857143,0,20371.14286,0,245.7142857,0,91.28571429,0,33.42857143,0,12200,0,4284.285714,0,0,20.86227798,20.47986031,20.14852715,19.77432251,19.31839371,18.92425919,18.50730705,18.16932297,17.79200363,17.35759544,16.9641552,16.4836216,16.07242203,15.61604881
7/10/2024,5563.571429,0,3648.142857,0,1075.857143,0,20571.57143,0,246.1428571,0,88.7,0,33.57142857,0,12300,0,4382.857143,0,0,20.93750572,20.49442673,20.15659904,19.76400375,19.32476616,18.95469475,18.55396652,18.22197723,17.83469391,17.42178345,17.00037575,16.50768661,16.10077477,15.63272953
7/11/2024,5422.714286,0,3634.428571,0,1051.142857,0,20942,0,247.5714286,0,86.12857143,0,33.57142857,0,12528.57143,0,4545.714286,0,0,20.77581406,20.38209343,20.01388741,19.61668968,19.23776817,18.92399406,18.49523544,18.20262718,17.80240059,17.38600731,16.9652977,16.48051262,16.04449844,15.60083008
7/12/2024,5405.714286,0,3615.714286,0,1019.142857,0,21345,0,249.2857143,0,83.94285714,0,33.71428571,0,12728.57143,0,4690,0,0,20.75037193,20.3611908,19.99770355,19.58825493,19.19770622,18.89110374,18.4593811,18.16485977,17.76672173,17.37145042,16.94825745,16.47406006,16.02973747,15.58408451
7/13/2024,5647.714286,0,3451.142857,0,998.2857143,0,21455.71429,0,252.7142857,0,81.92857143,0,34.14285714,0,12814.28571,0,4768.571429,0,0,20.82710648,20.38502884,20.0670681,19.68067551,19.22989273,18.9031601,18.46898651,18.14587402,17.75006866,17.34919357,16.94371414,16.46876717,16.03022766,15.57709503
7/14/2024,5504.142857,0,3337.857143,0,983.1428571,0,21553.57143,0,256.1428571,0,80.17142857,0,34.42857143,0,12857.14286,0,4841.428571,0,0,20.69870567,20.32595062,19.93065643,19.54763985,19.10121155,18.77076912,18.32335663,17.95293808,17.55081558,17.19112015,16.79031944,16.40521622,15.95881081,15.49870014
7/15/2024,5449.571429,0,3217.857143,0,969.4285714,0,21586.85714,0,258.5714286,0,79.15714286,0,34.85714286,0,12885.71429,0,4891.428571,0,0,20.66077995,20.27155304,19.91085052,19.50871277,19.06224251,18.70192528,18.24383926,17.89142799,17.49411964,17.14147568,16.69587517,16.31563187,15.91176987,15.47800255
7/16/2024,5306.714286,0,3092.571429,0,955.2857143,0,21616.42857,0,261.1428571,0,78.72857143,0,35.14285714,0,12900,0,4934.285714,0,0,20.5464859,20.23641014,19.92679405,19.48324394,19.06134605,18.73446274,18.16626358,17.72791672,17.31476021,16.95807457,16.55381012,16.19125366,15.77326107,15.30013371
7/17/2024,5107.142857,0,2964.285714,0,937.2857143,0,21686.28571,0,260.2857143,0,77.98571429,0,36,0,12914.28571,0,4970,0,0,20.31775284,19.92683029,19.57057571,19.22110558,18.76495552,18.52188301,18.01846695,17.63313675,17.21024513,16.8406353,16.45866585,16.10581589,15.66501808,15.16523075
7/18/2024,5007.857143,0,2850.142857,0,921.8571429,0,21873.57143,0,257,0,77.28571429,0,37,0,12928.57143,0,4971.428571,0,0,20.33489609,19.91510582,19.49123955,19.11874199,18.66971397,18.42744637,17.97844887,17.61603355,17.17938805,16.8163414,16.44397163,16.11207199,15.64878178,15.10722446
7/19/2024,5007.428571,0,2728.714286,0,914,0,21882.42857,0,254,0,76.57142857,0,38,0,12928.57143,0,4954.285714,0,0,20.28512192,19.87047768,19.44792366,19.05180168,18.64770126,18.36472702,17.88943291,17.55195808,17.08619118,16.74507141,16.37699318,16.05842018,15.60349846,15.03865337
7/20/2024,5008,0,2724.857143,0,900.4285714,0,21892.14286,0,253.4285714,0,75.95714286,0,39.14285714,0,12914.28571,0,4904.285714,0,0,20.22401237,19.77503586,19.38038063,19.05418968,18.62153435,18.31663704,17.86089134,17.5389576,17.08203506,16.75335884,16.37878799,16.04055595,15.51689625,14.97848606
7/21/2024,5079,0,2720.857143,0,882.2857143,0,21882.57143,0,254.1428571,0,75,0,40.28571429,0,12914.28571,0,4844.285714,0,0,20.33677483,19.91484833,19.50080299,19.13430786,18.68472481,18.45063972,17.98868179,17.61053085,17.17081833,16.79891586,16.41414642,16.07781219,15.61319637,15.05214596
7/22/2024,5135,0,2824.285714,0,863.5714286,0,21908.71429,0,254,0,73.58571429,0,41.57142857,0,12928.57143,0,4807.142857,0,0,20.26534271,19.87014771,19.43922806,19.10505295,18.65540504,18.42669106,17.98717308,17.62670326,17.18503189,16.8207531,16.44859123,16.09412575,15.64753246,15.13433266
7/23/2024,5205.428571,0,2934.714286,0,843.4285714,0,21915,0,253.1428571,0,71.77142857,0,42.57142857,0,12942.85714,0,4767.142857,0,0,20.29325867,19.92211151,19.48038864,19.13254166,18.70333862,18.47312927,18.00691795,17.63879776,17.15556717,16.81930161,16.43869209,16.08273125,15.64243031,15.20121861
7/24/2024,5275.857143,0,3050.428571,0,822.7142857,0,21823.42857,0,255.1428571,0,70.25714286,0,42.85714286,0,12942.85714,0,4707.142857,0,0,20.41466331,20.07296753,19.62178993,19.24327469,18.83503914,18.60142899,18.13139534,17.6980381,17.19269562,16.85665703,16.46585846,16.09927559,15.64320087,15.21450615
7/25/2024,5347.857143,0,3164.857143,0,798.4285714,0,21796,0,256.1428571,0,68.67142857,0,42.85714286,0,12942.85714,0,4670,0,0,20.51006508,20.20947456,19.79861259,19.39899063,18.9689846,18.65186501,18.18610764,17.84852982,17.45854759,17.12730217,16.6826973,16.28773117,15.87904072,15.4522543
7/26/2024,5419.714286,0,3268,0,779,0,21756.42857,0,255.8571429,0,67.18571429,0,42.85714286,0,12957.14286,0,4637.142857,0,0,20.63170815,20.29725456,19.9017868,19.48351097,19.00966644,18.69999313,18.26325607,17.85634613,17.48398781,17.10460663,16.58200645,16.1837635,15.74310875,15.382164
7/27/2024,5491.285714,0,3377.285714,0,762,0,21750.57143,0,253,0,65.65714286,0,43,0,12985.71429,0,4657.142857,0,0,20.68491745,20.36413193,19.92503929,19.52187347,19.04611969,18.76199913,18.33761597,17.91154099,17.54714012,17.17386246,16.6833744,16.26756096,15.80215836,15.41574764
7/28/2024,5491.571429,0,3483.714286,0,752.7142857,0,21745.85714,0,248.5714286,0,64.64285714,0,43.28571429,0,13000,0,4682.857143,0,0,20.62739563,20.30745697,19.89846611,19.47401237,19.02153778,18.76462936,18.33214378,17.98842621,17.6104908,17.2469635,16.75949287,16.29405785,15.8298769,15.43100071
7/29/2024,5490.857143,0,3489.571429,0,748.5714286,0,21735.85714,0,243.7142857,0,63.88571429,0,43.28571429,0,13000,0,4684.285714,0,0,20.67256927,20.37866974,19.99944496,19.59032249,19.1436348,18.89063454,18.45436478,18.10002899,17.70545006,17.30564117,16.81401253,16.36295128,15.8783884,15.46560574
7/30/2024,5491,0,3496.142857,0,748.2857143,0,21800,0,237.4285714,0,63.35714286,0,43.42857143,0,13014.28571,0,4692.857143,0,0,20.51402092,20.18126106,19.74541473,19.31121826,18.86237526,18.58639908,18.16452599,17.82102203,17.46164513,17.104496,16.60809135,16.18732262,15.72955322,15.36289501
7/31/2024,5562.571429,0,3493.857143,0,749.8571429,0,21853.42857,0,229,0,62.95714286,0,43.57142857,0,13014.28571,0,4698.571429,0,0,20.61802483,20.22954369,19.80442429,19.35749054,18.94149208,18.64587784,18.233284,17.87821198,17.52131462,17.18972015,16.67484474,16.23384666,15.78804684,15.41707802
8/1/2024,5662.714286,0,3497.714286,0,752.7142857,0,21847.28571,0,223.4285714,0,62.85714286,0,43.85714286,0,13000,0,4708.571429,0,0,20.84192657,20.41372299,20.04752159,19.60705185,19.13011169,18.82417679,18.40869713,18.01131248,17.64749527,17.31303215,16.81092262,16.33815956,15.86404419,15.45116329
8/2/2024,5734,0,3507.142857,0,755.7142857,0,21883.85714,0,222,0,62.55714286,0,44.42857143,0,12971.42857,0,4732.857143,0,0,20.81230164,20.38262177,20.0168972,19.57973099,19.11471558,18.81241989,18.38810158,18.00040627,17.62911224,17.28869438,16.80670738,16.31749153,15.86333466,15.44669628
8/3/2024,5809.285714,0,3509.285714,0,763.7142857,0,21885.14286,0,223.7142857,0,62.5,0,44.57142857,0,12942.85714,0,4714.285714,0,0,20.8751564,20.43083572,20.04669762,19.60693169,19.17182541,18.87032509,18.44074249,18.00650787,17.6141758,17.31557083,16.86174011,16.35276794,15.90869236,15.51945496
8/4/2024,5881.428571,0,3514.285714,0,774.4285714,0,21931.28571,0,225,0,62.2,0,44,0,12942.85714,0,4698.571429,0,0,20.9358139,20.45176697,20.11029625,19.67512703,19.17471695,18.93299103,18.57879448,18.14099503,17.66456032,17.36190033,16.94266129,16.45576286,15.99873543,15.66432953
8/5/2024,5954.142857,0,3513.142857,0,780,0,22029.71429,0,226.7142857,0,61.64285714,0,43.42857143,0,12985.71429,0,4722.857143,0,0,21.0816803,20.55374908,20.23755455,19.81424141,19.33259964,19.0839119,18.66135216,18.2672081,17.82728386,17.44255447,17.00285721,16.50823784,15.99184799,15.66696262
8/6/2024,6123.285714,0,3510.285714,0,781,0,22055,0,230.1428571,0,60.85714286,0,42.42857143,0,13000,0,4740,0,0,21.0180397,20.4355011,20.10001945,19.74646759,19.27581024,19.03644753,18.57839584,18.14979553,17.72906685,17.36263275,16.92605209,16.47159767,15.97457886,15.6696825
8/7/2024,6262.428571,0,3513,0,782.2857143,0,22026.71429,0,233.8571429,0,59.87142857,0,41.14285714,0,12985.71429,0,4718.571429,0,0,21.07118988,20.44071007,20.08127975,19.69616127,19.23551941,18.99557304,18.54346466,18.12442398,17.71387291,17.34073257,16.91478348,16.46726608,15.99066257,15.6791687
8/8/2024,6289.714286,0,3572.285714,0,783,0,21952.42857,0,238.4285714,0,58.67142857,0,39.85714286,0,12942.85714,0,4681.428571,0,0,21.2143116,20.52839661,20.18935966,19.84382629,19.36472511,19.01851845,18.56668854,18.15151596,17.74411201,17.39365387,16.9598465,16.49542236,16.00559044,15.67758369
8/9/2024,6218.428571,0,3663.714286,0,782.1428571,0,21897,0,240.7142857,0,57.62857143,0,38.28571429,0,12928.57143,0,4684.285714,0,0,21.18079948,20.48463821,20.16017723,19.81456757,19.34562874,19.00573921,18.55292892,18.14324951,17.72827721,17.38098145,16.96460342,16.49773788,16.02010155,15.68619728
8/10/2024,6071.857143,0,3759.428571,0,780.2857143,0,21890.85714,0,243,0,56.4,0,36.85714286,0,12928.57143,0,4732.857143,0,0,21.03537178,20.4229393,20.10659218,19.73523712,19.26828957,19.01527977,18.56219101,18.15020752,17.73523521,17.39756393,16.98119354,16.514328,16.03745842,15.69386768
8/11/2024,5929,0,3858.428571,0,775.8571429,0,21802.28571,0,249.7142857,0,55.3,0,36.14285714,0,12900,0,4768.571429,0,0,21.02524948,20.39143944,20.03890228,19.65389442,19.19610596,19.00850105,18.54862595,18.13759232,17.7333622,17.32022476,16.90973663,16.45578766,15.98997784,15.65942955
8/12/2024,5772.428571,0,3960,0,781.1428571,0,21622.42857,0,256.2857143,0,54.27142857,0,35.42857143,0,12814.28571,0,4777.142857,0,0,20.98979568,20.41834068,20.08560944,19.70591545,19.24691391,19.04299355,18.57842255,18.15206528,17.74162102,17.33766937,16.89524078,16.44296837,15.93965244,15.61545181
8/13/2024,5603.714286,0,4058,0,802,0,21435.57143,0,258.7142857,0,53.42857143,0,35.14285714,0,12714.28571,0,4771.428571,0,0,21.12002563,20.5872345,20.30859184,19.99780655,19.57093811,19.35475731,18.86647034,18.47399902,18.00424957,17.60715103,17.19939613,16.71509361,16.22841072,15.7849474
8/14/2024,5493.142857,0,4155.714286,0,822.8571429,0,21367.42857,0,257.5714286,0,52.84285714,0,35.57142857,0,12657.14286,0,4804.285714,0,0,21.00208473,20.42649269,20.0918045,19.75867462,19.32482147,19.07984352,18.64435577,18.26271439,17.82643127,17.43658447,16.98542786,16.52779579,16.03825378,15.6534586
8/15/2024,5535,0,4198.285714,0,846.5714286,0,21427.85714,0,251.4285714,0,52.48571429,0,36.28571429,0,12671.42857,0,4851.428571,0,0,20.98682594,20.40789795,20.06001663,19.71604919,19.27031326,19.01893234,18.60229683,18.22517014,17.79679871,17.40422058,16.96529007,16.50357056,16.02490425,15.63274384
8/16/2024,5703.571429,0,4207.142857,0,877.4285714,0,21495.71429,0,243.2857143,0,52.14285714,0,37,0,12685.71429,0,4835.714286,0,0,21.38353539,20.65411377,20.34016037,19.98849869,19.51012802,19.11389351,18.70729065,18.36709023,17.93425751,17.56925964,17.15710258,16.6870575,16.17814255,15.74981403
8/17/2024,5943.714286,0,4210.714286,0,937.1428571,0,21531.57143,0,235.1428571,0,51.94285714,0,37.71428571,0,12714.28571,0,4802.857143,0,0,21.55986595,20.73573494,20.51968193,20.17590332,19.77344131,19.41281319,18.97406197,18.55243874,18.05187035,17.70387268,17.27340508,16.74102211,16.28536987,15.83370781
8/18/2024,6182.714286,0,4213.285714,0,999.1428571,0,21670.57143,0,226.2857143,0,51.65714286,0,38.28571429,0,12771.42857,0,4788.571429,0,0,21.91658783,20.89754486,20.64276886,20.32962227,19.95324516,19.55759048,19.0548687,18.66438103,18.18305206,17.81670189,17.42113304,16.90683174,16.39798164,15.90185452
8/19/2024,6435.142857,0,4210.571429,0,1052.285714,0,21758.28571,0,218.7142857,0,51.48571429,0,38.85714286,0,12814.28571,0,4755.714286,0,0,21.96844673,20.99318504,20.7683239,20.47777367,20.05798912,19.64217758,19.15050888,18.7794323,18.3134613,17.92934608,17.5174408,16.9986496,16.51600456,16.0087738
8/20/2024,6149.857143,0,3995,0,1088.571429,0,21836,0,213.8571429,0,51.27142857,0,39,0,12885.71429,0,4721.428571,0,0,21.56464577,20.72139931,20.5138073,20.15457535,19.77163696,19.34895134,18.87198448,18.43892097,17.96869469,17.59606934,17.25227547,16.74652863,16.32655525,15.8486805
8/21/2024,6023.857143,0,3956.142857,0,1112.428571,0,21920.14286,0,211.8571429,0,50.97142857,0,38.85714286,0,12957.14286,0,4682.857143,0,0,21.45479774,20.77303696,20.47102737,20.13375092,19.67825508,19.18926239,18.71655273,18.35726357,17.9408474,17.55537987,17.22941971,16.73483086,16.26224136,15.80802059
8/22/2024,6023.857143,0,3957.571429,0,1129,0,21892.28571,0,211.4285714,0,50.55714286,0,38.14285714,0,13000,0,4630,0,0,21.54392242,20.82896233,20.48907852,20.16155434,19.69430161,19.22961617,18.76776505,18.40780258,17.97678757,17.58780861,17.23301506,16.73644257,16.27952003,15.83535767
8/23/2024,5954.857143,0,3958.142857,0,1131.857143,0,21846.71429,0,212,0,50.22857143,0,37.57142857,0,13028.57143,0,4628.571429,0,0,21.53667641,20.8263588,20.48399734,20.15607834,19.65171432,19.19050217,18.73428726,18.37103271,17.94693375,17.5292244,17.17237473,16.73894882,16.27400398,15.82624531
8/24/2024,5858.571429,0,3965.142857,0,1107.571429,0,21839.42857,0,211.1428571,0,50.22857143,0,36.85714286,0,13042.85714,0,4640,0,0,21.25240135,20.70646095,20.35286903,19.99977303,19.54268837,19.20495224,18.70028687,18.329813,17.89063072,17.49169922,17.14977646,16.70454025,16.25616646,15.78563309
8/25/2024,5762.714286,0,3959.285714,0,1074.142857,0,21843.71429,0,207.7142857,0,50.64285714,0,36.28571429,0,13057.14286,0,4658.571429,0,0,21.16597176,20.60858154,20.27228737,19.92531395,19.49069977,19.19162941,18.70883942,18.3302021,17.87280846,17.48983383,17.13653755,16.68485069,16.25299644,15.79848385
8/26/2024,5764.142857,0,3964.571429,0,1036.857143,0,21955.28571,0,203.4285714,0,51.4,0,35.71428571,0,13114.28571,0,4698.571429,0,0,21.09322166,20.50790405,20.16064835,19.82767296,19.38507271,19.08418083,18.60897636,18.20986176,17.74985123,17.37473106,17.02544975,16.55173302,16.08807564,15.64561176
8/27/2024,6289.571429,0,4177.571429,0,1006.714286,0,22077.85714,0,198.7142857,0,51.98571429,0,35.57142857,0,13142.85714,0,4742.857143,0,0,21.97783661,20.8915596,20.58582306,20.28307915,19.87696838,19.48100471,18.9917984,18.59828377,18.13306236,17.78016472,17.37916756,16.84636497,16.35354424,15.853899
8/28/2024,6555.428571,0,4220.428571,0,988.2857143,0,22203,0,193.8571429,0,52.27142857,0,35.28571429,0,13171.42857,0,4791.428571,0,0,22.18202972,21.00921822,20.78963661,20.51008224,20.07533836,19.71351433,19.20658493,18.78613281,18.29561806,17.89364243,17.48505211,16.94572449,16.44498444,15.93298626
8/29/2024,6626.714286,0,4221.285714,0,976.4285714,0,22383.14286,0,190.7142857,0,52.27142857,0,35.28571429,0,13214.28571,0,4865.714286,0,0,22.13500214,21.00293922,20.80854607,20.53128433,20.09502983,19.71412849,19.19904327,18.81599045,18.30407906,17.90200043,17.50510979,16.97297668,16.4579792,15.94807911
8/30/2024,6767.428571,0,4225.428571,0,971.4285714,0,22522.57143,0,190.8571429,0,52.01428571,0,35.57142857,0,13242.85714,0,4907.142857,0,0,22.09339142,21.02431107,20.8352356,20.57620239,20.13712883,19.73886871,19.24014664,18.84858894,18.33160973,17.94193268,17.53042984,16.9852066,16.47430992,15.95895767
8/31/2024,6935.714286,0,4225.571429,0,957.1428571,0,22555.42857,0,192.4285714,0,51.44285714,0,36.14285714,0,13214.28571,0,4891.428571,0,0,22.61101913,21.1637764,20.96344566,20.71252823,20.29173851,19.9315834,19.39765358,18.93493652,18.50374985,18.05052185,17.60771751,17.07700348,16.55373955,16.01709938
9/1/2024,7032.428571,0,4233,0,957.1428571,0,22438.42857,0,195.2857143,0,50.44285714,0,51.57142857,0,13142.85714,0,4834.285714,0,0,22.5308075,21.10613823,20.97259903,20.71226692,20.31147003,19.94439316,19.40055847,18.94060898,18.50803375,18.06950569,17.6291256,17.1099205,16.59411049,16.01045418
9/2/2024,6949.142857,0,4231,0,963.4285714,0,22189.42857,0,198.4285714,0,48.87142857,0,70.57142857,0,13042.85714,0,4785.714286,0,0,22.57259369,21.08365822,20.90677643,20.62701416,20.21093559,19.87006569,19.33235168,18.88868904,18.47714424,18.04613876,17.6086216,17.06913185,16.56661034,16.03749275
9/3/2024,6765.857143,0,4234.428571,0,966.2857143,0,21891.57143,0,200.4285714,0,47.48571429,0,87.71428571,0,12928.57143,0,4731.428571,0,0,21.92736626,20.79512215,20.65408134,20.44204903,20.01747894,19.64160156,19.13751602,18.75996399,18.25516129,17.92103958,17.51939201,16.96185112,16.45670319,15.9734087
9/4/2024,6454.571429,0,4234.857143,0,967,0,21613.57143,0,201,0,46.38571429,0,107.4285714,0,12800,0,4668.571429,0,0,22.04436874,20.86216354,20.69399452,20.46677971,20.0694809,19.77536583,19.25930023,18.89038849,18.39461517,18.02990723,17.63388824,17.05209923,16.55983353,16.05412292
9/5/2024,6142.142857,0,4215.857143,0,974.2857143,0,21353.14286,0,199.1428571,0,45.78571429,0,125.1428571,0,12685.71429,0,4614.285714,0,0,22.13771439,20.9336834,20.66420746,20.40196037,20.04091454,19.64142799,19.13838768,18.80163193,18.32714653,17.95453453,17.56762123,17.04009438,16.54066849,16.09887314
9/6/2024,5901.571429,0,4202.714286,0,983.5714286,0,21204.14286,0,196,0,45.24285714,0,144.1428571,0,12628.57143,0,4591.428571,0,0,21.63564873,20.90418053,20.67265892,20.30630302,19.94832993,19.55418205,19.08070374,18.64561462,18.15747452,17.7641201,17.43631935,16.89826965,16.44332886,15.9505043
9/7/2024,5702.428571,0,4199.857143,0,995,0,21251.71429,0,194.1428571,0,44.7,0,163.8571429,0,12642.85714,0,4641.428571,0,0,21.50951004,20.84602928,20.55843735,20.24622345,19.81963348,19.36043167,18.87613297,18.522089,18.10046387,17.69674683,17.36403847,16.83321953,16.33884811,15.87909508
9/8/2024,5605.142857,0,4196.285714,0,993.5714286,0,21398.14286,0,191,0,44.17142857,0,169.4285714,0,12685.71429,0,4727.142857,0,0,21.26053429,20.75438118,20.45280075,20.09424973,19.72402191,19.39088249,18.87844467,18.51883507,18.07918549,17.68924332,17.36112404,16.82671356,16.36081886,15.87125015
9/9/2024,5688.428571,0,4193,0,986.5714286,0,21568.28571,0,186.7142857,0,43.71428571,0,172.8571429,0,12714.28571,0,4777.142857,0,0,21.37407303,20.78780556,20.48695374,20.18180275,19.79966164,19.38217545,18.87128639,18.51712036,18.0830307,17.68838692,17.35227203,16.81639671,16.33524323,15.85118198
9/10/2024,5871.285714,0,4198.571429,0,989,0,21772.14286,0,186.5714286,0,43.28571429,0,185.2857143,0,12785.71429,0,4864.285714,0,0,21.67256927,20.95299339,20.73407555,20.4460392,20.12036133,19.71486473,19.34888077,18.92196083,18.47951317,18.14312553,17.68019295,17.04537392,16.59568024,16.01144791
9/11/2024,6111.714286,0,4198.428571,0,1000.428571,0,21932.28571,0,189.8571429,0,42.97142857,0,197,0,12857.14286,0,4990,0,0,22.36955452,21.19685173,20.91351509,20.66844749,20.3246994,19.84111595,19.43318367,19.07603645,18.62599945,18.1474762,17.70845985,17.14949989,16.65618324,16.15190506
9/12/2024,6351.571429,0,4216.142857,0,1008.571429,0,22097,0,193.1428571,0,42.62857143,0,209.8571429,0,12900,0,5108.571429,0,0,22.14022827,21.15639305,20.92968559,20.69335365,20.34117699,19.82050896,19.41493607,19.03476715,18.58433723,18.22032738,17.78289413,17.21530533,16.72958565,16.08288956
9/13/2024,6520.571429,0,4222.571429,0,1014,0,22172.57143,0,193.5714286,0,42.58571429,0,220.5714286,0,12885.71429,0,5161.428571,0,0,22.41247749,21.13541603,20.97318649,20.77235794,20.44242096,20.01534271,19.61269951,19.23181343,18.74847412,18.4325695,17.98963165,17.3881588,16.84909058,16.19027519
9/14/2024,6719,0,4222.714286,0,1028.142857,0,22113.71429,0,191.2857143,0,42.72857143,0,226.2857143,0,12842.85714,0,5141.428571,0,0,22.16930199,21.07854462,20.96120834,20.79140854,20.46266174,20.00790405,19.61144638,19.21597672,18.72205734,18.41757202,17.95498848,17.31147194,16.76175308,16.10050011
9/15/2024,6887.571429,0,4218.428571,0,1052,0,22009.28571,0,189.4285714,0,43.05714286,0,231.8571429,0,12800,0,5091.428571,0,0,22.66606712,21.23599052,21.09107018,20.93406677,20.629179,20.2022934,19.78107643,19.34557343,18.93014717,18.53383064,18.03659439,17.45020676,16.93517494,16.26676941
9/16/2024,6958,0,4222.571429,0,1075.857143,0,21970.28571,0,186.7142857,0,43.42857143,0,235.2857143,0,12785.71429,0,5074.285714,0,0,22.69585419,21.23290062,21.07081985,20.9136734,20.61905479,20.17910957,19.75510788,19.31911087,18.91891861,18.54176521,18.06552505,17.47063446,16.95223427,16.28014755
9/17/2024,6887.285714,0,4220.428571,0,1094.285714,0,21870.14286,0,182.7142857,0,43.97142857,0,229.2857143,0,12757.14286,0,5007.142857,0,0,22.81299591,21.24076271,21.07477379,20.90499306,20.60840034,20.19187355,19.74806213,19.30962753,18.87351608,18.47127533,17.98737907,17.47542572,16.95430946,16.30189514
9/18/2024,6886.857143,0,4218,0,1112.428571,0,21783.42857,0,178.8571429,0,44.71428571,0,222,0,12742.85714,0,4902.857143,0,0,22.64993286,21.27370834,21.09148788,20.91568375,20.58899689,20.13814354,19.68828201,19.23504448,18.79427338,18.31134605,17.83024597,17.32233429,16.84705162,16.20206451
9/19/2024,6883.142857,0,4217.142857,0,1138.857143,0,21653.42857,0,177.7142857,0,45.67142857,0,216,0,12714.28571,0,4774.285714,0,0,22.57596588,21.26071167,21.08675385,20.90333939,20.58544159,20.14586639,19.64907265,19.19992065,18.76124573,18.30204391,17.85754776,17.34853363,16.84703636,16.22606659
9/20/2024,6883.285714,0,4226.714286,0,1165.714286,0,21516.71429,0,179,0,46.65714286,0,210.5714286,0,12685.71429,0,4692.857143,0,0,22.59633636,21.27725029,21.1054821,20.92149544,20.60328865,20.16391373,19.66398239,19.21526527,18.77468109,18.31330299,17.86381912,17.35488129,16.85032082,16.22934723
9/21/2024,6715.714286,0,4234.142857,0,1175.714286,0,21387.85714,0,180.7142857,0,47.85714286,0,209.1428571,0,12642.85714,0,4667.142857,0,0,22.15570068,21.15464592,21.00109863,20.83189011,20.50424576,20.02315712,19.5536232,19.13989449,18.64294815,18.2548008,17.84022903,17.2645092,16.73462868,16.08398056
9/22/2024,6547.428571,0,4245.714286,0,1179.142857,0,21251.57143,0,180.4285714,0,48.75714286,0,209.1428571,0,12557.14286,0,4652.857143,0,0,22.27228165,21.17007256,20.97971725,20.79548073,20.43942833,19.98373795,19.55012131,19.15597534,18.6764183,18.27431679,17.83844948,17.27638817,16.77475929,16.1279335
9/23/2024,6379.428571,0,4243.142857,0,1195.857143,0,21086.42857,0,180,0,49.2,0,208.8571429,0,12442.85714,0,4658.571429,0,0,22.26023674,21.19083786,20.92833138,20.73791695,20.42871666,19.89398766,19.47898293,19.09698296,18.62348938,18.2240963,17.80707359,17.27536583,16.78251648,16.144907
9/24/2024,6139.428571,0,4241,0,1214.857143,0,20915.14286,0,179.1428571,0,49.25714286,0,209.1428571,0,12200,0,4872.857143,0,0,22.32298279,21.09490776,20.84109306,20.62630844,20.31962776,19.80406189,19.3594265,19.00224876,18.54253387,18.15218925,17.7485981,17.20969582,16.6744976,16.09307861
9/25/2024,5900.285714,0,4181.428571,0,1228,0,20665.85714,0,179.8571429,0,48.84285714,0,208.4285714,0,11914.28571,0,5234.285714,0,0,21.92975426,21.20855522,20.91243172,20.55583,20.20417976,19.75247192,19.3241539,18.9001236,18.47381783,18.12245369,17.7395668,17.20254898,16.6751461,16.09503937
9/26/2024,5092.857143,0,4081.571429,0,1227.428571,0,20502.57143,0,180.2857143,0,48.04285714,0,207.8571429,0,11657.14286,0,5642.857143,0,0,21.20090103,20.76959801,20.44172287,20.09309006,19.65769768,19.28788567,18.8804245,18.48542595,18.166605,17.8390274,17.36479568,16.94394875,16.4574337,15.89608002
9/27/2024,4209.714286,0,3605.142857,0,1218.428571,0,20283.57143,0,179.1428571,0,47.14285714,0,207.2857143,0,11385.71429,0,5997.142857,0,0,20.57897568,20.2347393,19.89395142,19.59302521,19.2543354,18.90656281,18.61230469,18.16697502,17.71653175,17.33747292,16.99772263,16.69540977,16.28914261,15.61901855
9/28/2024,3423.571429,0,3124.571429,0,1226,0,20020.14286,0,176.8571429,0,46.02857143,0,208.2857143,0,11085.71429,0,6291.428571,0,0,20.08722115,19.62999153,19.25676727,18.90796661,18.59334373,18.19731522,17.87534142,17.45281219,17.10027504,16.62477875,16.32454872,16.06911087,15.65799236,15.11298656
9/29/2024,2638.428571,0,2646.571429,0,1239,0,19798.28571,0,175.8571429,0,45.02857143,0,207.2857143,0,10828.57143,0,6598.571429,0,0,18.95275307,18.4939003,18.14296532,17.74811935,17.43809891,17.03281021,16.72039413,16.37728882,16.03833771,15.66318417,15.37353611,15.01695919,14.67602062,14.33319283
9/30/2024,1852.857143,0,2174.285714,0,1241.428571,0,19604,0,179.1428571,0,44.25714286,0,207.2857143,0,10585.71429,0,6874.285714,0,0,17.67296028,17.33780479,16.88732529,16.53939056,16.19115639,15.89880848,15.59354877,15.31709862,15.04885864,14.68684101,14.36240387,13.85156345,13.50945377,12.98469257
10/1/2024,2092.428571,0,1835.571429,0,1247.714286,0,19494.42857,0,187.2857143,0,43.72857143,0,209.2857143,0,10457.14286,0,6950,0,0,17.54183769,17.18503761,16.7774334,16.49832344,16.10951805,15.77058887,15.38564491,14.91010857,14.66711998,14.46203327,14.16318035,13.6247015,13.25144482,12.5483551
10/2/2024,2331.142857,0,1695.285714,0,1250.142857,0,19378.57143,0,195,0,43.35714286,0,210,0,10331.42857,0,6844.285714,0,0,17.67136002,17.31144333,16.91124535,16.60058594,16.22090912,15.83817673,15.52588081,15.25535107,14.98594284,14.76185799,14.38973522,13.80552387,13.46288013,12.95321846
10/3/2024,3143.285714,0,1637.857143,0,1247.285714,0,18959.85714,0,201.5714286,0,42.97142857,0,213,0,10107.14286,0,6598.571429,0,0,18.12848091,17.7965374,17.47287178,17.11656761,16.83400726,16.47119522,16.16330719,15.84845161,15.5267458,15.21426678,14.87841606,14.54835892,14.24027443,13.91539669
10/4/2024,4027,0,2003.142857,0,1249,0,18408.42857,0,208.4285714,0,42.48571429,0,228.5714286,0,9861.428571,0,6185.714286,0,0,19.51865768,19.12467384,18.6798172,18.31340599,18.0561409,17.72000504,17.39631081,17.06619072,16.71318817,16.43170929,16.06604767,15.71162796,15.33767319,14.87524319
10/5/2024,4910,0,2471.714286,0,1252.571429,0,17728.57143,0,213.5714286,0,41.77142857,0,285.4285714,0,9577.142857,0,5654.285714,0,0,20.41043282,20.07769966,19.7696476,19.45133972,19.15582848,18.80551338,18.48826218,18.16397858,17.81900787,17.44636536,17.06097412,16.6655941,16.22067261,15.75583649
10/6/2024,5694.714286,0,2942.571429,0,1256.142857,0,16928,0,217.2857143,0,41.08571429,0,387.4285714,0,9140,0,5068.571429,0,0,20.87005424,20.45456886,20.15174866,19.81810951,19.45090485,19.06672287,18.75504684,18.40535927,18.08643913,17.713974,17.28849983,16.88634872,16.48776817,16.10613823
10/7/2024,6408.857143,0,3415.714286,0,1263.285714,0,16060.42857,0,214,0,40.61428571,0,528.2857143,0,8510,0,4572.857143,0,0,21.15493202,20.62307167,20.27039146,19.95228958,19.60581398,19.29351234,18.96990967,18.64348793,18.29697609,17.9235363,17.44700432,16.97324753,16.51646805,16.08000755
10/8/2024,6211.857143,0,3756,0,1269.142857,0,15180,0,198.1428571,0,40.12857143,0,667.4285714,0,7895.714286,0,4195.714286,0,0,20.98779869,20.55707932,20.21910095,19.92442131,19.55269051,19.176548,18.83642578,18.47885323,18.11175156,17.68338394,17.15457535,16.65233803,16.17060089,15.69691753
10/9/2024,6043.714286,0,3959.142857,0,1277,0,14374.57143,0,177.1428571,0,39.58571429,0,809.7142857,0,7380,0,3898.571429,0,0,20.95100975,20.66285324,20.41147423,20.05851746,19.72991371,19.30517197,18.93603516,18.56537437,18.20689964,17.8213253,17.31545448,16.81319046,16.32645226,15.81479931
10/10/2024,5874.428571,0,4113.285714,0,1288.571429,0,13810.57143,0,156.8571429,0,39.22857143,0,950.5714286,0,7034.285714,0,3694.285714,0,0,20.79419518,20.54869461,20.22100449,19.85791016,19.45899582,19.03143311,18.66736603,18.29798126,17.93408203,17.37085342,16.90426445,16.38376427,15.9631834,15.5132513
10/11/2024,5705,0,4213.285714,0,1323.428571,0,13419.71429,0,136.1428571,0,39.01428571,0,1080.142857,0,6848.571429,0,3574.285714,0,0,20.70735168,20.45980835,20.12339592,19.74292374,19.33904839,18.90728951,18.54763222,18.22113419,17.85699463,17.37847328,16.90119743,16.44012451,16.02082634,15.58503914
10/12/2024,5535.285714,0,4211.142857,0,1393,0,13103.85714,0,117.7142857,0,38.97142857,0,1167,0,6741.428571,0,3564.285714,0,0,20.9196701,20.47956085,20.09560013,19.82756615,19.48102951,19.08839035,18.72847748,18.33171272,17.99921608,17.52194023,17.02084541,16.45166397,16.04728127,15.60125542
10/13/2024,4750,0,4212.428571,0,1481.285714,0,12719.85714,0,101.7142857,0,39.1,0,1210,0,6692.857143,0,3527.142857,0,0,20.64577293,20.37392044,19.9943924,19.73895264,19.39558792,19.12779999,18.81548119,18.44602585,18.08277321,17.60747147,17.1619091,16.73541451,16.27602959,15.9580946
10/14/2024,3965.285714,0,4212.142857,0,1566.714286,0,12290.85714,0,90.71428571,0,39.35714286,0,1214.285714,0,6800,0,3377.142857,0,0,20.20889282,19.86336327,19.52262115,19.25549698,18.89779854,18.60999298,18.27907181,17.92950821,17.56321144,17.20088387,16.80217171,16.43977165,16.04979324,15.63240719
10/15/2024,3209,0,4211.142857,0,1653.571429,0,11855.14286,0,88,0,39.77142857,0,1215.714286,0,6915.714286,0,3117.142857,0,0,19.87088776,19.52718735,19.20848083,18.89861679,18.57038879,18.26410866,17.90792656,17.60910416,17.34124947,16.97437668,16.58540535,16.23154068,15.89580917,15.46523285
10/16/2024,2424.428571,0,4190,0,1729.285714,0,11361.85714,0,89.42857143,0,40.58571429,0,1177.857143,0,6961.428571,0,2795.714286,0,0,19.71543694,19.23612022,18.78337288,18.35854149,17.943573,17.60589027,17.35240364,17.04070282,16.71540451,16.42910576,16.08240128,15.74136829,15.38443756,14.93754292
10/17/2024,1709.714286,0,4190,0,1783.571429,0,10854.71429,0,90.28571429,0,42.02857143,0,1095.571429,0,6931.428571,0,2488.571429,0,0,19.07918358,18.56142616,18.09024239,17.73641968,17.44122696,17.09445763,16.77957535,16.52202606,16.22211456,15.84992123,15.60359192,15.28635979,14.85627747,14.4572525
10/18/2024,1252.714286,0,4195.285714,0,1823.857143,0,10365.85714,0,90.57142857,0,43.88571429,0,975,0,6792.857143,0,2307.142857,0,0,18.6302948,18.10129929,17.7809906,17.45271111,17.13556099,16.76567078,16.40371132,16.13425827,15.76768112,15.46790314,15.08600903,14.68476772,14.35870647,14.04343128
10/19/2024,753.1428571,0,4203.857143,0,1866.714286,0,9967.571429,0,90,0,45.65714286,0,858,0,6634.285714,0,2157.142857,0,0,18.29512596,17.80314445,17.44106865,17.12130356,16.82033157,16.48181152,16.17413712,15.84767342,15.52100277,15.23531723,14.92129517,14.60644341,14.32087135,13.9208889
10/20/2024,967.8571429,0,4206.571429,0,1932.142857,0,9689,0,89.57142857,0,46.95714286,0,805.4285714,0,6532.857143,0,2070,0,0,18.15063286,17.6824913,17.36277008,16.95980835,16.62011909,16.29566956,15.98105907,15.64548111,15.347435,15.03639221,14.71894169,14.42862129,14.09716606,13.77756214
10/21/2024,1538.285714,0,3962.428571,0,2008.857143,0,9518.571429,0,88.14285714,0,47.85714286,0,814,0,6454.285714,0,2024.285714,0,0,18.36454201,17.88448715,17.62777901,17.28786087,16.97916412,16.69504547,16.3464241,16.01986122,15.69614601,15.39318943,15.10318184,14.7351656,14.38457489,14.05137348
10/22/2024,2137,0,3719,0,2047.285714,0,9400.571429,0,86.28571429,0,48.48571429,0,832.5714286,0,6367.142857,0,2017.142857,0,0,18.51556015,18.07442093,17.74859428,17.36223221,17.09189034,16.65975571,16.37436867,16.05844498,15.69161224,15.35986805,15.05403233,14.84785652,14.61620998,14.29728127
10/23/2024,2749.857143,0,3490.428571,0,2056.142857,0,9345.142857,0,83.28571429,0,48.8,0,849,0,6297.142857,0,2037.142857,0,0,19.08582687,18.61151695,18.23564529,17.86470985,17.57994652,17.26771355,16.97873878,16.6241188,16.37797928,16.14320755,15.87622738,15.58642483,15.22907162,14.77617073
10/24/2024,3307.714286,0,3168.857143,0,2061.285714,0,9301.857143,0,81.85714286,0,48.48571429,0,862.1428571,0,6221.428571,0,2041.428571,0,0,19.10785294,18.65132141,18.24290848,17.87096405,17.58485985,17.26717758,16.99644661,16.6401844,16.38615227,16.15293503,15.8918848,15.59717274,15.24070358,14.79185772
10/25/2024,3536.571429,0,2818.142857,0,2090.285714,0,9223.428571,0,82.14285714,0,47.72857143,0,868.1428571,0,6127.142857,0,2031.428571,0,0,19.04385185,18.56965828,18.2185421,17.8611393,17.57632446,17.2601738,16.96848488,16.60949516,16.35556984,16.09719276,15.85935307,15.56590462,15.18025398,14.74274349
10/26/2024,3865.714286,0,2455,0,2149.571429,0,9123,0,83.71428571,0,46.97142857,0,869.2857143,0,6037.142857,0,2037.142857,0,0,19.0182972,18.57593155,18.16481781,17.87866783,17.56249619,17.26379967,16.97580147,16.62117767,16.37045288,16.1232357,15.86609173,15.57178783,15.18723392,14.72644329
10/27/2024,4222,0,2098.142857,0,2183,0,9037.571429,0,85,0,46.58571429,0,838.4285714,0,5942.857143,0,2030,0,0,18.9773674,18.54315567,18.12153435,17.83719444,17.50663185,17.18150711,16.90163422,16.5267086,16.2582016,15.94273663,15.69264603,15.37141514,14.99637604,14.57911873
10/28/2024,4351.428571,0,2001.571429,0,2177.571429,0,8929.142857,0,86,0,46.48571429,0,774.1428571,0,5872.857143,0,2011.428571,0,0,19.09476471,18.68985748,18.27877045,17.96159363,17.62523651,17.27293587,16.99790001,16.64392853,16.37986565,16.07279968,15.77231312,15.45614052,15.08176804,14.64381123
10/29/2024,4437.428571,0,1909.857143,0,2186.285714,0,8823.142857,0,88.28571429,0,46.58571429,0,703.7142857,0,5831.428571,0,1965.714286,0,0,19.14309883,18.73303413,18.2846489,17.96918488,17.64860344,17.31881523,17.04376793,16.69045448,16.42031288,16.08955765,15.77875996,15.46018696,15.07325649,14.62419891
10/30/2024,4509.428571,0,1915.428571,0,2211.428571,0,8654.571429,0,91.14285714,0,46.88571429,0,640.4285714,0,5762.857143,0,1887.142857,0,0,19.01355743,18.55755615,18.11485672,17.80886078,17.51746559,17.20821381,16.91825104,16.56240463,16.27156258,15.92044544,15.64819622,15.33469963,14.94462585,14.49981689
10/31/2024,4551.285714,0,1968,0,2240,0,8498.714286,0,92.14285714,0,47.34285714,0,592.7142857,0,5687.142857,0,1814.285714,0,0,19.27424431,18.75273132,18.39938164,18.08930206,17.84248924,17.53693199,17.24281883,16.903162,16.58308792,16.19424057,15.87748814,15.56691074,15.16725159,14.72923565
11/1/2024,4279.714286,0,2206.428571,0,2275.714286,0,8394.428571,0,92.14285714,0,47.92857143,0,587.8571429,0,5647.142857,0,1760,0,0,18.951437,18.46113205,18.03452492,17.70838165,17.42275047,17.14079094,16.87008667,16.52119827,16.25984001,15.89773941,15.67006016,15.36321735,15.00296307,14.59712696
11/2/2024,3893.285714,0,2462.285714,0,2287.285714,0,8422.285714,0,91.85714286,0,49.11428571,0,587.4285714,0,5650,0,1745.714286,0,0,18.94525146,18.4493084,18.01386452,17.69909859,17.39884567,17.12343407,16.84318924,16.4922142,16.23126602,15.86835384,15.64749622,15.35649967,15.01001835,14.57937813
11/3/2024,3508.285714,0,2730.571429,0,2271.285714,0,8550.571429,0,91.14285714,0,50.62857143,0,585.7142857,0,5720,0,1781.428571,0,0,18.9153347,18.41397858,17.99853134,17.69763184,17.39255905,17.13515282,16.85881233,16.50380707,16.24218941,15.87351608,15.6322403,15.32581806,14.94119072,14.49697971
11/4/2024,3079.285714,0,2795.142857,0,2251.142857,0,8668,0,91.57142857,0,51.85714286,0,573,0,5784.285714,0,1805.714286,0,0,18.55491638,18.10622025,17.71525002,17.43865013,17.12393188,16.827034,16.56112671,16.27160835,15.89905071,15.51149178,15.24575996,14.97610474,14.65554905,14.33402252
11/5/2024,2850.714286,0,2843.857143,0,2218.142857,0,8793.285714,0,91.42857143,0,52.42857143,0,521,0,5837.142857,0,1827.142857,0,0,18.76082802,18.27588272,17.93577957,17.66378593,17.30981636,16.9416008,16.66675377,16.33707809,15.98213482,15.60517979,15.33706665,15.10070038,14.81422806,14.47993851
11/6/2024,2579.428571,0,2912.142857,0,2186.428571,0,8933.142857,0,91.42857143,0,52.62857143,0,476.8571429,0,5895.714286,0,1887.142857,0,0,18.93640137,18.52401161,18.13171577,17.74988365,17.39179611,17.09143829,16.79083061,16.47223663,16.20865631,15.78800392,15.54297161,15.24266243,14.86027241,14.45538712
11/7/2024,2237.142857,0,3055,0,2153.285714,0,9021.285714,0,91.42857143,0,52.57142857,0,463.1428571,0,5942.857143,0,1928.571429,0,0,18.56741142,18.27477646,17.86515808,17.51088333,17.20425415,16.87300301,16.5990448,16.33000755,16.11025429,15.69393921,15.42698956,15.11548328,14.71602249,14.37792015
11/8/2024,2236.857143,0,3053.142857,0,2071.142857,0,9144.428571,0,91.57142857,0,52.24285714,0,449.4285714,0,5967.142857,0,1977.142857,0,0,18.62447739,18.13680458,17.76431847,17.49149513,17.1394043,16.78425407,16.44979858,16.11996651,15.81048775,15.44299316,15.16505909,14.88044262,14.5556879,14.21788025
11/9/2024,2208.285714,0,3046,0,1935.571429,0,9163.857143,0,91.42857143,0,51.2,0,432.5714286,0,5977.142857,0,1992.857143,0,0,18.56428146,18.06216812,17.72005844,17.43716621,17.04697609,16.69202423,16.35561752,16.00415802,15.69262886,15.36022472,15.10172272,14.82217598,14.50709152,14.16815758
11/10/2024,2122.428571,0,3019.285714,0,1782.714286,0,9099.428571,0,91.28571429,0,49.82857143,0,383.2857143,0,5942.857143,0,1954.285714,0,0,18.45534706,18.00004768,17.63529015,17.30428696,16.94480324,16.65413284,16.32297707,15.98020363,15.70010471,15.34620476,15.10146999,14.78788853,14.46752834,14.11163425
11/11/2024,1993.142857,0,3182,0,1648.571429,0,9040.285714,0,91.28571429,0,49.05714286,0,319,0,5895.714286,0,1917.142857,0,0,18.68434334,18.2186203,17.88531685,17.53674126,17.20064163,16.93885994,16.63754272,16.33778381,16.01846123,15.675704,15.37779045,15.00380039,14.64354038,14.29841423
11/12/2024,1650.428571,0,3349.285714,0,1556.285714,0,8970.285714,0,89.57142857,0,49.61428571,0,292,0,5802.857143,0,1955.714286,0,0,18.58569717,18.19384956,17.8791256,17.49746704,17.12221909,16.80185509,16.53769302,16.23778534,15.92985725,15.62179565,15.26160908,14.96588039,14.62148094,14.26269817
11/13/2024,1406.428571,0,3404.857143,0,1489.285714,0,8876.714286,0,86.85714286,0,52.17142857,0,289.7142857,0,5681.428571,0,2008.571429,0,0,18.20554161,17.76254463,17.41080666,17.10609627,16.79721069,16.52832413,16.20913696,15.91039753,15.5843811,15.26534748,14.97751999,14.67175484,14.33358002,14.0036869
11/14/2024,1306.857143,0,3415.571429,0,1443,0,8884.428571,0,84.71428571,0,53.65714286,0,288.2857143,0,5574.285714,0,2065.714286,0,0,17.96534157,17.56037521,17.22043228,16.88488579,16.5645237,16.20396614,15.85896206,15.55551815,15.24789429,14.92166805,14.61046028,14.2785511,13.95075512,13.66473293
11/15/2024,1206.857143,0,3417.857143,0,1406.428571,0,8865.857143,0,83,0,54.94285714,0,288.2857143,0,5544.285714,0,2075.714286,0,0,18.08163261,17.65903091,17.24799156,16.86015892,16.54733086,16.27397537,15.92685509,15.61663342,15.31286812,14.9848814,14.66192818,14.33083248,13.96358013,13.62375927
11/16/2024,1192.428571,0,3418.857143,0,1376.142857,0,8911.857143,0,81.42857143,0,56.77142857,0,288.4285714,0,5545.714286,0,2062.857143,0,0,18.13796234,17.71357727,17.39437485,17.02656555,16.69840431,16.3309288,15.98723888,15.67747688,15.37899971,15.03929615,14.71900272,14.35636616,13.99299812,13.6650219
11/17/2024,1177.857143,0,3419.857143,0,1360,0,8926.714286,0,79.85714286,0,59.44285714,0,287.5714286,0,5534.285714,0,2064.285714,0,0,18.14405823,17.75203514,17.34235382,16.96715355,16.63426971,16.33974075,15.99698162,15.68416405,15.3562746,15.01220798,14.68749142,14.32585049,13.98397636,13.6601553
11/18/2024,1263.857143,0,3303,0,1346.428571,0,8966.142857,0,79.85714286,0,60.77142857,0,285.2857143,0,5501.428571,0,2132.857143,0,0,18.06615257,17.66827393,17.26543045,16.90303993,16.5766201,16.2725811,15.91651821,15.59641266,15.29190922,14.94060516,14.61946964,14.26873398,13.89287567,13.53383064
11/19/2024,1492.285714,0,3195.714286,0,1329,0,8957.428571,0,83.14285714,0,61.54285714,0,285.1428571,0,5465.714286,0,2178.571429,0,0,18.18952751,17.79559898,17.46650696,17.11950302,16.78369522,16.40322304,16.0627594,15.75378036,15.46234131,15.02048588,14.72187614,14.45526505,14.13553429,13.75797176
11/20/2024,1536.714286,0,3192.142857,0,1317,0,9040,0,89.42857143,0,60.87142857,0,285.2857143,0,5502.857143,0,2221.428571,0,0,18.06109238,17.66959,17.336483,16.97968674,16.65524673,16.27709389,15.94205666,15.63447762,15.33384991,14.99318027,14.67808437,14.36601353,14.01718807,13.64181328
11/21/2024,1593,0,3199.857143,0,1314,0,9492.285714,0,100,0,61.88571429,0,286.5714286,0,5727.142857,0,2438.571429,0,0,18.04548836,17.64813614,17.30208778,16.94603539,16.63620377,16.26253891,15.95143509,15.63729286,15.33294106,14.98739052,14.68539906,14.36277485,14.00879765,13.63473129
11/22/2024,1907.857143,0,3309.428571,0,1317.142857,0,10605.14286,0,112.5714286,0,63.74285714,0,291,0,6298.571429,0,3035.714286,0,0,18.54932594,18.10975838,17.77877235,17.45269203,17.10852814,16.73853683,16.42741966,16.09527016,15.79063225,15.48786354,15.17783546,14.85385418,14.41673374,14.05009079
11/23/2024,2508.428571,0,3400.857143,0,1325.142857,0,13733.57143,0,128.8571429,0,70.82857143,0,295,0,7738.571429,0,4358.571429,0,0,19.17571259,18.76338387,18.37059975,17.98628807,17.64216423,17.25852013,16.97563553,16.6629734,16.34392548,16.03476906,15.74690723,15.3856039,14.98981762,14.50314617
11/24/2024,2994.428571,0,3500.285714,0,1334.857143,0,18560.28571,0,145,0,88.32857143,0,296,0,10181.42857,0,6327.142857,0,0,19.8031311,19.40154648,19.047472,18.72261238,18.39381218,18.03141022,17.72445679,17.34483147,17.0134716,16.63109589,16.31134033,15.92898369,15.5731287,15.1032896
11/25/2024,3609.428571,0,3717.857143,0,1343.857143,0,24369.71429,0,164.5714286,0,96.27142857,0,296.4285714,0,13240,0,8645.714286,0,0,20.19592476,19.82187843,19.53396416,19.17619705,18.8536377,18.52412224,18.22010994,17.81235695,17.44194221,17.05946541,16.6528492,16.22083473,15.75448608,15.29913044
11/26/2024,4222,0,3928.571429,0,1358.571429,0,31220.57143,0,189,0,100.1285714,0,293.2857143,0,16742.85714,0,11228.57143,0,0,20.44786453,20.111866,19.76227951,19.43802452,19.06609917,18.75344467,18.40939903,17.98221207,17.49694061,17.08639145,16.62382317,16.24037552,15.83021927,15.24522781
11/27/2024,4961.428571,0,4037.857143,0,1371.571429,0,38103.28571,0,219.4285714,0,108.6,0,293,0,20302.85714,0,13865.71429,0,0,20.94909668,20.57607841,20.18531418,19.78843117,19.40644264,18.9976635,18.62440491,18.29052162,17.8672123,17.52236748,17.11311531,16.62516212,16.1883831,15.72566032
11/28/2024,5630.142857,0,4126,0,1380,0,43851.14286,0,271.4285714,0,113.9857143,0,291.2857143,0,23347.14286,0,16151.42857,0,0,21.19363785,20.73186493,20.43407822,20.10061264,19.67004204,19.33045006,18.89549446,18.52078819,18.09867287,17.68106461,17.296381,16.77090454,16.27733231,15.77266884
11/29/2024,6083.285714,0,4116.714286,0,1384.857143,0,47892,0,315,0,115.5428571,0,286.2857143,0,25428.57143,0,17757.14286,0,0,21.65652847,20.92336082,20.69235802,20.40327835,20.07792282,19.64675331,19.17422104,18.78695869,18.32471466,17.90877724,17.45430946,16.93146515,16.46010017,15.88562679
11/30/2024,6251.142857,0,4129,0,1378.714286,0,48857.71429,0,329.2857143,0,110.1,0,280.7142857,0,26057.14286,0,18285.71429,0,0,21.97602463,21.02340889,20.73558235,20.47169495,20.10565758,19.68511581,19.22571182,18.86583519,18.42441368,18.03021049,17.57512283,17.04636955,16.52567863,15.98132515
12/1/2024,6562.571429,0,4134.285714,0,1366.428571,0,47450.57143,0,324.2857143,0,92.68571429,0,279.4285714,0,25314.28571,0,17885.71429,0,0,22.15092278,21.11599159,20.92607307,20.69378471,20.31114006,19.93473625,19.46561813,19.08059692,18.56188965,18.12282562,17.66882324,17.08916855,16.54117584,15.98557758
12/2/2024,6673.142857,0,3782.714286,0,1359.571429,0,44608.71429,0,306.2857143,0,85.51428571,0,279,0,23742.85714,0,16885.71429,0,0,22.02576828,21.06714439,20.73727798,20.48014069,20.08049011,19.66916656,19.2581768,18.89760208,18.49121857,18.11284065,17.70079041,17.05917358,16.6451149,16.15130424
12/3/2024,6673,0,3432.285714,0,1352.428571,0,40355,0,281.5714286,0,81.95714286,0,281.4285714,0,21571.42857,0,15428.57143,0,0,21.50835228,20.95417404,20.71457291,20.35363007,19.97032547,19.61026192,19.20298767,18.78194809,18.32475662,17.92798424,17.51399612,16.93976021,16.51248169,16.07286453
12/4/2024,6672.857143,0,3437.428571,0,1347.571429,0,35644.71429,0,249.1428571,0,73.38571429,0,281.4285714,0,19114.28571,0,13750,0,0,21.3398819,20.79133797,20.54963875,20.2721138,19.81715012,19.45526886,19.11310959,18.73361588,18.39597511,18.06168556,17.64510345,17.02519989,16.49823189,16.08421898
12/5/2024,6673.142857,0,3447.714286,0,1344.142857,0,31247,0,190.4285714,0,67.27142857,0,281.1428571,0,16800,0,12121.42857,0,0,21.50283241,21.05357361,20.79389381,20.46635056,20.12446785,19.74769402,19.37431717,18.99441147,18.56988525,18.21916962,17.74126244,17.21740723,16.63784599,16.08795357
12/6/2024,6674.571429,0,3449.285714,0,1340.428571,0,27593.57143,0,136.1428571,0,64.3,0,280.7142857,0,14885.71429,0,10715.71429,0,0,21.59329224,20.9886055,20.75347328,20.46808815,20.11694717,19.7632885,19.41377068,19.04443169,18.65567398,18.35214996,17.91615295,17.42050743,16.88272858,16.35003281
12/7/2024,6675.142857,0,3448.428571,0,1336.142857,0,24714.42857,0,108.2857143,0,62.58571429,0,281,0,13387.14286,0,9571.428571,0,0,21.56951523,20.97281456,20.71268463,20.39614868,20.04720116,19.74834633,19.38339996,19.01428795,18.60731125,18.19608498,17.73184395,17.24669647,16.71920776,16.2178936
12/8/2024,6675.285714,0,3452.857143,0,1330.142857,0,22399.14286,0,100,0,61.4,0,280.8571429,0,12184.28571,0,8621.428571,0,0,21.56473541,21.02878761,20.77801895,20.45162964,20.09348488,19.74102974,19.38126755,19.0098896,18.61097527,18.20837402,17.74850845,17.27164841,16.75076485,16.2624073
12/9/2024,6675.285714,0,3808,0,1321.857143,0,20445.28571,0,99.71428571,0,60.51428571,0,280.5714286,0,11185.71429,0,7811.428571,0,0,21.59650803,20.97135544,20.73729897,20.4380188,20.11581802,19.72735405,19.36403847,19.0072403,18.66271019,18.25869942,17.8496151,17.34182739,16.75948334,16.18264771
12/10/2024,6582.571429,0,4167.428571,0,1313.428571,0,18763.14286,0,99.71428571,0,59.75714286,0,281,0,10325.71429,0,7084.285714,0,0,22.0122242,21.07466507,20.86310005,20.5946579,20.33379936,19.94273758,19.55794907,19.20569992,18.82698822,18.43474007,18.01295853,17.46825981,16.88080025,16.32134628
12/11/2024,6580,0,4104.714286,0,1305.571429,0,17362.57143,0,99,0,59.08571429,0,282,0,9595.714286,0,6422.857143,0,0,21.78208733,20.96365738,20.80507851,20.54871941,20.28259087,19.88926125,19.50686836,19.15627098,18.77411842,18.4368,18.0156517,17.48990822,16.92798615,16.37559891
12/12/2024,6579.571429,0,4004.571429,0,1305.142857,0,16334.57143,0,98.28571429,0,59.58571429,0,288.7142857,0,9055.714286,0,5912.857143,0,0,21.64701271,20.98647308,20.77963257,20.53134727,20.20348167,19.83664703,19.47227287,19.12786293,18.75569725,18.45630836,18.07852936,17.56889725,17.00324631,16.43818283
12/13/2024,6579.714286,0,3905.285714,0,1310.571429,0,15828.71429,0,98.85714286,0,65.82857143,0,290.8571429,0,8744.285714,0,5601.428571,0,0,21.72729874,21.00414658,20.75149536,20.53653526,20.21839905,19.85276031,19.49842262,19.14846039,18.78817749,18.47090912,18.09337616,17.58047295,16.98580551,16.41132545
12/14/2024,6580.285714,0,3799.142857,0,1314.571429,0,15856.57143,0,98.57142857,0,82.41428571,0,295.8571429,0,8800,0,5575.714286,0,0,21.64120293,20.98494339,20.77181053,20.48915863,20.1626358,19.78877068,19.42882156,19.08753777,18.73653221,18.35048866,17.93101883,17.44896889,16.85232735,16.38160133
12/15/2024,6632.142857,0,3704,0,1320,0,17693,0,98.14285714,0,105.1571429,0,297.1428571,0,9645.714286,0,6254.285714,0,0,21.67561531,20.99642372,20.77951241,20.50071716,20.18276024,19.80773354,19.44729042,19.10307884,18.73649025,18.35889244,17.95541763,17.48470116,16.9037323,16.33716393
12/16/2024,6685.714286,0,3612.857143,0,1323.428571,0,21006.28571,0,97.71428571,0,120.6428571,0,300.1428571,0,11201.42857,0,7478.571429,0,0,21.9983139,21.05922318,20.81762886,20.53277016,20.25787354,19.8998127,19.55019379,19.19504738,18.81817245,18.4362812,18.02304268,17.53634262,16.96908188,16.4447403
12/17/2024,6830.428571,0,3507.714286,0,1324.428571,0,25205.57143,0,97.28571429,0,130.4285714,0,300.8571429,0,13261.42857,0,9077.142857,0,0,21.98768997,21.11158562,20.87880325,20.61578178,20.30657768,19.93547821,19.56868362,19.21050644,18.81641579,18.48572922,18.06424713,17.5775013,17.00515366,16.42218018
12/18/2024,6879.428571,0,3467,0,1324.714286,0,30222,0,97.14285714,0,140.5285714,0,299.2857143,0,15734.28571,0,10988.57143,0,0,21.84109497,21.08625603,20.84521103,20.57346535,20.25894737,19.8737011,19.48970222,19.11498833,18.70092201,18.35925102,17.8962059,17.40158653,16.83674812,16.26270676
12/19/2024,6011.285714,0,3234.285714,0,1317.857143,0,35245.42857,0,97,0,146.5714286,0,291.8571429,0,18245.71429,0,12941.42857,0,0,20.79113007,20.36667824,20.03298569,19.65036774,19.14158821,18.74092293,18.50308228,18.03283501,17.79969978,17.42898178,17.05315399,16.65595245,16.1511116,15.52513123
12/20/2024,5141.285714,0,2997.571429,0,1304.142857,0,39503.42857,0,104.8571429,0,145.2428571,0,289.8571429,0,20428.57143,0,14644.28571,0,0,20.46305275,20.14575386,19.78575706,19.41588974,19.07675171,18.75959396,18.38599014,17.9715271,17.53899574,17.12130356,16.69228745,16.34817314,15.89329433,15.35656261
12/21/2024,4257.857143,0,2769,0,1293.142857,0,42741.28571,0,120.5714286,0,132.8,0,285,0,22014.28571,0,15928.57143,0,0,20.12327003,19.80641937,19.4336853,19.06044006,18.69856262,18.31805992,17.90686607,17.4302578,17.04045296,16.65317917,16.21371078,15.79500103,15.30512047,14.82055569
12/22/2024,3322.571429,0,2524.571429,0,1280.142857,0,43844.14286,0,135.7142857,0,115.1285714,0,284.7142857,0,22628.57143,0,16414.28571,0,0,19.50510597,18.99098587,18.56807137,18.13287163,17.85619545,17.45921135,17.15205765,16.80207443,16.41181374,16.06023788,15.64614677,15.20208359,14.84426403,14.3791151
12/23/2024,2385.857143,0,2279.285714,0,1270.428571,0,43237.85714,0,150.8571429,0,113.5571429,0,280.8571429,0,22414.28571,0,16271.42857,0,0,18.32847595,17.91785622,17.55222702,17.24337196,16.87911987,16.49862289,16.16051102,15.79992294,15.52315903,15.15914154,14.82795143,14.4925251,14.19980145,13.87672234
12/24/2024,1450,0,2048,0,1266.285714,0,41710.14286,0,165.8571429,0,131.9857143,0,282.7142857,0,21700,0,15757.14286,0,0,17.56826591,17.02329636,16.56518364,16.05394363,15.53365993,15.33427811,15.03272152,14.76063251,14.57307911,14.32248306,13.84542751,13.35721779,13.03808117,12.26750088
12/25/2024,522.4285714,0,1814.285714,0,1268.714286,0,39653.85714,0,180.4285714,0,169.1285714,0,283.4285714,0,20728.57143,0,15085.71429,0,0,12.89678192,12.51453686,12.08587551,11.80587387,11.61345577,11.25250149,10.86609554,10.53727341,10.39036751,10.12901211,9.801293373,9.345261574,8.601342201,8.285726547
12/26/2024,509,0,1811.571429,0,1270.714286,0,38229.28571,0,195,0,190.1285714,0,284.8571429,0,19957.14286,0,14542.85714,0,0,12.9076252,12.49368,12.04997921,11.79063988,11.60474682,11.25212097,10.89510632,10.56601143,10.43002605,10.14448166,9.813868523,9.27388382,8.558308601,8.287659645
12/27/2024,495.7142857,0,1811.285714,0,1281.714286,0,37598.14286,0,206.1428571,0,258.8857143,0,288.8571429,0,19728.57143,0,14400,0,0,12.98150635,12.53125477,12.08292484,11.80912304,11.65263653,11.19952679,10.77077484,10.58750248,10.55908585,10.26147938,9.899290085,9.333838463,8.545785904,8.3291502
12/28/2024,495.8571429,0,1810.428571,0,1303.571429,0,38278.28571,0,207.8571429,0,321.0428571,0,289,0,20200,0,14728.57143,0,0,12.89158249,12.35131931,11.80273819,11.46513557,11.17930603,10.74599075,10.40059566,10.4619236,10.1183939,9.825586319,9.384763718,9.122968674,8.35058403,8.102993011
12/29/2024,525.4285714,0,1807.857143,0,1322.857143,0,39747.85714,0,207.2857143,0,380.1428571,0,290.4285714,0,21185.71429,0,15400,0,0,12.79370689,12.30953884,11.71035004,11.31881332,11.03373051,10.61405373,10.25761795,10.32684326,10.0360384,9.762751579,9.397627831,9.084676743,8.319343567,8.176972389
12/30/2024,569.4285714,0,1806.857143,0,1338.571429,0,41891.71429,0,206.7142857,0,491.2857143,0,290.8571429,0,22557.14286,0,16357.14286,0,0,13.34153271,12.76294327,12.36076927,11.92767239,11.59476471,11.30965233,11.04505253,11.07805252,10.70316792,10.41088486,9.899924278,9.564293861,8.935324669,8.698666573
12/31/2024,698.1428571,0,1685.857143,0,1350.428571,0,44664.42857,0,206.1428571,0.142857143,536.8571429,0,288.2857143,0,24185.71429,0,17471.42857,0,0,13.27972889,12.71578884,12.30849552,11.9232378,11.57211399,11.24034977,10.95820904,10.96442604,10.56480503,10.29763126,9.760293961,9.463320732,8.947366714,8.851989746
1/1/2025,840,0,1562.285714,0,1355.571429,0,47520.28571,0,205.8571429,0.142857143,539.4285714,0,287.7142857,0,25857.14286,0,18585.71429,0,0,13.19638252,12.62170982,12.19166279,11.84285641,11.45655155,11.10446548,10.80768585,10.80869675,10.46265411,10.2128334,9.715584755,9.426713943,8.896090508,8.789610863
1/2/2025,997.1428571,0,1872.285714,0,1361.428571,0,49679.85714,0,205.4285714,0.142857143,549.5714286,0,285.1428571,0,27300,0,19528.57143,0,0,14.50352859,13.76897144,13.00547409,12.61953735,12.34665012,11.94475842,11.55393219,11.21578789,10.96569347,10.55938911,10.29856205,10.00656891,9.55937767,9.077715874
1/3/2025,1154.714286,0,2209.428571,0,1360.428571,0,51335.28571,0,200.7142857,0.142857143,533.1428571,0,282.7142857,0,28300,0,20142.85714,0,0,15.02024937,14.36075211,14.0041132,13.55282402,13.20392513,12.80686092,12.48250198,12.0080719,11.82393265,11.49917889,11.02624893,10.76895046,10.27420902,9.824322701
1/4/2025,1311.142857,0,2537.428571,0,1350.285714,0,51909,0,197.4285714,0.142857143,539.1428571,0,281.5714286,0,28771.42857,0,20414.28571,0,0,16.67367935,16.32228088,15.88534641,15.49927902,15.08858967,14.62258339,13.82988358,13.46122837,13.07744408,12.81775665,12.4537077,12.23258972,12.05416489,11.44810104
1/5/2025,1439.285714,0,2861,0,1347.428571,0,51970.14286,0,197,0.142857143,519.5714286,0,278.7142857,0,28900,0,20457.14286,0,0,17.91615105,17.37254143,16.94432259,16.49258423,16.0925293,15.47157097,15.03464794,14.68832493,14.40202236,14.22668743,14.00239086,13.7621336,13.4499979,13.22920895
1/6/2025,1552.428571,0,3189.857143,0,1345.714286,0,51622.85714,0,196.5714286,0.142857143,429,0,277.1428571,0,28757.14286,0,20314.28571,0,0,17.95016289,17.41410828,16.8922348,16.51851845,16.13004494,15.92001915,15.61686897,15.32939529,14.98542595,14.73999977,14.51373863,14.25208855,13.9331646,13.56943226
1/7/2025,1595.285714,0,3634.571429,0,1342.285714,0,51277.14286,0,196.2857143,0,385,0,276.4285714,0,28357.14286,0,20057.14286,0,0,18.29380035,17.93767166,17.60214615,17.26263046,16.96680069,16.51378059,16.19634438,15.81657219,15.54027653,15.18453121,14.9112606,14.62667179,14.35196781,13.96134186
1/8/2025,1637.857143,0,4085.285714,0,1336.428571,0,50431.57143,0,192.4285714,0,361.1428571,0,274.8571429,0,27714.28571,0,19628.57143,0,0,18.85370255,18.40681267,18.05118179,17.67182922,17.36938858,16.94211769,16.63605309,16.29408646,15.92276096,15.60326385,15.20224762,14.83032799,14.47183609,14.11396503
1/9/2025,1665.142857,0,4111.571429,0,1329.714286,0,49217.57143,0,185.8571429,0,345.8571429,0,275.5714286,0,26828.57143,0,19042.85714,0,0,19.00907135,18.49850655,18.15098953,17.75610733,17.48319817,17.12894249,16.83062744,16.50584793,16.11301804,15.75630283,15.37763786,15.05146885,14.62734222,14.23836994
1/10/2025,1692.571429,0,4114.428571,0,1324,0,47863.28571,0,174.8571429,0,308.8571429,0,273,0,25857.14286,0,18414.28571,0,0,19.18045235,18.63278198,18.2988987,17.93985558,17.64642525,17.27921486,16.97306061,16.67295647,16.27210236,15.91981888,15.52868271,15.17818165,14.75077248,14.30053711
1/11/2025,1707.285714,0,4129.285714,0,1322.571429,0,46667,0,160.8571429,0,255,0,273.8571429,0,24885.71429,0,17785.71429,0,0,19.26623535,18.69622993,18.3364048,17.9347496,17.60097313,17.21980476,16.92570114,16.60723686,16.23405266,15.91753387,15.55459595,15.21438408,14.84226799,14.46494865
1/12/2025,1706.285714,0,4140.857143,0,1321.857143,0,45447.57143,0,146.8571429,0,227.7142857,0,274.2857143,0,23885.71429,0,17142.85714,0,0,19.32427788,18.84420586,18.45412827,18.05244446,17.75613403,17.37137604,17.03619766,16.70560455,16.33507538,16.06904221,15.7115097,15.32478142,14.99893761,14.56525898
1/13/2025,1706.571429,0,4151.714286,0,1321,0,44063.71429,0,132.8571429,0,209.2857143,0,276.2857143,0,22857.14286,0,16457.14286,0,0,19.58872223,19.08683586,18.62205124,18.20523643,17.90884972,17.53034401,17.16835785,16.84788895,16.45409966,16.08730888,15.70766068,15.28304863,14.90437889,14.48601055
1/14/2025,1693,0,4164,0,1325.285714,0,41971.14286,0,118.8571429,0,194.2857143,0,276.4285714,0,21785.71429,0,15700,0,0,19.48756599,19.02153206,18.59523201,18.18425179,17.85843468,17.44160652,17.11150742,16.74574471,16.30953026,15.95435143,15.55281925,15.1783905,14.76279163,14.34502983
1/15/2025,1550.571429,0,4066.857143,0,1330.714286,0,39883.71429,0,108.5714286,0,182.2857143,0,278.5714286,0,20714.28571,0,14971.42857,0,0,19.28780746,18.81610489,18.40288353,17.9930172,17.62903786,17.24014473,16.91161346,16.55809212,16.132061,15.83105755,15.46146393,15.06621265,14.61091328,14.22468185
1/16/2025,1409,0,3967.857143,0,1332.714286,0,38015.28571,0,98.57142857,0,172.5714286,0,279.5714286,0,19757.14286,0,14300,0,0,18.73848152,18.28695679,17.97293663,17.61882019,17.28738785,16.89812088,16.56662941,16.17068863,15.84267521,15.54685879,15.24774647,14.88206196,14.4832058,14.07599163
1/17/2025,1394.857143,0,3869.571429,0,1326.285714,0,36224,0,90.85714286,0,164.4285714,0,280.4285714,0,18900,0,13671.42857,0,0,18.60021019,18.1060524,17.79222679,17.44478416,17.09233665,16.69102478,16.37252998,15.99828053,15.68902874,15.39197159,15.07703495,14.71791649,14.30041218,13.92263889
1/18/2025,1352.857143,0,3766.428571,0,1313.142857,0,34450.28571,0,86.28571429,0,157.4285714,0,280.4285714,0,18071.42857,0,13028.57143,0,0,18.71380234,18.22325325,17.87938881,17.54432678,17.1744976,16.82143784,16.50427818,16.14916801,15.839221,15.49379921,15.12425518,14.77738476,14.42179585,14.08370018
1/19/2025,1282,0,3671.142857,0,1295.714286,0,32567.85714,0,81,0,151.1428571,0,280,0,17200,0,12357.14286,0,0,18.64592361,18.23893356,17.83155823,17.47687531,17.12798882,16.76541901,16.42949486,16.09416199,15.77589989,15.46361256,15.11518669,14.76575947,14.4050684,14.04009438
1/20/2025,1168.142857,0,3572.285714,0,1283,0,30624.14286,0,75.14285714,0,145.7142857,0,279.8571429,0,16271.42857,0,11654.28571,0,0,18.59845161,18.1491642,17.76717567,17.36545944,17.07522774,16.69986916,16.3502121,16.04357338,15.70303917,15.39358425,15.05003548,14.66056347,14.36033821,13.98921585
1/21/2025,1424.285714,0,3114.142857,0,1268.142857,0,28721.42857,0,69.28571429,0,141.1428571,0,280.1428571,0,15328.57143,0,10950,0,0,18.35175133,17.95620728,17.65825844,17.32271767,16.99874115,16.65603638,16.30526924,15.98011875,15.66719913,15.35284996,15.01313972,14.67385674,14.36715508,14.03140068
1/22/2025,1795.285714,0,2756.714286,0,1251.142857,0,26777.57143,0,63.28571429,0,136.7142857,0,279.2857143,0,14371.42857,0,10218.57143,0,0,18.3114872,17.9067688,17.61116409,17.25206947,16.97946548,16.61429977,16.26284218,15.96145058,15.61534119,15.30338764,14.95663738,14.62060261,14.30250645,13.96779156
1/23/2025,2121.571429,0,2389.714286,0,1235.428571,0,24892,0,60,0,132.8571429,0,278.8571429,0,13428.57143,0,9514.285714,0,0,18.18209648,17.79125214,17.48433113,17.22663498,16.95362282,16.58364487,16.24357414,15.93006802,15.60170841,15.26834869,14.88082314,14.5505228,14.23943138,13.85849667
1/24/2025,2350.285714,0,2019.571429,0,1226,0,23244,0,57.85714286,0,129.4285714,0,278.7142857,0,12542.85714,0,8855.714286,0,0,17.69527626,17.3391304,17.04071236,16.69398117,16.31185532,16.10030174,15.74874687,15.46453285,15.17508411,14.80470276,14.482337,14.1087923,13.78954124,13.40625191
1/25/2025,2350,0,1903.142857,0,1213.857143,0,21884.85714,0,55.85714286,0,126.4285714,0,278.7142857,0,11800,0,8324.285714,0,0,17.57502365,17.30640602,16.89097404,16.62510872,16.25233078,15.99977016,15.60589504,15.33091927,15.00470638,14.67198849,14.14757156,13.80965042,13.29189396,13.03374386
1/26/2025,2393.714286,0,1788.428571,0,1201.428571,0,20887,0,54.28571429,0,124.1428571,0,278.7142857,0,11257.14286,0,7924.285714,0,0,17.75556564,17.35576248,16.94408798,16.63628006,16.26128769,16.01672554,15.62454033,15.34434223,15.022192,14.75150871,14.27355385,13.92799664,13.40206242,13.07753849
1/27/2025,2707.428571,0,1673,0,1188,0,20055.42857,0,53.71428571,0,121.5714286,0,278.2857143,0,10814.28571,0,7565.714286,0,0,18.14535332,17.72574234,17.4030056,17.03687096,16.76006889,16.42297173,16.07745171,15.74496651,15.42931747,15.12174606,14.7775774,14.42115974,14.0523243,13.63192081
1/28/2025,2593.285714,0,2031,0,1173.571429,0,19364.85714,0,53.28571429,0,119,0,277.7142857,0,10458.57143,0,7260,0,0,18.28834534,17.84417534,17.54159546,17.1764698,16.91261864,16.53764915,16.17739677,15.8544569,15.52543354,15.21326542,14.89764881,14.60167217,14.24752998,13.84928226
1/29/2025,2593.571429,0,2264.428571,0,1162.428571,0,18905.14286,0,53.57142857,0,116.7142857,0,278,0,10221.42857,0,7037.142857,0,0,18.37263107,17.95288086,17.59143829,17.24707794,16.96904564,16.55541039,16.22099113,15.89473152,15.55483818,15.21145058,14.91750622,14.64501381,14.32528305,13.99103928
1/30/2025,2510,0,2629.285714,0,1156.142857,0,18619.85714,0,52.71428571,0,114.7142857,0,280,0,10104.28571,0,6897.142857,0,0,18.75745201,18.32025719,18.05230522,17.68544388,17.36682129,16.95098305,16.67876816,16.3434391,16.03607559,15.67512703,15.39203072,15.05812073,14.74662113,14.38120937
1/31/2025,2395.428571,0,2989.571429,0,1154.142857,0,18731.85714,0,52,0,113.2857143,0,283.7142857,0,10190,0,6922.857143,0,0,18.87042999,18.48907089,18.17564011,17.79976845,17.50745773,17.08093452,16.77534676,16.42879868,16.15101242,15.80536461,15.54631519,15.16439819,14.83354282,14.42436218
2/1/2025,2551.428571,0,3097.285714,0,1161.571429,0,19536.42857,0,51.42857143,0,123.1428571,0,288.1428571,0,10618.57143,0,7201.428571,0,0,19.26379204,18.94358444,18.52426338,18.09404373,17.74391937,17.36087799,17.0659523,16.78772163,16.46688461,16.13503647,15.83238983,15.45818901,15.12289906,14.68481541
2/2/2025,2607,0,3317.714286,0,1171.571429,0,21621.14286,0,51,0,297.4285714,0,290.4285714,0,11647.14286,0,7930,0,0,19.29735374,18.91013527,18.52445984,18.13978577,17.8586731,17.45615768,17.15645027,16.89634323,16.61856461,16.28173256,15.93440628,15.52303982,15.17140198,14.76480579
2/3/2025,2578.428571,0,3541.714286,0,1181.142857,0,25678.14286,0,49.57142857,0,423,0,292.7142857,0,13604.28571,0,9362.857143,0,0,19.49296761,19.03939247,18.57904625,18.21619034,17.93670464,17.65402603,17.30750084,17.08705139,16.76875114,16.42968941,16.11480904,15.76951885,15.34674263,14.74619198
2/4/2025,2636.285714,0,3652.571429,0,1197.428571,0,31433.85714,0,48.42857143,0,715.7142857,0,304.7142857,0,16502.85714,0,11430,0,0.142857143,19.41603088,19.04254341,18.5900898,18.25381279,17.95739746,17.68152618,17.35899353,17.01988411,16.72376251,16.38094139,16.0732193,15.71896267,15.2897892,14.91187859
2/5/2025,2579.142857,0,3886.714286,0,1220.857143,0,38965.28571,0,47,0,1208.857143,0,309.2857143,0,20168.57143,0,14012.85714,0,0.285714286,19.83872795,19.39904594,18.92503738,18.56011772,18.16988945,17.82160759,17.47250175,17.12281609,16.86690903,16.43323898,16.04995728,15.64779758,15.16789246,14.73002338
2/6/2025,2650.857143,0,3993.142857,0,1241.857143,0,47061,0,46.28571429,0,1450.428571,0,310.4285714,0,24157.14286,0,16871.42857,0,0.428571429,19.91196632,19.41996956,19.00497818,18.63325691,18.22894096,17.84187317,17.46212959,17.16225433,16.81214523,16.44406319,16.10661125,15.75503445,15.37222195,14.91613293
2/7/2025,2723.142857,0,4105,0,1260.857143,0,55132.42857,0,46.28571429,0,1816,0,309.2857143,0,28171.42857,0,19747.14286,0,0.571428571,19.62625694,19.16790581,18.77500725,18.41909409,18.00612068,17.65525627,17.35680389,17.00670242,16.63790131,16.25260925,15.88234425,15.51277733,15.20871639,14.81195736
2/8/2025,2795.285714,0,4222.428571,0,1271.571429,0,62784,0,46,0,2062,0,304.7142857,0,31928.57143,0,22457.14286,0,0.714285714,20.00974274,19.56008339,19.1731205,18.77392387,18.37710571,17.971035,17.56455803,17.21321297,16.85151863,16.53256416,16.16608238,15.71776199,15.35528946,15.0296917
2/9/2025,2968,0,4222.285714,0,1279.428571,0,69139.57143,0,45.85714286,0,2067.714286,0,303.5714286,0,35042.85714,0,24685.71429,0,0.857142857,20.21845436,19.81135368,19.3306427,18.90431595,18.52074814,18.12025833,17.75619316,17.28508949,16.94576263,16.60496712,16.21261406,15.87426376,15.53520393,15.10023212
2/10/2025,2825.857143,0,4222.571429,0,1285.285714,0,73495.57143,0,46.28571429,0,2081.428571,0,303.4285714,0,37214.28571,0,26214.28571,0,1,19.9882164,19.62784386,19.17874718,18.7935276,18.41007423,18.0114994,17.61007118,17.14658928,16.81657219,16.43609238,16.10635948,15.66061783,15.30656528,14.9270153
2/11/2025,2654.571429,0,4223.428571,0,1286.571429,0,75862.28571,0,46.28571429,0,1898,0,295.4285714,0,38414.28571,0,27071.42857,0,1,19.88804054,19.3224926,18.93216324,18.53088188,18.11972618,17.75279045,17.38871765,17.01166725,16.6570549,16.31319427,15.98187923,15.56320381,15.18450069,14.85318851
2/12/2025,2483,0,4231.285714,0,1283.571429,0,76394.14286,0,46,0,1498.142857,0,295.8571429,0,38800,0,27371.42857,0,1,19.98607635,19.43295479,18.99801826,18.59890556,18.13967514,17.74440956,17.43706322,17.11547279,16.77449226,16.38689995,16.02251244,15.64221191,15.28030586,14.78282261
2/13/2025,2310.857143,0,4225.142857,0,1297,0,76340.57143,0,46.57142857,0,1989.571429,0,311.8571429,0,38857.14286,0,27400,0,1,19.74837303,19.24583054,18.84913445,18.49810982,18.03864288,17.63962936,17.30747032,16.89181328,16.54162216,16.17717743,15.8730526,15.48495865,15.16839123,14.7487011
2/14/2025,2138.571429,0,4221.571429,0,1343.142857,0,76060.57143,0,47.42857143,0,2785.285714,0,324.8571429,0,38785.71429,0,27342.85714,0,1,19.76752663,19.28410149,18.7735939,18.39055824,17.97412491,17.64943504,17.36673737,16.98329735,16.71128464,16.44957161,16.02997208,15.72321415,15.37348461,14.93885231
2/15/2025,1995.571429,0,4214.857143,0,1508,0,75548,0,47.85714286,0,3028.142857,0,336.1428571,0,38614.28571,0,27200,0,1,19.67115402,19.15914726,18.61306381,18.29365158,17.88691521,17.56103325,17.25043106,16.87662697,16.63155174,16.26209259,15.87998581,15.46865177,15.11824608,14.71714592
2/16/2025,1909.857143,0,4214.714286,0,1726.285714,0,75023.57143,0,48,0,3183.857143,0,345.1428571,0,38428.57143,0,27057.14286,0,1,19.57114029,19.04829597,18.56245232,18.26725006,17.86445427,17.47803688,17.11704063,16.83152771,16.59617424,16.22493744,15.93704891,15.56204605,15.19412708,14.78747654
2/17/2025,2009.857143,0,4210.142857,0,1923.714286,0,74567.42857,0,48.14285714,0,3302.428571,0,355.1428571,0,38271.42857,0,26928.57143,0,1,19.30045319,18.77876091,18.29769897,17.91920662,17.63258362,17.30799675,17.07271576,16.68183517,16.44130516,16.14112473,15.83954334,15.52793789,15.1483469,14.70356178
2/18/2025,2195.428571,0,4099.285714,0,2108,0,74264.42857,0,48.28571429,0,3404.428571,0,377.2857143,0,38085.71429,0,26800,0,1,19.02928162,18.40665436,18.02167702,17.64743233,17.48533058,17.19374847,16.96292114,16.58311844,16.36431694,16.05964661,15.75704288,15.46295071,15.14223862,14.68008614
2/19/2025,2379.571429,0,3988.142857,0,2259.142857,0,73968.42857,0,48.42857143,0,3488.571429,0,386,0,37900,0,26700,0,1,18.77113342,18.37390518,18.00273132,17.67948914,17.42715645,17.10793686,16.87591362,16.49567986,16.28186226,15.96761894,15.69279289,15.3771801,15.02624321,14.59512806
2/20/2025,2479.571429,0,3950.428571,0,2354.285714,0,73688.28571,0,48,0,2912.857143,0,371.7142857,0,37671.42857,0,26571.42857,0,1,18.92359924,18.53877068,18.16736984,17.85857391,17.58646393,17.27119446,17.04813957,16.66267395,16.43680191,16.12407112,15.8540411,15.5076952,15.13359356,14.70125771
2/21/2025,2536.571429,0,3945.285714,0,2390,0,73210.28571,0,47.14285714,0,1887.142857,0,359.7142857,0,37400,0,26371.42857,0,1,18.68946457,18.24648285,17.85069847,17.52659798,17.24407387,16.9217968,16.65620613,16.21850204,15.98046303,15.6966114,15.47464657,15.10525608,14.72542477,14.33071423
2/22/2025,2593.714286,0,3953.571429,0,2289.857143,0,72592.57143,0,46.57142857,0,1505.571429,0,351.5714286,0,37100,0,26128.57143,0,1,18.77453041,18.38875008,18.04299164,17.72272491,17.47527122,17.17122841,16.90849686,16.4604969,16.21445656,15.84567833,15.56391335,15.24862289,14.94159317,14.4754467
2/23/2025,2579.714286,0,3952.714286,0,2125.142857,0,71871,0,47,0,1275.142857,0,344.4285714,0,36757.14286,0,25842.85714,0,1,18.7219696,18.34702301,18.02384758,17.71360779,17.41168213,17.16952705,16.89455605,16.4615078,16.20586777,15.84399223,15.56978798,15.28596115,14.94852257,14.55400085
2/24/2025,2493.142857,0,3956.571429,0,1977.857143,0,71050.57143,0,47,0,1116.857143,0,334.7142857,0,36357.14286,0,25557.14286,0,1,18.93396378,18.54639816,18.0786953,17.73179245,17.39570618,17.14952278,16.87766266,16.44474411,16.22534943,15.9790144,15.72227383,15.40891743,15.03212452,14.59398937
2/25/2025,2335.142857,0,4066.714286,0,1838.285714,0,70198,0,47.14285714,0,999.8571429,0,311.4285714,0,35928.57143,0,25271.42857,0,1,19.14650917,18.79945755,18.36520767,18.01798439,17.61126518,17.39027023,17.07642937,16.71840286,16.44746971,16.09790993,15.7786665,15.39301777,15.03117085,14.52534389
2/26/2025,2179.285714,0,4170.428571,0,1724.571429,0,68920.71429,0,47.28571429,0,909.1428571,0,299.5714286,0,35442.85714,0,24928.57143,0,0.857142857,19.41944122,19.02626991,18.52359581,18.14170647,17.70978737,17.36489487,17.00925255,16.6470623,16.39583015,16.00289917,15.69370556,15.32579041,14.96072197,14.49062061
2/27/2025,2107.714286,0,4215.285714,0,1651.142857,0,67214.28571,0,47.42857143,0,830.8571429,0,296.2857143,0,34800,0,24485.71429,0,0.714285714,19.46976852,19.13926125,18.65445518,18.26688766,17.87024117,17.56662941,17.24803734,16.8876667,16.58859825,16.20905113,15.8558445,15.43467999,15.08689404,14.5898037
2/28/2025,2065.142857,0,4223.428571,0,1602.714286,0,65176.57143,0,47.57142857,0,768.7142857,0,292.4285714,0,33971.42857,0,23928.57143,0,0.571428571,19.26279831,18.89836884,18.39217949,18.07234764,17.68297195,17.37103462,17.02711868,16.68220901,16.39613914,16.06863213,15.6978054,15.33467579,15.02542019,14.56504154
3/1/2025,1993.571429,0,4225.142857,0,1573.857143,0,62724.57143,0,48.28571429,0,721.8571429,0,278.4285714,0,32971.42857,0,23257.14286,0,0.428571429,19.22471428,18.85001755,18.35244942,18.00061989,17.58672333,17.23731232,16.93014145,16.54380798,16.27289963,15.94668579,15.52060699,15.08508778,14.74944592,14.3062191
3/2/2025,1921.285714,0,4229.571429,0,1557.714286,0,60259.42857,0,49.14285714,0,697.7142857,0,258.1428571,0,31785.71429,0,22485.71429,0,0.285714286,19.16503716,18.75753784,18.22539902,17.88248825,17.51105499,17.09086418,16.75263596,16.40321922,16.11214256,15.75965977,15.4300499,15.0401268,14.63402939,14.20358658
3/3/2025,1907.428571,0,4227.857143,0,1545.142857,0,57579.42857,0,49.85714286,0,698.8571429,0,237.4285714,0,30471.42857,0,21614.28571,0,0.142857143,19.17411041,18.67695045,18.1679554,17.81257629,17.43785286,17.09039879,16.77486229,16.38375282,16.11501503,15.80296993,15.49084187,15.0767107,14.69271755,14.3191185
3/4/2025,1865.428571,0,4223.428571,0,1536.857143,0,54801.28571,0,49.42857143,0,686.8571429,0,219.5714286,0,29100,0,20685.71429,0,0,19.06975174,18.61078072,18.11019325,17.75479507,17.39170837,16.99864769,16.66917992,16.27944756,16.01720428,15.63976955,15.3555088,14.92220688,14.60241795,14.24154949
3/5/2025,1808.714286,0,4228.428571,0,1536.857143,0,52419,0,48.85714286,0,675.5714286,0,198.1428571,0,27714.28571,0,19771.42857,0,0,19.06414032,18.62736702,18.10440063,17.73702431,17.40677261,17.0232296,16.70206451,16.30794334,16.05309296,15.68116379,15.37001419,14.94313908,14.58918285,14.20372105
3/6/2025,1752.428571,0,4235,0,1553.857143,0,50347.28571,0,48,0,687,0,177,0,26385.71429,0,18900,0,0,19.09648705,18.63666344,18.14214134,17.73665237,17.40898705,17.01064301,16.68995094,16.35908127,16.03195763,15.58520412,15.27935696,14.82652664,14.47597313,14.12774658
3/7/2025,1723.714286,0,4240.857143,0,1578.571429,0,48616.14286,0,47.42857143,0,693.8571429,0,157.8571429,0,25142.85714,0,18114.28571,0,0,19.28379631,18.71126556,18.19415665,17.76245499,17.45465469,17.0596447,16.74232483,16.48385239,16.1511898,15.79339504,15.48076916,15.05320644,14.74802494,14.36118793
3/8/2025,1738.142857,0,4237.285714,0,1625.428571,0,47308.42857,0,46.42857143,0,694,0,158.8571429,0,24028.57143,0,17385.71429,0,0,19.36135674,18.79685783,18.3263855,17.91421127,17.59020042,17.19451904,16.84139252,16.57914734,16.22460747,15.79053879,15.4591589,15.0435257,14.71516323,14.34105396
3/9/2025,1755,0,4211.142857,0,1694.285714,0,46006.85714,0,44.57142857,0,678.1428571,0,166.5714286,0,23042.85714,0,16728.57143,0,0,19.29714775,18.78346443,18.27958298,17.85579872,17.57927704,17.11709785,16.77351379,16.52694511,16.20079803,15.78610229,15.440238,15.02512741,14.67546272,14.2809515
3/10/2025,1784.142857,0,4218.428571,0,1772.857143,0,44972.42857,0,43.28571429,0,641.1428571,0,177.4285714,0,22345.2381,0.142857143,16142.85714,0,0,19.22370529,18.7711277,18.28637695,17.8916626,17.61153221,17.16623688,16.81308746,16.52436829,16.27674866,15.88808727,15.56122398,15.20988846,14.81351852,14.3800869
3/11/2025,1841.142857,0,4224.285714,0,1852.285714,0,44131.42857,0,43.14285714,0,621.2857143,0,188,0,21892.85714,0.285714286,15614.28571,0,0,19.20644951,18.75068855,18.27132607,17.82707214,17.55489159,17.13300705,16.81536674,16.49656677,16.19095612,15.82258987,15.39963341,15.01853466,14.68338776,14.27907562
3/12/2025,1911.285714,0,4222.714286,0,1926.571429,0,43290,0,43.14285714,0,612,0,204.8571429,0,21642.85714,0.428571429,15114.28571,0,0,19.04240799,18.54831886,18.09838867,17.63515854,17.3725872,16.95603752,16.63544083,16.27058029,15.98025703,15.62693882,15.32418823,14.96735764,14.67177486,14.28706551
3/13/2025,1981.857143,0,4219.714286,0,1986.285714,0,42450,0,43.42857143,0,701.7142857,0,217.4285714,0,21595.2381,0.571428571,14714.28571,0,0,19.09368706,18.60473824,18.14038086,17.78204727,17.50888252,17.22380257,16.90769768,16.49891472,16.24199677,15.92782784,15.62901783,15.17978668,14.82816124,14.3718853
3/14/2025,2025.714286,0,4216.285714,0,2051.571429,0,41610,0,43.57142857,0,799.8571429,0,231.1428571,0,21735.71429,0.714285714,14414.28571,0,0,18.71534729,18.32273483,17.94901276,17.55008507,17.26244736,16.90943909,16.60804367,16.21817398,15.95257187,15.64855766,15.3396616,14.98064995,14.63747978,14.22907257
3/15/2025,2039.428571,0,4213.285714,0,2161.571429,0,40764.42857,0,43.71428571,0,892.4285714,0,234.8571429,0,22050,0.857142857,14300,0,0,18.67038918,18.25904083,17.9162941,17.59478378,17.332407,17.01985359,16.74320412,16.36672974,16.09874725,15.83534908,15.56376743,15.2291832,14.89566422,14.44301033
3/16/2025,2066.142857,0,4243.285714,0,2300.428571,0,40314.57143,0,43.85714286,0,964.2857143,0,237.4285714,0,22566.66667,1,14342.85714,0,0,18.42464828,18.04482079,17.64954185,17.33692169,17.02026939,16.74503899,16.52513313,16.13657188,15.94002151,15.64611244,15.41063404,15.08044338,14.78269005,14.28874588
3/17/2025,2123.142857,0,4239.142857,0,2498.428571,0,40091.85714,0,44.57142857,0,1421.285714,0,240,0,23083.33333,1,14542.85714,0,0,18.52834129,18.11242294,17.74349403,17.46035957,17.08711815,16.85900688,16.67621422,16.26856995,15.94487381,15.65670013,15.43494129,15.03310776,14.73268318,14.39926147
3/18/2025,2208.714286,0,4235.428571,0,2731.571429,0,40620.85714,0,45,0,1858.714286,0,240,0,23600,1,15014.28571,0,0,18.32999039,17.83020973,17.43971634,17.1765213,16.81397629,16.54327011,16.30625153,15.99621296,15.72274208,15.49416351,15.24216843,14.93929768,14.57858276,14.2851963
3/19/2025,2352.285714,0,4236.857143,0,3095.857143,0,41937.71429,0,45.14285714,0,2084.285714,0,235.8571429,0,24116.66667,1,15742.85714,0,0,18.33825493,17.94407654,17.56840515,17.26923752,16.92263412,16.64370537,16.37992668,16.12344551,15.85757732,15.58784485,15.38020897,14.96606922,14.70043087,14.33243942
3/20/2025,2509.571429,0,4235.714286,0,3496.142857,0,43623.57143,0,45.57142857,0,2138.571429,0,234.8571429,0,24633.33333,1,16542.85714,0,0,18.42716599,18.06279373,17.73700905,17.42250824,17.07378769,16.71178246,16.4660759,16.26421356,15.99738121,15.73525143,15.34741497,15.06564236,14.72244835,14.29873085
3/21/2025,2480.571429,0,4236.714286,0,3857.857143,0,45455.28571,0,45.85714286,0,2168.571429,0,231.1428571,0,25150,0.857142857,17328.57143,0,0,18.41197014,17.87284088,17.48097992,17.2602253,16.91485214,16.50349808,16.24466705,16.10442543,15.89593315,15.54548836,15.17800522,14.90539169,14.54183006,14.17828178
3/22/2025,2525,0,4136.714286,0,4152.142857,0,47426.28571,0,46.14285714,0,2197.142857,0,228.1428571,0,25592.85714,0.714285714,18028.57143,0,0,18.39917755,17.90484047,17.58146477,17.2945137,16.96247864,16.54594231,16.31145287,16.08440018,15.78817081,15.40480232,15.04780483,14.68955612,14.3966074,14.13486767
3/23/2025,2566.857143,0,4030.714286,0,4589.571429,0,49053.42857,0,46.14285714,0,2248.571429,0,226.4285714,0,25919.04762,0.571428571,18628.57143,0,0,18.35725403,17.83406448,17.51325989,17.20444489,16.85871124,16.49875641,16.24275589,15.91451931,15.68844986,15.30115414,15.01619625,14.57321644,14.37143326,14.06975842
3/24/2025,2552.285714,0,3926.571429,0,4715,0,50434,0,46,0,1924.285714,0,221.5714286,0,26100,0.428571429,19085.71429,0,0,18.20224571,17.69470978,17.33071136,16.98536301,16.59810829,16.26467705,15.95810223,15.62434196,15.39908314,15.1307621,14.78411007,14.50047493,14.09136009,13.93806934
3/25/2025,2480.714286,0,3827.428571,0,4753.285714,0,51050.42857,0,46.14285714,0,1647.142857,0,216.7142857,0,26121.42857,0.285714286,19285.71429,0,0,18.2393055,17.66850662,17.30798531,16.95191574,16.59693527,16.25020218,15.94976425,15.61391258,15.36232471,15.06963825,14.72249699,14.43820381,14.05437851,13.82549286
3/26/2025,2324.142857,0,3730.714286,0,4618,0,50820.57143,0,45.71428571,0,1592.857143,0,214.1428571,0,25983.33333,0.142857143,19214.28571,0,0,18.02786827,17.54630661,17.24173737,16.77704048,16.36001968,16.01799202,15.68542767,15.40593052,15.13683033,14.86932373,14.63739872,14.32104015,14.03213215,13.8230238
3/27/2025,2110.142857,0,3634.571429,0,4415.571429,0,50182.14286,0,44.57142857,0,1594.285714,0,212,0,25700,0,18985.71429,0,0,17.80858803,17.24855042,16.8977108,16.52280617,16.17086601,15.84715462,15.49460411,15.23683643,14.93582153,14.57240391,14.41393375,14.11463928,13.91579533,13.73979187
3/28/2025,2082,0,3536.285714,0,4220.285714,0,49317.28571,0,43.42857143,0,1621.428571,0,211.4285714,0,25257.14286,0,18657.14286,0,0,17.55023766,17.05223465,16.58303833,16.2792778,15.96115303,15.5507822,15.24795723,15.0048008,14.66236591,14.32346439,14.12591839,13.86773682,13.47185326,13.06332397
3/29/2025,1952.571429,0,3538.142857,0,4018.571429,0,48316.71429,0,43,0,1640,0,210.2857143,0,24728.57143,0,18271.42857,0,0,17.30394745,16.84845543,16.40897751,16.07639503,15.63256645,15.21343803,14.9131918,14.64586544,14.48193932,14.09677696,13.8173914,13.6222353,13.17797279,12.65657616
3/30/2025,1824.428571,0,3538,0,3599.714286,0,47236.42857,0,41.85714286,0,1637.142857,0,210.2857143,0,24157.14286,0,17857.14286,0,0,17.78274536,17.46491241,17.14878845,16.74047279,16.47444534,16.02820969,15.56480694,15.4070034,15.1115303,14.85926914,14.65337372,14.31453323,14.10194588,13.40485001
3/31/2025,1695.285714,0,3541.571429,0,3404.571429,0,46244.28571,0,39.85714286,0,1691.428571,0,213.7142857,0,23628.57143,0,17500,0,0,17.44878197,17.13694191,16.76241493,16.25953865,16.17547798,15.76886463,15.34848309,15.10703659,14.76521587,14.47848606,14.19044304,13.97143269,13.71276474,13.14081383
4/1/2025,1566,0,3542.714286,0,3231.714286,0,45420.28571,0,38,0,1792.857143,0,239,0,23214.28571,0,17228.57143,0,0,16.93992805,16.63752174,16.22647667,15.94972134,15.67901325,15.31891727,15.02150059,14.7466898,14.40809917,14.09315968,13.85936165,13.26924419,12.89525223,12.7165575
4/2/2025,1480.285714,0,3541.285714,0,3076.714286,0,44982.14286,0,36,0,1924.285714,0,261.2857143,0,22957.14286,0,17085.71429,0,0,17.04417992,16.64380646,16.29746437,15.91052437,15.34881687,15.1032877,14.8307991,14.54354382,14.3908453,14.11915874,13.96715736,13.32685757,12.85930729,12.67312431
4/3/2025,1523.285714,0,3539.714286,0,2925.142857,0,44890.28571,0,33.71428571,0,1980,0,284.2857143,0,22857.14286,0,17057.14286,0,0,17.06959152,16.82736588,16.44806671,16.09702873,15.53295517,15.37818336,15.06314659,14.79424667,14.55747318,14.24134541,14.07188606,13.42215061,13.03093243,12.93471527
4/4/2025,1679.428571,0,3538.571429,0,2805.428571,0,45011.57143,0,31.42857143,0,1990,0,306.4285714,0,22871.42857,0,17128.57143,0,0,17.60677338,17.1993866,16.85526848,16.25489807,15.92786884,15.72861862,15.38375759,15.13643837,14.88270473,14.63930035,14.38913441,14.25797558,14.00384521,13.72719383
4/5/2025,1850.714286,0,3535,0,2688.571429,0,45204.42857,0,28.42857143,0,2001.428571,0,328.8571429,0,23000,0,17242.85714,0,0,17.91787529,17.62775803,17.21769714,16.80763435,16.33366013,16.10005569,15.91934013,15.61136913,15.41826344,15.15797138,14.67250919,14.44842339,14.16248512,13.9432745
4/6/2025,2022.142857,0,3531.857143,0,2589.142857,0,45856.14286,0,26.57142857,0,2024.285714,0,350,0,23300,0,17471.42857,0,0,18.3238945,17.87950516,17.48175621,17.14656639,16.80315399,16.50058556,16.26425171,15.97471237,15.75278854,15.51549149,15.2148428,14.86503792,14.49802971,14.17584324
4/7/2025,2208.714286,0,3527.571429,0,2493.571429,0,46406.71429,0,25,0,1982.857143,0,368.2857143,0,23628.57143,0,17671.42857,0,0,18.36155701,17.81129456,17.42337036,17.09653664,16.7694416,16.50837326,16.2949028,15.95334625,15.66060352,15.39622879,15.10728359,14.71044731,14.42825508,14.15353489
4/8/2025,2409,0,3519.857143,0,2399.857143,0,46770.57143,0,23.28571429,0,1867.142857,0,365,0,23842.85714,0,17800,0,0,18.4791832,17.95918846,17.48109055,17.11944771,16.82710457,16.43613434,16.22090149,15.9005928,15.61363316,15.35392761,15.059659,14.62417603,14.25623035,13.99366856
4/9/2025,2579.714286,0,3507.285714,0,2327.714286,0,46805.42857,0,22.42857143,0,1705.714286,0,364.2857143,0,23928.57143,0,17814.28571,0,0,18.59424591,18.11860466,17.76292229,17.41323853,17.17782974,16.79159737,16.52221107,16.16551018,15.87453079,15.55053997,15.26903248,14.89062023,14.56919956,14.19421291
4/10/2025,2379.285714,0,3496.285714,0,2272.285714,0,46646,0,24.71428571,0,1611.428571,0,363.8571429,0,23914.28571,0,17757.14286,0,0,18.3572998,17.94869423,17.63339043,17.30276299,17.07628059,16.73179626,16.45854187,16.12147331,15.76928139,15.50081062,15.17787838,14.80383396,14.50206661,14.16793633
4/11/2025,2079.571429,0,3486,0,2206.285714,0,46424.28571,0,30.85714286,0,1555.714286,0,363.4285714,0,23857.14286,0,17657.14286,0,0,18.36027145,18.00139427,17.67739487,17.46048546,17.1812706,16.79025269,16.47313118,16.13132858,15.77117157,15.48740292,15.18449783,14.85859299,14.55494499,14.1794548
4/12/2025,1778.857143,0,3477.714286,0,2156.714286,0,46170.57143,0,38.14285714,0,1514.285714,0,363.4285714,0,23714.28571,0,17542.85714,0,0,18.06801414,17.78046799,17.44307899,17.22099876,16.92569733,16.4840126,16.16385651,15.89624214,15.59168625,15.2762928,14.99182224,14.6245575,14.38934803,13.96608067
4/13/2025,1478.142857,0,3471.142857,0,2125.142857,0,45531.28571,0,44,0,1474.285714,0,363.4285714,0,23442.85714,0,17342.85714,0,0,18.0970459,17.81170654,17.42975235,17.06691742,16.8108387,16.38260651,16.07159424,15.77080345,15.41571808,15.14771175,14.75831413,14.54420471,14.28730679,13.98730278
4/14/2025,1178.571429,0,3464.714286,0,2105.571429,0,44936.57143,0,49.28571429,0,1420,0,363.2857143,0,23085.71429,0,17114.28571,0,0,17.57506943,17.24067497,16.63061714,16.27812386,16.02711105,15.65171814,15.22841454,14.98000908,14.67398548,14.40997982,13.89383888,13.43913937,12.99316597,12.79068184
4/15/2025,878.7142857,0,3468.428571,0,2097.428571,0,44257.71429,0,54.28571429,0,1355.714286,0,363,0,22728.57143,0,16857.14286,0,0,17.29559898,16.75751877,16.33152771,15.99847698,15.77432442,15.38899612,15.12208176,14.75316906,14.34127617,14.13185978,13.61597347,13.00137043,12.48537159,11.71435642
4/16/2025,593.4285714,0,3477.714286,0,2086.428571,0,43485.85714,0,60.57142857,0,1281.428571,0,337.7142857,0,22300,0,16571.42857,0,0,15.98459053,15.4912796,14.93102074,14.61651897,14.18008518,13.94999981,13.5437603,13.17201424,12.90171051,12.5934391,12.02395153,11.47840977,10.86953163,10.26804638
4/17/2025,594.1428571,0,3482.285714,0,2082.571429,0,42366.14286,0,67.28571429,0,1208.857143,0,305.5714286,0,21700,0,16185.71429,0,0,15.37031174,14.994874,14.4414072,14.1452179,13.76760006,13.52997398,13.12287521,12.78356743,12.52543545,12.20382214,11.65644836,11.17549801,10.65319252,10.18782806
4/18/2025,594,0,3118.285714,0,2079.857143,0,40937.14286,0,75.42857143,0,1138,0,275.4285714,0,20957.14286,0,15700,0,0,15.96507835,15.32531357,14.75419331,14.36342716,13.82985878,13.35096645,12.98439121,12.59939003,12.24445057,12.11031628,11.78952885,11.38313675,10.85068703,10.58793163
4/19/2025,594.2857143,0,2754.857143,0,2107.714286,0,39626.28571,0,83.28571429,0,1065.142857,0,246.1428571,0,20271.42857,0,15242.85714,0,0,14.1916275,13.67290306,13.10159492,12.64463329,12.31454849,12.12791443,11.84169292,11.41012478,11.16248703,10.91172409,10.66492748,10.37175751,10.05890465,9.739255905
4/20/2025,594.5714286,0,2522.285714,0,2160.714286,0,38411.14286,0,90,0,996.4285714,0,216.1428571,0,19642.85714,0,14814.28571,0,0,13.73046112,13.29435253,12.77268791,12.41631508,12.08385754,11.73584461,11.35763073,11.07614708,10.82600212,10.51002884,10.18663979,9.906499863,9.656166077,9.155808449
4/21/2025,593.4285714,0,2157.285714,0,2210.142857,0,37233.71429,0,94.42857143,0,936.1428571,0,186.2857143,0,19057.14286,0,14414.28571,0,0,12.84200191,12.61229897,12.16917133,11.93284512,11.58905315,11.27893543,10.88905144,10.66471863,10.39216805,10.20226192,9.836624146,9.489450455,8.979546547,8.472518921
4/22/2025,593.2857143,0,1785.428571,0,2236.571429,0,36187.28571,0,99.85714286,0,885.1428571,0,157.7142857,0,18500,0,14028.57143,0,0,11.91575432,11.80992031,11.4878912,11.20831776,10.81289101,10.54027081,10.3321991,10.09751797,9.872950554,9.697622299,9.083204269,8.702502251,8.266322136,7.761600494
4/23/2025,593.7142857,0,1411.857143,0,2252.285714,0,35007.28571,0,107.5714286,0,840.2857143,0,157.4285714,0,17914.28571,0,13585.71429,0,0,11.48111725,11.28273582,10.93433666,10.47373962,10.14843845,9.740303993,9.382890701,8.916806221,8.729522705,8.517918587,8.354938507,7.778249264,7.584369183,7.294378281
4/24/2025,593.2857143,0,1042,0,2252.571429,0,33714.42857,0,120,0,798.1428571,0,236.7142857,0,17300,0,13071.42857,0,0,11.03381443,10.75207329,10.10877419,9.7584095,9.374664307,8.801596642,8.386030197,7.675424099,7.661685467,7.30454731,7.331791401,6.426506042,5.999407291,5.445872784
4/25/2025,593.2857143,0,1172.285714,0,2271.285714,0,32299.42857,0,132.4285714,0,759.1428571,0,327.1428571,0,16614.28571,0,12495.71429,0,0,11.56642532,11.29716301,10.94774151,10.46466446,10.0734129,9.837017059,9.451993942,8.94834137,8.69084549,8.422370911,8.265163422,7.718090534,7.419541836,6.979541779
4/26/2025,593.4285714,0,1259.857143,0,2310,0,30535.85714,0,143.4285714,0,725.4285714,0,401.2857143,0,15757.14286,0,11782.85714,0,0,11.32832336,10.99463367,10.63951778,10.19948196,9.737095833,9.502991676,9.091202736,8.591191292,8.445514679,8.014745712,7.918577671,7.378304005,7.186890602,6.664799213
4/27/2025,594,0,1129.857143,0,2344.285714,0,28581,0,155,0,700.2857143,0,450.5714286,0,14785.71429,0,10987.14286,0,0,10.91955853,10.38445473,10.13758945,9.598352432,9.131560326,8.695701599,8.117645264,7.585361481,7.510649681,6.99614048,6.927174568,6.424077988,6.127333641,5.827931881
4/28/2025,594.2857143,0,1131.142857,0,2342.571429,0,26550,0,165.7142857,0,675,0,480.7142857,0,13785.71429,0,10147.14286,0,0,10.85253811,10.35016918,10.13411045,9.616897583,9.179873466,8.713866234,8.114210129,7.547744751,7.464990139,6.84003067,6.806957722,6.291254997,6.056185246,5.540410519
4/29/2025,595.1428571,0,1132.714286,0,2325.857143,0,24536.57143,0,171.4285714,0,645.1428571,0,489.5714286,0,12771.42857,0,9307.142857,0,0,10.92218494,10.3981514,10.21255875,9.687246323,9.279250145,8.853607178,8.250510216,7.687745571,7.571875572,7.060495853,7.138011456,6.617426872,6.379083157,5.834048748
4/30/2025,594.4285714,0,1134.857143,0,2284.714286,0,22744.14286,0,175.5714286,0,616.8571429,0,512.7142857,0,11852.85714,0,8550,0,0,11.06311226,10.67060471,10.43073273,9.888619423,9.499834061,9.054089546,8.542891502,7.99255991,7.808897018,7.260868073,7.277662277,6.762059689,6.493924141,5.922807217
5/1/2025,594.5714286,0,1137.714286,0,2254.285714,0,21344.85714,0,179.4285714,0,592,0,458.1428571,0,11137.14286,0,7981.428571,0,0,10.68125725,10.32884407,9.907647133,9.326607704,8.644163132,8.132439613,7.603065968,6.98842001,6.544196129,5.958557129,5.55492115,4.953174591,4.33200264,3.698989391
5/2/2025,594.4285714,0,1062,0,2246.857143,0,20660.85714,0,181.4285714,0,568,0,390.7142857,0,10765.71429,0,7694.285714,0,0,10.45387077,10.10296726,9.530238152,9.006316185,8.595103264,8.072010994,7.547165871,6.440169811,6.166806698,5.733179569,5.285392761,4.592762947,4.127649784,3.673350096
5/3/2025,595.1428571,0,1053.428571,0,2255.285714,0,20502.14286,0,182.8571429,0,548.5714286,0,338.2857143,0,10680,0,7647.142857,0,0,10.95790768,10.69051838,9.97157383,9.691075325,9.21135807,8.634249687,8.193375587,7.519068241,7.618920326,6.701914787,6.411726952,5.362318993,4.667753696,4.283278942
5/4/2025,595,0,1154.428571,0,2289.142857,0,20549.28571,0,180.5714286,0,526.1428571,0,311.4285714,0,10708.57143,0,7697.142857,0,0,11.0736475,10.48985767,10.06367016,9.553071022,8.913517952,8.296015739,7.771674633,7.140072346,6.723678112,6.174431324,5.642663479,4.807458401,4.232981205,3.742541552
5/5/2025,595.2857143,0,1255.714286,0,2317,0,20666.57143,0,179,0,511.7142857,0,303.7142857,0,10737.14286,0,7752.857143,0,0,11.30391788,10.82006359,10.31492138,9.878378868,9.304160118,8.798823357,8.364308357,7.791194916,7.397539616,6.923623085,6.351007938,5.613294601,5.085641384,4.336300373
5/6/2025,594.5714286,0,1319.714286,0,2333,0,20624.71429,0,185,0,499.8571429,0,315.5714286,0,10722.85714,0,7742.857143,0,0,11.17965508,10.73241329,10.22428989,9.786456108,9.25965786,8.744746208,8.295783043,7.724891663,7.336808681,6.796774864,6.21416378,5.479262829,4.926476955,4.227674484
5/7/2025,594,0,1316.571429,0,2338.714286,0,20442.28571,0,192.1428571,0,488.2857143,0,308,0,10660,0,7691.428571,0,0,11.29616737,10.80874348,10.25572109,9.835556984,9.319411278,8.792040825,8.330986977,7.766344547,7.397433758,6.849250317,6.270009518,5.522736549,4.936004639,4.228482723
5/8/2025,593.5714286,0,1312.571429,0,2324.714286,0,20112.42857,0,192,0,474.5714286,0,300.1428571,0,10490,0,7544.285714,0,0,11.30494404,10.81400204,10.23270702,9.772843361,9.262553215,8.723252296,8.239899635,7.709543228,7.29987669,6.7870965,6.195464611,5.517368793,4.942554474,4.218350887
5/9/2025,594.1428571,0,1256,0,2255.714286,0,19346.28571,0,190.4285714,0,459.7142857,0,292.1428571,0,10094.28571,0,7187.142857,0,0,11.43246365,10.94803524,10.46227551,9.913252831,9.379181862,8.974827766,8.516671181,7.95930624,7.521859646,7.070043087,6.525885105,5.769762516,5.169903278,4.407661915
5/10/2025,594.4285714,0,1175.285714,0,2149.857143,0,18205.14286,0,190.1428571,0,446.2857143,0,284.4285714,0,9512.857143,0,6661.428571,0,0,11.31216621,10.74069881,10.24014187,9.737832069,9.244807243,8.759911537,8.340641975,7.778832912,7.315505028,6.751021385,6.143792152,5.386234283,4.709383965,4.005025864
5/11/2025,595.1428571,0,1123.571429,0,2051.428571,0,16994.57143,0,193.4285714,0,432.2857143,0,276.7142857,0,8952.857143,0,6157.142857,0,0,11.15421104,10.79290676,10.42826366,9.692446709,9.314143181,9.022276878,8.431834221,8.066990852,7.612891674,7.088681698,6.277565479,5.556890965,4.889579296,4.348639011
5/12/2025,594.4285714,0,1072,0,2035.428571,0,16271.28571,0,195.7142857,0,414.1428571,0,269.7142857,0,8630,0,5861.428571,0,0,10.85391903,10.4284277,10.22831821,9.497447014,9.185235023,8.902020454,8.340104103,7.627379417,7.115053654,6.595281124,5.894314289,5.22795248,4.658648491,4.13120079
5/13/2025,595.1428571,0,1005.714286,0,2041.571429,0,16095.14286,0,192.2857143,0,398.1428571,0,263.5714286,0,8580,0,5834.285714,0,0,9.597554207,9.121874809,8.757214546,8.217429161,7.456253529,6.998859406,6.555238247,5.883360863,4.913208485,4.527359962,4.057040215,3.81331563,3.137755156,2.880989075
5/14/2025,596,0,1006.142857,0,2036.285714,0,16306,0,188.8571429,0,383.8571429,0,259.2857143,0,8704.285714,0,5954.285714,0,0,9.575574875,9.106150627,8.742133141,8.207341194,7.444128513,6.986301899,6.54550457,5.874406815,4.908504009,4.518536568,4.058928013,3.810712576,3.134354591,2.871496201
5/15/2025,596.7142857,0,1006.857143,0,2015.142857,0,16758.85714,0,188.7142857,0,371,0,260.1428571,0,8932.857143,0,6158.571429,0,0,9.638281822,9.182776451,8.772751808,8.216925621,7.553961277,7.096711636,6.636111259,5.95665741,5.101053715,4.723516464,4.179849625,3.848870993,3.11858058,2.830296516
5/16/2025,596,0,1007.857143,0,2048.571429,0,17365.57143,0,186.1428571,0,356.1428571,0,261.1428571,0,9202.857143,0,6414.285714,0,0,9.761047363,9.285399437,8.8428545,8.283370018,7.559062481,7.105679989,6.623308182,5.952871323,5.102839947,4.741753578,4.165372372,3.900810719,3.200835466,2.903440714
5/17/2025,595,0,1009.142857,0,2102.142857,0,17882.14286,0,183.4285714,0,336.8571429,0,262.1428571,0,9471.428571,0,6682.857143,0,0,9.285543442,8.789406776,8.168001175,7.561852932,6.751465797,6.337910175,5.806402683,5.139389515,4.6692276,4.216207504,3.803938866,3.258564472,2.655992508,2.457916498
5/18/2025,593.5714286,0,957.7142857,0,2126.428571,0,18343.42857,0,183.4285714,0,318,0,263.2857143,0,9667.142857,0,6891.428571,0,0,8.585037231,8.080861092,7.438751221,6.752936363,6.049443245,5.9299016,5.413589954,4.750485897,4.461573124,3.983281374,3.632262707,2.988580227,2.424145937,2.164993048
5/19/2025,593.5714286,0,905.5714286,0,2092.571429,0,18297.57143,0,188.2857143,0,299,0,263.7142857,0,9654.285714,0,6904.285714,0,0,8.66504097,8.168189049,7.533483982,6.847869396,6.062222481,6.01765728,5.506626606,4.845388889,4.553798199,4.05620718,3.73149991,3.170155287,2.622963428,2.432085276
5/20/2025,593.5714286,0,1284,0,2038.428571,0,17920.57143,0,202,0,280.5714286,0,263.7142857,0,9470,0,6737.142857,0,0,11.72195339,11.25569344,10.82023907,10.45311642,10.06044674,9.748721123,9.262365341,8.651788712,8.250055313,7.730149746,6.998912334,6.387475491,5.79215765,5.14158535
5/21/2025,593.5714286,0,1655.285714,0,2015.285714,0,17326.14286,0,214.4285714,0,262.1428571,0,266.1428571,0,9178.571429,0,6452.857143,0,0,11.92707729,11.53097725,11.147089,10.77994919,10.45917225,10.3168087,9.872375488,9.551353455,9.137212753,8.671228409,8.196437836,7.57863903,6.89714241,6.27731514
5/22/2025,592.7142857,0,1999.142857,0,2036.714286,0,16687.28571,0,221.7142857,0,247.1428571,0,304,0,8920,0,6141.428571,0,0,11.92759609,11.70871353,11.27003193,10.94832993,10.69608498,10.31566048,9.98946476,9.659403801,9.301386833,9.004683495,8.757053375,8.458118439,8.016682625,7.727636814
5/23/2025,593.2857143,0,2326.857143,0,2039.571429,0,16411.57143,0,233.1428571,0,234.8571429,0,345,0,8920,0,5788.571429,0,0,13.36739254,13.00694275,12.53799057,11.96838379,11.79044151,11.5125885,11.15443802,10.94058037,10.63365936,10.36344528,10.13287258,9.843094826,9.526220322,9.114895821
5/24/2025,593.8571429,0,2654.428571,0,2019.571429,0,16544.85714,0,246.7142857,0,225.2857143,0,351.8571429,0,9104.285714,0,5412.857143,0,0,14.3191452,13.71512413,13.16738892,12.71008396,12.23050117,11.88018036,11.59830093,11.21181011,10.95150661,10.57120895,10.16318989,9.758571625,9.487277985,9.095807076
5/25/2025,594.1428571,0,2982.571429,0,2006.714286,0,16819,0,259.8571429,0,215.8571429,0,358.7142857,0,9368.571429,0,5071.428571,0,0,15.44412327,14.9138937,14.55976677,14.08907795,13.7371912,13.1985817,12.74784279,12.40543938,12.11476994,11.7127285,11.24006653,10.80565643,10.35509396,9.842661858
5/26/2025,594,0,3310.714286,0,2037.714286,0,17312.71429,0,270.8571429,0,208.5714286,0,365.5714286,0,9704.285714,0,4861.428571,0,0,15.60886097,14.89057446,14.49360657,14.06783962,13.65726376,13.13096523,12.68782234,12.27871227,12.11135387,11.67193794,11.30347252,10.94484138,10.34005451,9.691699982
5/27/2025,593.1428571,0,3262,0,2113.571429,0,17875,0,272,0,201.8571429,0,372.2857143,0,9981.428571,0,4852.857143,0,0,15.5807848,14.84846878,14.44091225,13.92218876,13.53904343,12.95103168,12.51773739,12.12411976,11.93735504,11.46493149,11.1680603,10.92301559,10.5042963,10.2161274
5/28/2025,593,0,3221.285714,0,2212.428571,0,18368,0,267.8571429,0,197.4285714,0,376.7142857,0,10194.28571,0,5008.571429,0,0,15.82858276,15.05886555,14.57791615,14.04588223,13.61230278,13.03930855,12.62070656,12.24383545,12.03921604,11.50661469,11.1788311,10.92802238,10.46360683,10.22182751
5/29/2025,592.5714286,0,3239.714286,0,2311.285714,0,18745.85714,0,265.8571429,0,191.4285714,0,345.7142857,0,10335.71429,0,5180,0,0,15.70643711,14.89793777,14.53860188,14.06138992,13.66439724,13.03386688,12.64647198,12.10499191,11.88467789,11.29987812,11.07963848,10.65403461,10.21638393,9.950086594
5/30/2025,592.8571429,0,3273.428571,0,2383.285714,0,18704.71429,0,259.4285714,0,185.8571429,0,311.4285714,0,10230,0,5380,0,0,15.86605167,15.29648209,14.88689804,14.64786434,14.18629169,13.50788689,13.21801281,12.69635677,12.2309618,11.6619854,11.39508533,10.88717461,10.38343811,9.685178757
5/31/2025,593.1428571,0,3307,0,2410.428571,0,18421.28571,0,245.8571429,0,179.7142857,0,311.2857143,0,10038.57143,0,5474.285714,0,0,15.62913704,14.99125671,14.62606716,14.42827034,13.99491978,13.35063839,13.02219105,12.52797222,12.09111309,11.45850849,11.232481,10.79562664,10.30389786,9.799319267
6/1/2025,879.5714286,0,3338.857143,0,2403,0,18020.57143,0,231.8571429,0,174.1428571,0,299,0,9852.857143,0,5438.571429,0,0,16.90535355,16.58418274,16.17736244,15.98563766,15.58758736,15.16813087,14.94545841,14.63741112,14.24869347,13.80973434,13.18832779,12.78031063,12.23600578,11.7494545
6/2/2025,1152.142857,0,3341.857143,0,2368,0,17546.14286,0,220.2857143,0,167.5714286,0,284.8571429,0,9580,0,5467.142857,0,0,17.73882675,17.37014008,17.09508896,16.85301971,16.44937325,15.92171001,15.72084522,15.46415138,15.09080029,14.82501316,14.49066925,14.23453617,13.83696651,13.56658268
6/3/2025,1452,0,3342.285714,0,2329.285714,0,17008.28571,0,213.5714286,0,160.2857143,0,270.8571429,0,9301.428571,0,5440,0,0,18.02469826,17.62564278,17.23196983,16.83985138,16.46634293,15.98867702,15.78164005,15.55392838,15.22820473,14.89615154,14.57184315,14.27538776,13.9929657,13.72462654
6/4/2025,1823.571429,0,3266.285714,0,2278,0,16417.14286,0,211.8571429,0,151.7142857,0,256.8571429,0,9025.714286,0,5222.857143,0,0,18.15265274,17.71465683,17.32149124,17.02614784,16.67135048,16.3343029,16.00639534,15.72670555,15.49112129,15.04840755,14.76321697,14.53067493,14.10054111,13.82947445
6/5/2025,2167,0,3160,0,2217.428571,0,15787.57143,0,209.8571429,0,143.7142857,0,242.8571429,0,8725.714286,0,4941.428571,0,0,18.1736412,17.75228882,17.38706398,17.11406136,16.74685097,16.40376854,16.07112885,15.75586605,15.42950153,15.01807976,14.78934288,14.52767563,14.16070652,13.91417599
6/6/2025,2509.142857,0,3054.428571,0,2157.285714,0,15248.57143,0,208.7142857,0,138,0,228.8571429,0,8515.714286,0,4581.428571,0,0,18.76194,18.34417725,17.92894745,17.68137932,17.30700874,17.04982948,16.76960754,16.4071312,16.046175,15.68351841,15.37049961,15.08992481,14.73064613,14.37079525
6/7/2025,2808.571429,0,2949,0,2102.571429,0,14665.28571,0,212.5714286,0,133.7142857,0,214.8571429,0,8275.714286,0,4278.571429,0,0,19.07978821,18.54372597,18.17398453,17.9086113,17.50763512,17.17158318,16.83519936,16.47459412,16.1212616,15.75137615,15.46839428,15.18604374,14.8613596,14.45690346
6/8/2025,2837.571429,0,2845.857143,0,2050.714286,0,14171.42857,0,215.1428571,0,130.4285714,0,213,0,7987.142857,0,4100,0,0,18.92672348,18.46397781,18.10482407,17.78449821,17.39170265,17.09009171,16.77277946,16.4207325,16.08608437,15.77881527,15.4520216,15.1488533,14.80679893,14.42228222
6/9/2025,2879.857143,0,2772.571429,0,2010.142857,0,13634.28571,0,214.8571429,0,128.4285714,0,213.1428571,0,7682.857143,0,3908.571429,0,0,18.83001518,18.39935875,18.06683731,17.83026505,17.44793129,17.15627861,16.83191109,16.47310829,16.13777733,15.85136604,15.57008266,15.20995235,14.82418156,14.43711948
6/10/2025,2808.571429,0,2701.714286,0,1973.142857,0,13096.85714,0,212.5714286,0,127.7142857,0,213.1428571,0,7402.857143,0,3684.285714,0,0,18.67689514,18.22061157,17.88047791,17.63653755,17.2657032,16.97769737,16.60825539,16.24569321,15.8919735,15.58218765,15.35429478,15.03088379,14.67640781,14.29382896
6/11/2025,2636.571429,0,2704.285714,0,1957.285714,0,12804,0,210.7142857,0,126.1428571,0,213.1428571,0,7248.571429,0,3564.285714,0,0,18.42027283,17.99819183,17.68813705,17.48365211,17.14261627,16.84609413,16.50292587,16.15581894,15.80524254,15.51542091,15.28057289,14.94844913,14.58149242,14.20395184
6/12/2025,2493.857143,0,2707.142857,0,1932.857143,0,12747.85714,0,211.2857143,0,123,0,213.2857143,0,7191.428571,0,3537.142857,0,0,18.36531258,17.94337463,17.60722733,17.35441017,16.96747589,16.61824799,16.2813015,15.93257904,15.61708164,15.30567551,15.03729248,14.79868889,14.47642803,14.11067772
6/13/2025,2208.285714,0,2785.142857,0,1898.857143,0,12787.28571,0,214,0,118.8571429,0,213.4285714,0,7204.285714,0,3568.571429,0,0,18.15946007,17.82086563,17.51138306,17.23536873,16.86810875,16.44442368,16.14691925,15.81287766,15.50625324,15.2048378,14.89656734,14.6184988,14.30920315,13.96516895
6/14/2025,2107.428571,0,2860.285714,0,1845.142857,0,13071.57143,0,218,0,113.7142857,0,213.5714286,0,7342.857143,0,3668.571429,0,0,18.21522903,17.88743401,17.57943153,17.31121254,16.99624634,16.6116333,16.34717369,16.00701904,15.69573212,15.39851189,15.07761669,14.77693558,14.45260048,14.08469105
6/15/2025,1849.428571,0,2935.714286,0,1754.571429,0,13421.57143,0,223.4285714,0,108.3857143,0,213.5714286,0,7518.571429,0,3777.142857,0,0,18.07356644,17.7455883,17.39912987,17.09877014,16.80088615,16.4387455,16.09432983,15.76568413,15.47934532,15.14966965,14.83737946,14.55582714,14.27647972,13.92514896
6/16/2025,1592.285714,0,3023.142857,0,1643.571429,0,13758.71429,0,228.8571429,0,102.7857143,0,213.4285714,0,7735.714286,0,3892.857143,0,0,18.23184967,17.8810215,17.57175064,17.23641014,16.91467094,16.54143524,16.21190262,15.88506699,15.58836651,15.24828053,14.9384594,14.5698204,14.26321602,13.9335537
6/17/2025,1521.285714,0,3110,0,1538.285714,0,14234.42857,0,231.8571429,0,97.14285714,0,213.2857143,0,7980,0,4095.714286,0,0,18.32555199,17.9251976,17.62181091,17.29042435,16.97498512,16.60215187,16.2782383,15.95032215,15.65625381,15.3207531,15.00804424,14.66482449,14.33018303,14.01388741
6/18/2025,1479,0,3183.142857,0,1458.428571,0,14721.71429,0,232.4285714,0,92.54285714,0,213.1428571,0,8225.714286,0.142857143,4285.714286,0,0,18.15418625,17.77832985,17.44523048,17.14481926,16.8002491,16.45158958,16.12093353,15.81072617,15.51928806,15.21936607,14.89245129,14.52309036,14.19614124,13.92933846
6/19/2025,1407,0,3253.285714,0,1410.285714,0,15100,0,231.7142857,0,89.42857143,0,212.8571429,0,8474.285714,0.285714286,4418.571429,0,0,18.20407867,17.76709175,17.40542603,17.10838699,16.75736618,16.40449142,16.08041,15.75375938,15.45787048,15.13525009,14.79097366,14.45975876,14.18860435,13.84088993
6/20/2025,1478.428571,0,3241.142857,0,1367.714286,0,15450.57143,0,231,0,86.3,0,212.8571429,0,8642.857143,0.428571429,4485.714286,0,0,18.22952461,17.81555176,17.5077095,17.19215584,16.86866379,16.48480606,16.14279556,15.81438732,15.50310898,15.15347576,14.8188982,14.48427868,14.18815804,13.83862972
6/21/2025,1408.571429,0,3238.428571,0,1311.428571,0,15713.71429,0,230.4285714,0,84.1,0,213,0,8712.857143,0.571428571,4545.714286,0,0,18.29086876,17.88636398,17.57402229,17.27841759,16.96431351,16.58948898,16.25156975,15.93691254,15.62687492,15.29827785,14.95959187,14.59392643,14.28562069,13.94167042
6/22/2025,1451.714286,0,3235,0,1263,0,15863.71429,0,228,0,82.28571429,0,213,0,8768.571429,0.714285714,4557.142857,0,0,18.27755928,17.89410782,17.59885597,17.23677254,16.89821434,16.5177536,16.17585564,15.84021091,15.55150318,15.22898197,14.89148045,14.59336853,14.29330444,13.9925499
6/23/2025,1494.714286,0,3220.142857,0,1230.714286,0,16066.57143,0,224.1428571,0,80.92857143,0,213.1428571,0,8880,0.857142857,4414.285714,0,0,18.2552948,17.83010674,17.57239151,17.19247627,16.92452049,16.56296921,16.20170593,15.8564558,15.51338291,15.20726776,14.84818268,14.52066708,14.23913765,13.88114738
6/24/2025,1451.285714,0,3204,0,1206,0,16157,0,221,0,79.78571429,0,213.4285714,0,9040,1,4108.571429,0,0,18.3319664,17.92469025,17.55486107,17.21313477,16.96434975,16.58505821,16.22407722,15.8758316,15.57961941,15.26933193,14.92916298,14.60650826,14.33861446,14.0258379
6/25/2025,1423.142857,0,3204.142857,0,1176.857143,0,16218.71429,0,219.7142857,0,78.81428571,0,213.5714286,0,9200,0.857142857,3814.285714,0,0,18.24565697,17.82687187,17.45380211,17.10707664,16.84932518,16.46904945,16.11928749,15.76727295,15.47236252,15.1563158,14.83219337,14.51080894,14.14187241,13.82601166
6/26/2025,1409.571429,0,3204,0,1150.571429,0,16277.28571,0,220.1428571,0,78.11428571,0,213.7142857,0,9314.285714,0.714285714,3568.571429,0,0,18.28363609,17.86830521,17.49393654,17.14606667,16.89703941,16.52276993,16.15997696,15.78449535,15.47731304,15.17876911,14.85843277,14.54926968,14.19647312,13.79521561
6/27/2025,1395.857143,0,3215,0,1146.571429,0,16251.14286,0,220.8571429,0,77.4,0,213.5714286,0,9384.285714,0.571428571,3471.428571,0,0,18.28894043,17.8635006,17.50220108,17.1504879,16.89964867,16.52456284,16.16400146,15.79220486,15.48049068,15.17971706,14.86087704,14.55856895,14.20279598,13.79898167
6/28/2025,1366.142857,0,3214.571429,0,1174.285714,0,16149.71429,0,224.4285714,0,76.54285714,0,213.2857143,0,9414.285714,0.428571429,3427.142857,0,0,18.28772545,17.82966995,17.47109222,17.12104034,16.85949707,16.49190903,16.12578583,15.77008533,15.45383644,15.14731503,14.83313656,14.51086235,14.20993423,13.8559351
6/29/2025,1265.857143,0,3358,0,1193.571429,0,16038.71429,0,228.8571429,0,75.52857143,0,213.4285714,0,9408.571429,0.285714286,3421.428571,0,0,18.36561966,17.89178467,17.53510094,17.19154167,16.94284439,16.57968903,16.20856094,15.84035873,15.51943874,15.21181107,14.88975334,14.5708704,14.26855659,13.9176302
6/30/2025,1081,0,3460,0,1193,0,15898.14286,0,233,0,74.17142857,0,212.7142857,0,9392.857143,0.142857143,3444.285714,0,0,18.32584381,17.89455795,17.54966545,17.19781303,16.9448204,16.57762909,16.22105217,15.8605442,15.54095268,15.22105217,14.90457916,14.58477783,14.27082348,13.93659592
7/1/2025,882.2857143,0,3602,0,1178.428571,0,15929,0,238,0,72.98571429,0,188.2857143,0,9475.714286,0,3517.142857,0,0,18.37044144,17.85593414,17.51146126,17.14986801,16.84407043,16.46053696,16.09428787,15.78462791,15.45053482,15.14054012,14.80460358,14.51626778,14.2086153,13.8540144
7/2/2025,953.7142857,0,3743.285714,0,1134.285714,0,16583.71429,0,241.7142857,0,72.07142857,0,162.4285714,0,9792.857143,0,3704.285714,0,0,18.38139343,17.92969704,17.58343315,17.2009964,16.96294212,16.52993584,16.17266655,15.83070183,15.49940586,15.19585133,14.87791157,14.57696438,14.25620747,13.90283108
7/3/2025,967,0,3886.142857,0,1068.142857,0,17522.14286,0,244.2857143,0,70.94285714,0,135.8571429,0,10275.71429,0,3968.571429,0,0,18.81154251,18.32559586,17.9270649,17.54888153,17.2391758,16.82557106,16.50668144,16.15454102,15.79667664,15.47292709,15.15341282,14.78541565,14.45170689,14.09259224
7/4/2025,1552,0,4021.428571,0,984.2857143,0,18581,0,246.7142857,0,69.97142857,0,109.4285714,0,10837.14286,0,4272.857143,0,0,19.62164116,19.21040154,18.81331253,18.48848724,18.13202095,17.70042038,17.35416794,17.00573349,16.67795181,16.30082893,15.92342186,15.42467022,14.96450615,14.58707523
7/5/2025,2153.142857,0,3957.571429,0,902,0,19836.28571,0,245.7142857,0,69.07142857,0,83,0,11458.57143,0,4601.428571,0,0,19.76820755,19.27838898,18.84061432,18.45355415,18.05552101,17.79550743,17.41012192,17.0627079,16.77953339,16.44540596,16.03123474,15.58961868,15.17533779,14.70569229
7/6/2025,2853.714286,0,3863.857143,0,845,0,21117.42857,0,244.5714286,0,68.3,0,56.28571429,0,12092.85714,0,4897.142857,0,0,19.85695076,19.28261757,18.89631081,18.60340118,18.13031578,17.81682968,17.46846771,17.08510971,16.75076675,16.41742897,15.93492222,15.57441616,15.08893967,14.62090111
7/7/2025,3710.142857,0,3914,0,799.2857143,0,22395.57143,0,243.4285714,0,67.48571429,0,30.42857143,0,12714.28571,0,5170,0,0,20.04037285,19.57983398,19.1914196,18.8396244,18.42358208,18.053936,17.64121246,17.26313019,16.83210564,16.48882103,16.06674194,15.79205322,15.27269745,14.82213211
7/8/2025,4664,0,3922.714286,0,751.8571429,0,23554.28571,0,242.1428571,0,66.57142857,0,28.14285714,0,13242.85714,0,5440,0,0,20.52954292,20.13261986,19.71617508,19.25390434,18.80876923,18.45484161,18.03830528,17.62634087,17.27287292,16.97276115,16.42121506,16.07991028,15.65018749,15.29653072
7/9/2025,5234.571429,0,3937.285714,0,703.8571429,0,24084.42857,0,241,0,65.52857143,0,27.42857143,0,13514.28571,0,5582.857143,0,0,20.75717545,20.29788589,19.94148827,19.50380707,19.03347015,18.70405197,18.28661919,17.88691139,17.53066254,17.20234489,16.6930027,16.24306297,15.79353142,15.41936016
7/10/2025,5877.571429,0,3952.571429,0,660.8571429,0,24311.14286,0,238.2857143,0,64.82857143,0,27,0,13600,0,5601.428571,0,0,21.12336159,20.54655457,20.25224495,19.85441208,19.39346886,19.14358711,18.68919373,18.27909088,17.85163307,17.48403549,17.05885696,16.57943726,16.04938698,15.70051289
7/11/2025,5949.571429,0,3969.142857,0,614.4285714,0,24368.42857,0,236.5714286,0,63.74285714,0,26.71428571,0,13600,0,5538.571429,0,0,21.3728981,20.64003372,20.35059547,19.97393608,19.4784584,19.12229538,18.69166565,18.28398514,17.86425972,17.47795486,17.05628967,16.58171844,16.03759384,15.70097065
7/12/2025,5949.714286,0,4194.142857,0,564.2857143,0,24243.28571,0,235.2857143,0,62.91428571,0,26.57142857,0,13557.14286,0,5461.428571,0,0,21.53496742,20.7099514,20.48211861,20.09856224,19.6950264,19.38267708,18.92747879,18.4594593,17.98343277,17.61769295,17.19360924,16.6257534,16.1300602,15.77318287
7/13/2025,5878.285714,0,4297.571429,0,522.2857143,0,24209.14286,0,233.2857143,0,61.84285714,0,26.42857143,0,13542.85714,0,5465.714286,0,0,21.72833252,20.73012352,20.54047203,20.15082932,19.79650116,19.46915817,18.96635628,18.54120445,18.05205917,17.6898365,17.23168373,16.72292328,16.25219154,15.82475567
7/14/2025,5734.857143,0,4301.857143,0,496.2857143,0,24211.42857,0,233.4285714,0,60.81428571,0,26.42857143,0,13542.85714,0,5477.142857,0,0,21.43094635,20.71044922,20.46738434,19.98160934,19.617239,19.28540611,18.84798622,18.37440681,17.93653107,17.57721519,17.13957405,16.60619545,16.10451508,15.68801117
7/15/2025,5423.428571,0,4308.714286,0,487.2857143,0,24123.85714,0,234.8571429,0,59.74285714,0,26.71428571,0,13514.28571,0,5412.857143,0,0,21.08318329,20.50939751,20.17710304,19.74820328,19.29645729,19.06441116,18.61247444,18.17980766,17.74107361,17.38458443,16.97926521,16.5125885,16.02443695,15.6288414
7/16/2025,4994.571429,0,4196.857143,0,490.5714286,0,23939.42857,0,235.4285714,0,58.71428571,0,27,0,13500,0,5382.857143,0,0,20.81208038,20.3842659,20.00972366,19.5259037,19.05807686,18.74386406,18.31906509,17.91975403,17.54920006,17.21745682,16.74332047,16.26210022,15.84386826,15.37608433
7/17/2025,4423.571429,0,3854,0,487.5714286,0,23881.85714,0,234.8571429,0,57.7,0,27.85714286,0,13500,0,5414.285714,0,0,20.38066673,19.98693275,19.59694481,19.13258934,18.67705154,18.40468979,17.94716454,17.45286369,16.9853363,16.68567848,16.2581749,15.93319321,15.44766808,15.00308895
7/18/2025,3851.571429,0,3511.571429,0,481.7142857,0,23743.28571,0,232.4285714,0,57.14285714,0,28.85714286,0,13500,0,5454.285714,0,0,19.98046875,19.53710175,19.15080643,18.75319672,18.31036377,18.01051521,17.5671711,17.14039993,16.74506569,16.39067078,15.98770523,15.71245956,15.17830563,14.73760796
7/19/2025,3351,0,3162.285714,0,480.2857143,0,23691.57143,0,231.2857143,0,56.48571429,0,29.71428571,0,13471.42857,0,5468.571429,0,0,19.75795364,19.20863914,18.80686951,18.41567421,17.95334435,17.62619972,17.31474304,16.8071785,16.51552773,16.12795258,15.66649818,15.34230423,14.87662601,14.46601486
7/20/2025,2922.714286,0,3017.571429,0,489.2857143,0,23541.71429,0,232.2857143,0,55.95714286,0,30.57142857,0,13414.28571,0,5422.857143,0,0,19.40173531,18.94152451,18.4522438,17.96894646,17.5939045,17.30211258,16.94556236,16.57805824,16.24911118,15.80298042,15.35458088,14.83407974,14.4278326,14.14316273
7/21/2025,2638.142857,0,2774.285714,0,495.8571429,0,23383,0,233,0,55.35714286,0,31.71428571,0,13357.14286,0,5395.714286,0,0,19.15107727,18.70606041,18.32778549,17.89516068,17.42024231,17.0670414,16.73589516,16.34688187,15.98239994,15.63513374,15.26549244,14.80486965,14.39360237,14.09161472
7/22/2025,2638.571429,0,2530.285714,0,496.7142857,0,23316.57143,0,231.5714286,0,54.77142857,0,32.14285714,0,13328.57143,0,5422.857143,0,0,18.80237389,18.40596581,18.07715225,17.66521835,17.21575737,16.8201313,16.48678017,16.07484245,15.76977158,15.41574478,15.11263275,14.73049545,14.29269314,13.99036026
7/23/2025,2852.857143,0,2626.714286,0,481.2857143,0,23350.42857,0,228.4285714,0,54.41428571,0,33,0,13285.71429,0,5402.857143,0,0,19.23162842,18.78282547,18.42656898,18.00226402,17.55089569,17.16839027,16.83457184,16.40607452,16.04643059,15.6685791,15.29134464,14.79178333,14.3646965,14.08440399
7/24/2025,3282.285714,0,2952.714286,0,463.2857143,0,23321.57143,0,226.5714286,0,54.4,0,33.57142857,0,13285.71429,0,5357.142857,0,0,19.60866547,19.15721703,18.71043777,18.25751495,17.79356575,17.51122665,17.19183159,16.69974327,16.38126755,16.04590034,15.52968407,15.16615295,14.66667175,14.32145309
7/25/2025,3782.714286,0,3283.285714,0,458.1428571,0,23448,0,224.8571429,0,54.35714286,0,33.85714286,0,13314.28571,0,5328.571429,0,0,19.9754982,19.48155975,19.12598801,18.72244644,18.29304695,17.97430992,17.55582237,17.06943512,16.69893456,16.3190918,15.82265663,15.49185944,14.95979691,14.54411888
7/26/2025,4282,0,3615.571429,0,455.7142857,0,23551,0,222.2857143,0,54.37142857,0,34,0,13385.71429,0,5340,0,0,20.33451462,19.90532684,19.47874451,19.02636719,18.57351875,18.28542519,17.84737206,17.42083359,17.00765038,16.64955521,16.22565651,15.91050625,15.4148531,14.93106174
7/27/2025,4781,0,3749,0,441.8571429,0,23658,0,219.7142857,0,54.4,0,34.28571429,0,13457.14286,0,5377.142857,0,0,20.59055519,20.24559593,19.86538506,19.35154152,18.91417313,18.54803848,18.09078217,17.68285942,17.32186508,17.010149,16.53647041,16.16841316,15.72775936,15.28972054
7/28/2025,5209,0,3976.142857,0,428.8571429,0,23747.28571,0,218.1428571,0,54.38571429,0,34,0,13514.28571,0,5407.142857,0,0,20.88504791,20.45504379,20.0838623,19.60728645,19.1444912,18.80275345,18.38014984,17.98033905,17.61718559,17.26937866,16.79011726,16.31116295,15.88020515,15.41343403
7/29/2025,5423.142857,0,4203.714286,0,420.7142857,0,23776.42857,0,217.2857143,0,54.21428571,0,34.28571429,0,13542.85714,0,5408.571429,0,0,21.14994812,20.5796051,20.24291611,19.83528709,19.38140297,19.12226677,18.66996956,18.23483467,17.80202484,17.42780495,17.0191803,16.54712105,16.07824707,15.68062305
7/30/2025,5638.571429,0,4204.571429,0,423.1428571,0,23778.85714,0,219.7142857,0,53.87142857,0,34.14285714,0,13571.42857,0,5420,0,0,21.19014549,20.5887146,20.27193832,19.84658623,19.38624191,19.11336708,18.66701698,18.24300575,17.82773209,17.45195198,17.04610062,16.57821655,16.08278465,15.68269825
7/31/2025,5781.142857,0,4208.571429,0,421.4285714,0,23748.57143,0,223,0,53.2,0,34.14285714,0,13557.14286,0,5432.857143,0,0,21.4498558,20.68799591,20.39409256,19.98721313,19.52944756,19.13141632,18.70319557,18.28489494,17.87043762,17.50469017,17.10440826,16.57821655,16.07673645,15.69240379
8/1/2025,5851.857143,0,4209,0,416,0,23649.14286,0,224.7142857,0,52.28571429,0,34.14285714,0,13500,0,5445.714286,0,0,21.50668335,20.78378677,20.54217911,20.06323242,19.70388985,19.34453201,18.90930748,18.43343163,18.00622559,17.63085365,17.18490982,16.65501404,16.14060211,15.72511292
8/2/2025,5923.857143,0,4209.571429,0,410.7142857,0,23484,0,227.1428571,0,52.51428571,0,34.14285714,0,13400,0,5437.142857,0,0,21.63783836,20.84149742,20.60933304,20.16853142,19.76262283,19.41386414,18.95599747,18.47213745,17.99500847,17.61946487,17.17564011,16.64133453,16.1489048,15.73763752
8/3/2025,5995.285714,0,4212.142857,0,405.5714286,0,23318.14286,0,229.2857143,0,52.78571429,0,34.14285714,0,13285.71429,0,5402.857143,0,0,21.83642197,20.84887886,20.64518547,20.26030922,19.90619087,19.55405998,19.0873661,18.65677452,18.16461182,17.78267479,17.27959251,16.77474976,16.2920475,15.86903095
8/4/2025,5994.714286,0,4213.714286,0,405.4285714,0,23163.42857,0,229.1428571,0,52.67142857,0,34.28571429,0,13171.42857,0,5371.428571,0,0,21.83883858,20.84951019,20.64582062,20.26094437,19.909935,19.55508995,19.08587074,18.65461349,18.16245461,17.78051376,17.28332138,16.78677559,16.29670715,15.8732605
8/5/2025,6022.857143,0,4213.571429,0,398.1428571,0,23022.28571,0,229.7142857,0,52.81428571,0,34.28571429,0,13071.42857,0,5347.142857,0,0,22.12369728,20.96495056,20.70121384,20.33927155,19.94141579,19.58740044,19.14679527,18.72751808,18.24183273,17.85551643,17.35352135,16.82984924,16.30722427,15.90693855
8/6/2025,6079.857143,0,4213,0,388.7142857,0,22892.42857,0,229.7142857,0,53.02857143,0,34.14285714,0,12971.42857,0,5298.571429,0,0,22.12369728,20.96495056,20.70121384,20.33927155,19.94141579,19.58740044,19.14679527,18.72751808,18.24183273,17.85551643,17.35352135,16.82984924,16.30722427,15.90693855
8/7/2025,6136.714286,0,4198.857143,0,391.4285714,0,22795.28571,0,229.4285714,0,53.02857143,0,34,0,12885.71429,0,5228.571429,0,0,22.17428207,20.9883461,20.70167542,20.34305382,19.94557953,19.59806061,19.1589241,18.75497437,18.29318047,17.92039108,17.42132568,16.88855934,16.33542824,15.92966461
8/8/2025,6234.857143,0,4157.571429,0,389.2857143,0,22707.57143,0,233,0,53.04285714,0,34,0,12814.28571,0,5161.428571,0,0,21.96427155,20.89611626,20.62474251,20.27892685,19.87303734,19.5405407,19.10922813,18.69823456,18.23297691,17.88179398,17.37664413,16.82940865,16.28721428,15.86815548
8/9/2025,6332.428571,0,4153.142857,0,387.2857143,0,22595.71429,0,236,0,52.08571429,0,34.14285714,0,12757.14286,0,5091.428571,0,0,21.97002792,20.89797783,20.64373398,20.33729744,19.92887115,19.6039505,19.17481232,18.7748127,18.31414795,17.95391655,17.4358654,16.87380981,16.30842972,15.93587399
8/10/2025,6497.428571,0,4128.571429,0,386,0,22529.57143,0,236,0,51.02857143,0,34.14285714,0,12742.85714,0,5037.142857,0,0,21.96072388,20.97673035,20.73459625,20.38386536,19.94175911,19.60289574,19.17948914,18.75772285,18.28816223,17.92370415,17.41295052,16.85293198,16.31930733,15.89087486
8/11/2025,6665,0,4125,0,381.5714286,0,22447.71429,0,235.8571429,0,50.64285714,0,34,0,12728.57143,0,4965.714286,0,0,22.16663361,20.98013687,20.79218674,20.45103645,20.00835419,19.71058464,19.25554848,18.82697678,18.33774376,17.94599533,17.44338036,16.89091492,16.3545475,15.92735958
8/12/2025,6803.571429,0,4126.142857,0,381.8571429,0,22273.85714,0,236.5714286,0,50.35714286,0,34.14285714,0,12671.42857,0,4860,0,0,22.09625244,20.99424934,20.822052,20.49967957,20.06124496,19.72799873,19.28283119,18.84386826,18.34403801,17.96823883,17.45601463,16.89434052,16.33706474,15.89616299
8/13/2025,6914.142857,0,4123.428571,0,386.8571429,0,21982,0,236.8571429,0,51.18571429,0,34.28571429,0,12557.14286,0,4755.714286,0,0,22.52626038,21.11248398,20.93709946,20.66172981,20.24389458,19.96973228,19.4848156,19.02114105,18.57925224,18.1108284,17.55639839,17.02796173,16.46742249,16.071455
8/14/2025,7025.428571,0,4134.571429,0,390,0,21602.85714,0,236.1428571,0,51.32857143,0,34.57142857,0,12414.28571,0,4665.714286,0,0,22.60164642,21.11239433,20.94070244,20.67434883,20.25915337,19.98558426,19.49590302,19.0187912,18.60383415,18.15870285,17.60895729,17.04170609,16.46855927,16.06686592
8/15/2025,7096.857143,0,4173.285714,0,394.5714286,0,21127.14286,0,230.1428571,0,51.7,0,34.57142857,0,12214.28571,0,4544.285714,0,0,22.62870407,21.19086647,21.04919052,20.74484444,20.32434464,20.02201462,19.53146362,19.03496742,18.61314774,18.13669777,17.59666824,17.03253746,16.48340607,16.03557777
8/16/2025,7167.428571,0,4176.571429,0,396.4285714,0,20531.71429,0,221.4285714,0,52.41428571,0,34.57142857,0,11914.28571,0,4390,0,0,22.73281479,21.20255089,21.04065323,20.73565865,20.31349754,20.00000572,19.51144218,19.02026558,18.61136627,18.14804649,17.60608101,17.03779602,16.49171829,16.03811836
8/17/2025,7171.285714,0,4195,0,396.8571429,0,19600,0,217,0,53.87142857,0,34.57142857,0,11505.71429,0,4194.285714,0,0,22.68620682,21.19199181,21.0368042,20.72528076,20.29234695,19.98301697,19.49560928,19.00623512,18.59918594,18.12891579,17.59346962,17.01993561,16.47006989,16.02924538
8/18/2025,6432.571429,0,4103.857143,0,400.2857143,0,18885.42857,0,217.7142857,0,55.24285714,0,34.71428571,0,11148.57143,0,4060,0,0,22.23118973,21.1295433,20.83656693,20.50122833,20.07295227,19.74782372,19.35000038,18.93026161,18.55142975,18.18490791,17.68831253,17.12640953,16.59291649,16.13829422
8/19/2025,6336.285714,0,4107,0,401.5714286,0,18357.42857,0,221.1428571,0,56.21428571,0,34.57142857,0,10862.85714,0,3975.714286,0,0,22.27734947,21.17579269,20.84738159,20.48850822,20.07690239,19.75609589,19.32760429,18.91309357,18.52414894,18.16690826,17.68099594,17.13012123,16.59628677,16.19239998
8/20/2025,6336.714286,0,4111.571429,0,399.8571429,0,17940.42857,0,229.7142857,0,55.72857143,0,34.57142857,0,10648.57143,0,3895.714286,0,0,22.20885277,21.08883286,20.76015091,20.39923668,19.98259544,19.68108177,19.25488853,18.84581757,18.45814705,18.12019348,17.63914871,17.08405113,16.56582642,16.15942955
8/21/2025,6336.857143,0,4110.428571,0,400.5714286,0,17649,0,237.2857143,0,56.42857143,0,34.28571429,0,10491.42857,0,3821.428571,0,0,22.19368553,21.08481216,20.75897408,20.44923592,20.03341103,19.69955063,19.25260162,18.85462379,18.44408417,18.09352684,17.60972786,17.03649521,16.48890305,16.17367363
8/22/2025,5926.428571,0,4061.857143,0,398.7142857,0,17487,0,245.2857143,0,57.14285714,0,34.14285714,0,10420,0,3791.428571,0,0,21.56637573,20.76836014,20.4158268,20.05619812,19.61024094,19.20718002,18.80712128,18.39438057,18.01766205,17.72282219,17.28756523,16.75488472,16.21435165,15.93728161
8/23/2025,5564.285714,0,4061.571429,0,401,0,17527,0,249.2857143,0,57.51428571,0,34,0,10462.85714,0,3808.571429,0,0,21.19944763,20.64014816,20.25391197,19.88319778,19.42854881,19.20151711,18.77297401,18.33997536,17.97232819,17.59768105,17.15252113,16.67509079,16.13755798,15.87313557
8/24/2025,5460.571429,0,4069.571429,0,418.1428571,0,17872.71429,0,249.2857143,0,57.58571429,0,33.85714286,0,10600,0,3872.857143,0,0,21.18088531,20.64219666,20.27757072,19.85618782,19.40341759,19.19917107,18.77635384,18.38492393,18.03383636,17.64717293,17.18323326,16.70674515,16.20920372,15.91894245
8/25/2025,6094.714286,0,4167.714286,0,432.2857143,0,17991.71429,0,243.5714286,0,57.9,0,33.71428571,0,10700,0,3882.857143,0,0,22.19982529,20.97818565,20.65999985,20.34047318,19.9252739,19.6129055,19.17516708,18.77442169,18.37702751,18.03751755,17.54479218,17.01166344,16.53419304,16.19571877
8/26/2025,6074.142857,0,4167.714286,0,439.4285714,0,17962.28571,0,233.5714286,0,59.25714286,0,33.71428571,0,10728.57143,0,3865.714286,0,0,22.27396011,21.06980324,20.75854492,20.42434692,20.01353073,19.72074318,19.28300476,18.88414001,18.47503853,18.10478973,17.62093735,17.07110023,16.56006813,16.21610832
8/27/2025,6072.285714,0,4170.142857,0,444.4285714,0,17932.42857,0,220.7142857,0,61.35714286,0,33.71428571,0,10728.57143,0,3865.714286,0,0,22.35120392,21.15758324,20.83778191,20.45947456,20.05087471,19.72688103,19.29139137,18.87547112,18.46583176,18.0849781,17.60485268,17.07586288,16.57694435,16.1834774
8/28/2025,6070.571429,0,4174.428571,0,443.4285714,0,17906.85714,0,211.7142857,0,62.94285714,0,34,0,10728.57143,0,3875.714286,0,0,22.34722519,21.14770317,20.82362938,20.44774818,20.03914452,19.71099281,19.27999306,18.86721992,18.46952438,18.09190178,17.6083374,17.07860374,16.58231163,16.18734169
8/29/2025,6478.857143,0,4227.714286,0,444,0,17937.71429,0,204.8571429,0,64.91428571,0,34.14285714,0,10742.85714,0,3902.857143,0,0,22.38492393,21.22374153,20.92745399,20.60365677,20.17790222,19.9165554,19.48631287,19.06358719,18.65460014,18.26218796,17.77830887,17.21043205,16.67988968,16.26769829
8/30/2025,6839.571429,0,4232.428571,0,441.1428571,0,17926.28571,0,202,0,66.47142857,0,34.28571429,0,10757.14286,0,3960,0,0,22.94000435,21.44375801,21.10894394,20.80935097,20.39006805,20.12022972,19.66752625,19.19158745,18.83971024,18.37549782,17.85735512,17.32902527,16.80892754,16.37791443
8/31/2025,6943.571429,0,4231.428571,0,433.2857143,0,17931,0,198.8571429,0,65.74285714,0,34.42857143,0,10742.85714,0,3990,0,0,22.98389435,21.45894814,21.12739182,20.84334564,20.42053795,20.16513062,19.69583321,19.20461845,18.86034012,18.39809608,17.88637733,17.32069397,16.78621101,16.29459381
9/1/2025,7049.285714,0,4214.285714,0,428.4285714,0,18012.14286,0,198.1428571,0,62.72857143,0,34.42857143,0,10714.28571,0,4018.571429,0,0,22.81464386,21.38930702,21.14957047,20.87054062,20.4568615,20.19160652,19.69286346,19.21462822,18.84846878,18.39166832,17.87145042,17.28194427,16.73913002,16.30168915
9/2/2025,7167.857143,0,4220,0,431.2857143,0,18107.85714,0,201.8571429,0,58.82857143,0,34.42857143,0,10700,0,4011.428571,0,0,22.99578857,21.45065117,21.17426682,20.89071846,20.45883942,20.19547272,19.70140839,19.20987511,18.83770752,18.37909126,17.87013054,17.28245163,16.74709892,16.30523682
9/3/2025,7169.571429,0,4226,0,433.4285714,0,18302.85714,0,206.2857143,0,54.24285714,0,34.28571429,0,10728.57143,0,4045.714286,0,0,22.99578857,21.45065117,21.17426682,20.89071846,20.45883942,20.19547272,19.70140839,19.20987511,18.83770752,18.37909126,17.87013054,17.28245163,16.74709892,16.30523682
9/4/2025,7170.428571,0,4230.142857,0,439.1428571,0,18389.57143,0,207.1428571,0,50,0,34.14285714,0,10742.85714,0,4064.285714,0,0,22.94504166,21.39990044,21.11621094,20.84793663,20.41911697,20.15048981,19.65642548,19.15640068,18.77915192,18.32395744,17.81249046,17.23797607,16.70556831,16.26610565
9/5/2025,7172.142857,0,4230.571429,0,451.8571429,0,18446.57143,0,205.2857143,0,45.34285714,0,34.14285714,0,10757.14286,0,4057.142857,0,0,22.91953659,21.36783028,21.06661606,20.79446602,20.36097717,20.09390259,19.60191345,19.11219978,18.73232651,18.27704048,17.77441978,17.19417953,16.66196251,16.25507355
9/6/2025,7172.571429,0,4229.714286,0,464.4285714,0,18504.42857,0,203.1428571,0,41.34285714,0,34,0,10771.42857,0,4021.428571,0,0,22.9816227,21.44104767,21.08153343,20.82635307,20.39085007,20.13002396,19.66580963,19.18631744,18.82676888,18.34682083,17.84209061,17.27628517,16.75337219,16.31783867
9/7/2025,7171.428571,0,4227.857143,0,474.5714286,0,18603.28571,0,203.1428571,0,39.18571429,0,34,0,10814.28571,0,4004.285714,0,0,22.9816227,21.44104767,21.08153343,20.82635307,20.39085007,20.13002396,19.66580963,19.18631744,18.82676888,18.34682083,17.84209061,17.27628517,16.75337219,16.31783867
9/8/2025,7170.571429,0,4240.571429,0,496,0,18587.14286,0,204,0,38.62857143,0,34.14285714,0,10857.14286,0,3962.857143,0,0,23.07965469,21.4662075,21.11519241,20.85884094,20.46553993,20.20349312,19.68558311,19.20302773,18.82747269,18.32621574,17.82359123,17.22178841,16.68155289,16.26479912
9/9/2025,7168.571429,0,4231,0,524.1428571,0,18550,0,200.5714286,0,38.71428571,0,34.28571429,0,10900,0,3944.285714,0,0,22.98638344,21.44391632,21.07660484,20.82316208,20.39180565,20.1298008,19.67076302,19.19901276,18.84016991,18.35223007,17.84696198,17.27682686,16.75075912,16.31360054
9/10/2025,7168.142857,0,4222,0,558.2857143,0,18439.42857,0,192.5714286,0,39.15714286,0,34.57142857,0,10914.28571,0,3885.714286,0,0,22.99380875,21.44754219,21.08194733,20.83008003,20.39276123,20.14975357,19.69193649,19.20331001,18.84446716,18.37698555,17.86834908,17.30218887,16.79657936,16.34366989
9/11/2025,7169.428571,0,4217.571429,0,601.5714286,0,18411.42857,0,186.4285714,0,39.87142857,0,34.71428571,0,10914.28571,0,3854.285714,0,0,22.98683929,21.44206047,21.08337021,20.83150291,20.39668274,20.15312576,19.69628906,19.2076664,18.84718704,18.38051033,17.87187386,17.29895782,16.79182625,16.34717178
9/12/2025,7169,0,4216,0,644.2857143,0,18338.57143,0,183.5714286,0,40.61428571,0,34.85714286,0,10885.71429,0,3818.571429,0,0,22.98683929,21.44206047,21.08337021,20.83150291,20.39668274,20.15312576,19.69628906,19.2076664,18.84718704,18.38051033,17.87187386,17.29895782,16.79182625,16.34717178
9/13/2025,7169.857143,0,4215.142857,0,692.8571429,0,18313.85714,0,181.4285714,0,41.34285714,0,35,0,10857.14286,0,3788.571429,0,0,23.0014534,21.45039177,21.10079193,20.84186745,20.40406418,20.16226959,19.71475792,19.21955681,18.84500504,18.3819561,17.87331963,17.30751419,16.79793358,16.35643005
9/14/2025,7169.571429,0,4220.714286,0,741.2857143,0,18252.28571,0,180.1428571,0,41.87142857,0,35,0,10800,0,3771.428571,0,0,23.0014534,21.45039177,21.10079193,20.84186745,20.40406418,20.16226959,19.71475792,19.21955681,18.84500504,18.3819561,17.87331963,17.30751419,16.79793358,16.35643005
9/15/2025,7168.285714,0,4226.571429,0,780.1428571,0,18220.28571,0,179.1428571,0,42.34285714,0,35,0,10728.57143,0,3788.571429,0,0,23.05286026,21.47684288,21.13302803,20.85233116,20.43345642,20.19578934,19.74187088,19.24289131,18.87056732,18.40655899,17.89746284,17.32905006,16.82498169,16.37302589
9/16/2025,7168.428571,0,4233.142857,0,810,0,18154.42857,0,179.4285714,0,42.27142857,0,34.85714286,0,10642.85714,0,3790,0,0,23.03543282,21.46332169,21.13696289,20.88997078,20.49768448,20.21959877,19.76234055,19.28702736,18.89088249,18.4733181,17.99610138,17.43181419,16.95077896,16.42602539
9/17/2025,7168.714286,0,4239.857143,0,837.8571429,0,17999.14286,0,183.7142857,0,42.05714286,0,34.57142857,0,10514.28571,0,3760,0,0,23.06870079,21.44812584,21.11297226,20.89665794,20.53156281,20.24442863,19.72920036,19.26403046,18.86431122,18.42259979,17.94795418,17.34529686,16.84657288,16.34798813
9/18/2025,7168.571429,0,4243.714286,0,853.7142857,0,17720.28571,0,189,0,41.32857143,0,34.42857143,0,10375.71429,0,3687.142857,0,0,23.02854729,21.40486908,21.13705254,20.90979385,20.52521706,20.21127701,19.67960739,19.22035789,18.80085945,18.35284615,17.89144516,17.28142357,16.78813553,16.32452774
9/19/2025,7169.142857,0,4245.428571,0,865,0,17524,0,190.7142857,0,40.55714286,0,34.28571429,0,10260,0,3650,0,0,22.99483871,21.36860466,21.12095642,20.88886452,20.50157928,20.19017982,19.65859985,19.19676781,18.78634834,18.33753014,17.87721825,17.28197289,16.7963028,16.32129288
9/20/2025,7170,0,4245,0,872.1428571,0,17324.71429,0,190,0,39.88571429,0,34.28571429,0,10158.57143,0,3602.857143,0,0,22.97204781,21.36246681,21.1137104,20.8786869,20.50423431,20.19680595,19.64094734,19.19661713,18.7920208,18.33817101,17.88301277,17.2943821,16.80767441,16.32935143
9/21/2025,7170.857143,0,4238.571429,0,875.5714286,0,17060.28571,0,187.7142857,0,40.15714286,0,34.28571429,0,10072.85714,0,3530,0,0,22.84213448,21.26973915,21.10433769,20.88545609,20.50869179,20.19773293,19.6554718,19.20526314,18.7387352,18.28422165,17.8235321,17.24873924,16.76178741,16.27443886
9/22/2025,7174,0,4232.857143,0,874.2857143,0,16832.71429,0,185.5714286,0,40.88571429,0,34.14285714,0,10030,0,3457.142857,0,0,22.97204781,21.36246681,21.1137104,20.8786869,20.50423431,20.19680595,19.64094734,19.19661713,18.7920208,18.33817101,17.88301277,17.2943821,16.80767441,16.32935143
9/23/2025,7175.571429,0,4226.571429,0,866,0,16694.42857,0,182.8571429,0,41.9,0,34.14285714,0,10030,0,3417.142857,0,0,22.8749733,21.33564568,21.08158684,20.8461113,20.42953682,20.12327003,19.62133789,19.17974091,18.79152298,18.35879326,17.90349197,17.34896851,16.88087654,16.38236618
9/24/2025,7176,0,4220.428571,0,845.4285714,0,16728.71429,0,178,0,42.74285714,0,34.42857143,0,10101.42857,0,3412.857143,0,0,22.97210693,21.39291382,21.1374321,20.87839317,20.46854019,20.16311836,19.68942261,19.22062683,18.82014084,18.40328407,17.97608376,17.40694618,16.94248962,16.43601227
9/25/2025,7175.857143,0,4217.142857,0,823.1428571,0,16922,0,171.1428571,0,43.67142857,0,34.57142857,0,10211.42857,0,3452.857143,0,0,23.10428047,21.5260849,21.1975956,20.96149254,20.5769577,20.30294991,19.88471222,19.40126228,19.0517292,18.62456703,18.15810966,17.5698185,17.08303452,16.47135544
9/26/2025,7174.285714,0,4218.571429,0,803.1428571,0,17151.71429,0,166.1428571,0,44.52857143,0,34.71428571,0,10312.85714,0,3482.857143,0,0,23.10428047,21.5260849,21.1975956,20.96149254,20.5769577,20.30294991,19.88471222,19.40126228,19.0517292,18.62456703,18.15810966,17.5698185,17.08303452,16.47135544
9/27/2025,7172,0,4222.857143,0,786.4285714,0,17327,0,162.8571429,0,44.3,0,34.71428571,0,10400,0,3524.285714,0,0,23.0798912,21.50397301,21.18513298,20.90272141,20.5000267,20.26450729,19.85680389,19.35273552,19.00204468,18.54578781,18.00954247,17.40717506,16.90829086,16.42930031
9/28/2025,7172.714286,0,4226.428571,0,766.5714286,0,17601.71429,0,160.4285714,0,43.41428571,0,34.85714286,0,10528.57143,0,3678.571429,0,0,23.0798912,21.50397301,21.18513298,20.90272141,20.5000267,20.26450729,19.85680389,19.35273552,19.00204468,18.54578781,18.00954247,17.40717506,16.90829086,16.42930031
9/29/2025,7171.428571,0,4225.285714,0,742.5714286,0,17897.42857,0,158.7142857,0,42.5,0,35.71428571,0,10614.28571,0,3815.714286,0,0,23.0798912,21.50397301,21.18513298,20.90272141,20.5000267,20.26450729,19.85680389,19.35273552,19.00204468,18.54578781,18.00954247,17.40717506,16.90829086,16.42930031
9/30/2025,7170.714286,0,4233.142857,0,728.4285714,0,18245.71429,0,159,0,41.6,0,37.57142857,0,10700,0,3967.142857,0,0,23.0798912,21.50397301,21.18513298,20.90272141,20.5000267,20.26450729,19.85680389,19.35273552,19.00204468,18.54578781,18.00954247,17.40717506,16.90829086,16.42930031
10/1/2025,7098.857143,0,4247.142857,0,730,0,18472,0,161,0,41.41428571,0,38,0,10742.85714,0,4094.285714,0,0,23.02030182,21.43300056,21.17890358,20.88193893,20.47899628,20.22323608,19.7845993,19.28497505,18.92697525,18.46750641,17.93004799,17.32736015,16.82769775,16.38786125
10/2/2025,7027,0,4257.142857,0,740.7142857,0,18576.42857,0,166.4285714,0,43.12857143,0,38.6,0,10771.42857,0,4170,0,0,23.00488281,21.41464424,21.1781559,20.88618279,20.47456741,20.22390747,19.78061676,19.27088356,18.94560623,18.48119736,17.95503807,17.37072182,16.86662292,16.40390968
10/3/2025,6956.714286,0,4257.142857,0,765.7142857,0,18672.14286,0,172.8571429,0,46.72857143,0,39.5,0,10828.57143,0,4247.142857,0,0,22.72375488,21.29262733,21.07018661,20.80066872,20.37781143,20.11583519,19.61927986,19.14126015,18.7714119,18.3113308,17.79185295,17.22811127,16.72035408,16.31753159
10/4/2025,6888.142857,0,4253.142857,0,807.7142857,0,18828.14286,0,180.2857143,0,52.01428571,0,41,0,10914.28571,0,4298.571429,0,0,22.88765717,21.35796356,21.07946014,20.83874321,20.43808746,20.12550926,19.62215614,19.1878643,18.80009079,18.34927368,17.87138176,17.31212044,16.81438828,16.34011078
10/5/2025,6815.857143,0,4242.285714,0,866.5714286,0,18935.85714,0,187,0,55.72857143,0,43.5,0,10957.14286,0,4232.857143,0,0,22.82008171,21.356884,21.06103325,20.81160164,20.39954758,20.08231163,19.58347321,19.16638374,18.7566967,18.3068428,17.84990501,17.31170464,16.80957603,16.3180275
10/6/2025,6219.142857,0,4026,0,941.4285714,0,18948.42857,0,188.7142857,0,57.78571429,0,47,0,10985.71429,0,4164.285714,0,0,22.35310936,21.16553688,20.84932518,20.53428459,20.1267128,19.77318001,19.3187561,18.93512535,18.48990822,18.13873672,17.72507095,17.20012283,16.74190521,16.21953583
10/7/2025,5623,0,3785.714286,0,1025.285714,0,18817.85714,0,186.4285714,0,58.95714286,0,,0,10957.14286,0,4042.857143,0,0,21.45717621,20.98191261,20.51912117,19.92097092,19.50389862,19.10727501,18.96416664,18.45486832,18.07809639,17.7353096,17.19290161,16.78460503,16.31165123,16.01275253
10/8/2025,5097.571429,0,3550,0,1098.285714,0,18592.14286,0,179.7142857,0,59.1,0,,0,10900,0,3911.428571,0,0,20.99725342,20.56109047,20.06806183,19.40117836,19.03477287,18.52354431,18.34543037,17.98419952,17.82110596,17.34110069,16.70785713,16.3822937,16.01463699,15.75487518
10/9/2025,4572.428571,0,3332.714286,0,1155.142857,0,18503.28571,0,164.7142857,0,57.31428571,0,,0,10842.85714,0,3864.285714,0,0,20.39225769,19.96086311,19.52414322,18.94491005,18.59669304,18.25013733,18.05382347,17.6638546,17.31895638,16.82516289,16.33176041,16.06591797,15.69094467,15.46067429
10/10/2025,4047.285714,0,3115.142857,0,1194.142857,0,18248.85714,0,145.4285714,0,53.85714286,0,,0,10714.28571,0,3791.428571,0,0,19.94836235,19.59488869,19.13418388,18.6700058,18.39427757,17.95648384,17.6115284,17.21466064,16.95551109,16.51438332,16.05403137,15.73326302,15.40058994,15.20680237
10/11/2025,3520.714286,0,2838.285714,0,1216.857143,0,17786,0,124.2857143,0,49.31428571,0,,0,10450,0,3707.142857,0,0,19.59379005,19.04181099,18.40154266,17.88229179,17.60595512,17.29070473,16.98416519,16.54092979,16.34564209,15.94286442,15.66842651,15.29006386,14.95316696,14.89094639
10/12/2025,2995.571429,0,2506.857143,0,1227.857143,0,17107.14286,0,104.7142857,0,46.52857143,0,,0,10070,0,3585.714286,0,0,18.97835922,18.36231232,17.89788055,17.43970299,17.13330269,16.66497993,16.41756058,16.17292786,15.87982082,15.33214378,14.73020649,14.25659943,13.86725616,13.88287067
10/13/2025,2995.857143,0,2384.714286,0,1233.142857,0,16246.14286,0,90.57142857,0,45.57142857,0,,0,9634.285714,0,3437.142857,0,0,18.78041649,18.10692787,17.63068199,17.19839859,17.00011253,16.55618286,16.33786964,16.03700447,15.85460663,15.27767658,14.69405651,14.24132729,13.78723049,13.7935648
10/14/2025,2995.142857,0,2276.428571,0,1263.428571,0,15585.28571,0,79,0,45.71428571,0,,0,9242.857143,0,3372.857143,0,0,18.83624077,18.15963745,17.68777084,17.2816143,17.04368591,16.60104561,16.38672066,16.1258316,15.90990257,15.31992245,14.7412405,14.36032772,13.97184849,14.02578163
10/15/2025,2851.714286,0,2133.285714,0,1328.285714,0,14938,0,67.42857143,0,48.28571429,0,,0,8862.857143,0,3304.285714,0,0,18.45248413,17.78351784,17.38941193,16.95784569,16.81286621,16.47240257,16.27180099,15.93534756,15.70948601,15.17915916,14.39451981,13.9771843,13.64534187,13.71106815
10/16/2025,2708.142857,0,1861.142857,0,1401.142857,0,14163.71429,0,60.71428571,0,53.6,0,,0,8448.571429,0,3141.428571,0,0,17.82662964,17.32919502,16.91218758,16.51964188,16.34734535,15.97160244,15.68026638,15.39600563,15.09587383,14.67192841,13.96890831,13.54341507,13.11460209,13.19032001
10/17/2025,2708.142857,0,1626,0,1503.142857,0,13471.71429,0,60,0,55.92857143,0,,0,8072.857143,0,2981.428571,0,0,17.80423546,17.22433853,16.76481438,16.23113251,16.12997627,15.64726257,15.30195713,15.00169945,14.76117325,14.36969471,13.90399265,13.66004562,13.39713383,13.35381222
10/18/2025,2850.714286,0,1498.571429,0,1660.571429,0,12954.42857,0,61.14285714,0,57.28571429,0,,0,7812.857143,0,2840,0,0,17.621418,17.05127144,16.48427773,15.94234085,15.95879745,15.43955708,15.12722778,14.81622887,14.45647049,14.00396633,13.55435371,13.33613586,13.11008549,12.97447968
10/19/2025,2992.714286,0,1374.714286,0,1831,0,12621.14286,0,61.85714286,0,58.37142857,0,,0,7655.714286,0,2734.285714,0,0,17.30288315,16.74903297,16.2191906,15.70882511,15.70452118,15.21812725,14.99934006,14.70649147,14.28802013,13.9284277,13.43261337,13.25830841,13.04038334,12.66362762
10/20/2025,3135.857143,0,1343.428571,0,1990.714286,0,12530.85714,0,62,0,58.95714286,0,,0,7580,0,2678.571429,0,0,17.14494133,16.53004456,15.95168114,15.45523548,15.48303795,14.98317337,14.76622391,14.47269535,14.18527603,13.85859394,13.22683907,12.89951038,12.46624279,12.05644226
10/21/2025,3278.428571,0,1401.142857,0,2098.428571,0,12298.85714,0,61.85714286,0,58.85714286,0,,0,7481.428571,0,2544.285714,0,0,16.97399712,16.55305862,15.77525425,15.35601616,15.28862953,14.83167648,14.46293068,14.20360279,13.92267036,13.50571918,12.77784729,12.4793539,12.01994514,12.15405464
10/22/2025,3564.142857,0,1413.714286,0,2144.142857,0,12096.57143,0,64.85714286,0,56.78571429,0,,0,7392.857143,0,2452.857143,0,0,17.52052689,17.09393692,16.54044151,16.1185894,16.06143951,15.59840965,15.44720936,15.14017582,14.86781311,14.36903477,13.70884609,13.46290302,13.23317432,13.30319214
10/23/2025,3849.857143,0,1539.428571,0,2189.857143,0,12026,0,68,0,52.04285714,0,,0,7345.714286,0,2444.285714,0,0,17.76458168,17.15928078,16.67574692,16.26923561,16.07780647,15.6132431,15.51795292,15.29345608,15.05846977,14.61953449,14.06728172,13.85687923,13.51205158,13.48845768
10/24/2025,3993,0,1520.428571,0,2244.428571,0,11941.85714,0,69,0,50.04285714,0,,0,7268.571429,0,2415.714286,0,0,17.79766464,17.2572403,16.85152245,16.41439056,16.2376461,15.84710598,15.66729164,15.46500206,15.18939781,14.6496439,14.06686497,13.63522148,13.31957817,13.37425518
10/25/2025,3992.714286,0,1459.142857,0,2268.714286,0,11796.42857,0,70.28571429,0,48.68571429,0,,0,7144.285714,0,2381.428571,0,0,17.80179596,17.25042152,16.85808754,16.41633224,16.22891426,15.84349537,15.69395447,15.46090698,15.16329575,14.62772942,14.03294182,13.60402298,13.36896229,13.43522167
10/26/2025,3492.714286,0,1644.142857,0,2238.571429,0,11674.71429,0,71.57142857,0,47.62857143,0,,0,7038.571429,0,2387.142857,0,0,17.54995537,16.93391609,16.48181725,16.07578278,15.92397308,15.54514885,15.27319241,15.01314831,14.80883789,14.25932693,13.83569717,13.64417744,13.28655338,13.28218174
10/27/2025,2921.714286,0,1920.571429,0,2170.142857,0,11641,0,71,0,47.04285714,0,,0,6980,0,2435.714286,0,0,17.26041412,16.84348297,16.20826912,15.694561,15.6376791,15.20513058,15.05010223,14.81533432,14.47110558,13.79823875,13.10729218,12.94248962,12.71177292,12.85883808
10/28/2025,2351.571429,0,2104.285714,0,2088,0,11626.42857,0,70.28571429,0,46.88571429,0,,0,6957.142857,0,2498.571429,0,0,17.08794975,16.48778725,15.8685236,15.35267544,15.42862797,14.8614006,14.70836639,14.43419647,14.03337574,13.55523682,12.93079472,12.40392685,11.89607239,11.70722294
10/29/2025,1781.428571,0,2306.428571,0,2008.571429,0,11730.57143,0,70,0,46.98571429,0,,0,6940,0,2551.428571,0,0,16.03010941,15.43826199,14.79968262,14.34216595,14.13854218,13.65748215,13.30098629,12.97242355,12.69039154,12.43822956,11.87576771,11.7097683,11.22024727,10.87019062
10/30/2025,1352.571429,0,2477.714286,0,1913.857143,0,11671.57143,0,70.42857143,0,46.82857143,0,,0,6794.285714,0,2632.857143,0,0,16.23397827,15.63630772,14.92341995,14.24026585,13.9589653,13.17952442,12.72114086,12.22774601,12.05547428,11.77698612,11.25812531,11.00651646,10.49913406,10.15827274
10/31/2025,1066.714286,0,2863.857143,0,1818.857143,0,11563.57143,0,70.71428571,0,46.51428571,0,,0,6632.857143,0,2784.285714,0,0,16.96384239,16.53166008,15.92734814,15.24259758,15.01880169,14.63362312,14.40476608,14.00870419,13.67029381,13.20982265,12.76450729,12.52284718,12.18107605,11.69211578
11/1/2025,639.4285714,0,3325.142857,0,1753.571429,0,11473.42857,0,70.85714286,0,46.4,0,,0,6508.571429,0,2941.428571,0,0,16.59070969,16.01291847,15.48485565,15.00937748,14.89660454,14.67640972,14.49285603,14.07640934,13.61417961,13.27420521,12.74184799,12.4128561,12.11167145,11.79066086
11/2/2025,711.2857143,0,3624,0,1719.571429,0,11427.28571,0,70.14285714,0,46.01428571,0,,0,6388.571429,0,3064.285714,0,0,17.59189415,16.89725304,16.35830688,15.88585091,15.87212372,15.37852478,15.15186214,14.83773613,14.38634205,13.95441055,13.58969212,13.25749302,13.04543591,13.0867281
11/3/2025,853.7142857,0,3715.142857,0,1698.142857,0,11261,0,71,0,45.35714286,0,,0,6232.857143,0,3120,0,0,17.3943119,16.89131165,16.36042976,15.96118927,15.88120461,15.46470833,15.09491348,14.82071304,14.38616943,13.91136646,13.40887737,13.24785805,12.95086098,13.0914011
11/4/2025,995.5714286,0,3808,0,1682.142857,0,11140.42857,0,73,0,44.11428571,0,,0,6065.714286,0,3184.285714,0,0,17.44722748,16.99696922,16.43695068,15.96995354,15.83412266,15.53486443,15.19548702,14.87252235,14.55669785,14.01743221,13.42033958,13.36312675,13.16279888,13.3264513
11/5/2025,1137.285714,0,3954.714286,0,1671.285714,0,10915.71429,0,75.42857143,0,43.21428571,0,,0,5930,0,3244.285714,0,0,17.7450676,17.20225143,16.71368408,16.36109734,16.22678757,15.94381809,15.69223881,15.33049297,15.13594913,14.46067142,13.89072323,13.74867916,13.50305748,13.62429905
11/6/2025,1138.714286,0,4091.285714,0,1658.285714,0,11012.14286,0,76.42857143,0,42.88571429,0,,0,5991.428571,0,3321.428571,0,0,17.94442558,17.38720322,16.85086441,16.4713459,16.27086639,15.99422836,15.75496387,15.39117527,15.18793392,14.49602318,13.94630909,13.77659893,13.48025703,13.55474758
11/7/2025,995.5714286,0,4170.142857,0,1596.428571,0,11147.85714,0,76.28571429,0,44.44285714,0,,0,6095.714286,0,3357.142857,0,0,17.99291992,17.38651466,16.91617775,16.51023483,16.35945702,16.09114265,15.84845734,15.4873476,15.29011059,14.68765926,14.10951424,13.86329937,13.54089165,13.68054485
11/8/2025,1065.857143,0,4173.571429,0,1470.142857,0,11316.28571,0,76,0,45.7,0,,0,6190,0,3397.142857,0,0,18.27219009,17.62945938,17.16034889,16.74382782,16.57783318,16.30268097,16.0355587,15.60946655,15.39767551,14.81446743,14.19987297,13.88113117,13.54557896,13.63294601
11/9/2025,1136.857143,0,4153,0,1339.714286,0,11359.14286,0,76.85714286,0,46.37142857,0,,0,6227.142857,0,3421.428571,0,0,18.13932228,17.47005081,17.04829597,16.67175293,16.47986031,16.16859436,15.90585899,15.50625038,15.30228043,14.72134113,14.13579273,13.83690739,13.52515602,13.64647675
11/10/2025,1207.285714,0,4150.285714,0,1228.142857,0,11273,0,77.57142857,0,46.82857143,0,,0,6182.857143,0,3405.714286,0,0,18.33391571,17.6416893,17.14413643,16.70209885,16.49714088,16.09324455,15.83638382,15.48874474,15.31285954,14.77502251,14.20497608,13.79927254,13.47435284,13.57043266
11/11/2025,1278.857143,0,4157.571429,0,1144.142857,0,11056.28571,0,77.85714286,0,47.35714286,0,,0,6078.571429,0,3355.714286,0,0,18.70180893,17.97898293,17.5025959,17.04118538,16.75064659,16.43004417,16.19157791,15.94715118,15.65265846,15.10608387,14.51871967,14.00478363,13.70669365,13.80815315
11/12/2025,1279.571429,0,4161.428571,0,1090.857143,0,10868.57143,0,75.85714286,0,47.37142857,0,,0,5937.142857,0,3284.285714,0,0,18.78170395,18.0051651,17.57390594,17.11220551,16.85192108,16.46992874,16.20241737,15.9528389,15.65194225,14.99117088,14.41785622,13.95059204,13.71289921,13.83795357
11/13/2025,1279.142857,0,4204.285714,0,1066.428571,0,10542.28571,0,75,0,49.64285714,0,,0,5795.714286,0,3185.714286,0,0,18.76498413,17.96888351,17.52298737,17.07568359,16.79048157,16.44637871,16.18544197,15.88858795,15.59052753,14.94591808,14.39042568,13.92674065,13.71227551,13.82491302
11/14/2025,1564.857143,0,4205.714286,0,1071.857143,0,10580.28571,0,75.28571429,0,76.95714286,0,,0,5787.142857,0,3204.285714,0,0,18.68538475,17.93494225,17.34521866,16.81996536,16.61990738,16.41936493,16.20055771,15.94218922,15.68672276,15.04685116,14.52233505,14.17282104,13.96953487,14.22881222
11/15/2025,1922.857143,0,4180.142857,0,1087,0,10704.57143,0,75.42857143,0,111.9,0,,0,5830,0,3241.428571,0,0,19.06970978,18.42177773,17.81994247,17.29808426,17.02170563,16.65091515,16.41323471,16.0939827,15.86292744,15.31926632,14.94951248,14.637537,14.26846981,14.47439384
11/16/2025,2280.142857,0,4170.428571,0,1120.714286,0,11111.71429,0,72.85714286,0,145.3857143,0,,0,6020,0,3380,0,0,19.43045616,18.79113007,18.18812561,17.63118172,17.34595299,17.00251198,16.67780113,16.2580719,16.04132652,15.5624094,15.18794727,14.7914753,14.51368237,14.56168461
11/17/2025,2637.857143,0,4079,0,1199,0,11791.42857,0,67.42857143,0,237.7857143,0,,0,6382.857143,0,3672.857143,0,0,19.55947495,18.91679192,18.33143425,17.82516098,17.51335907,17.15807724,16.86673355,16.54097557,16.27356339,15.76898384,15.33548546,14.94825554,14.63058853,14.70532894
11/18/2025,3208.571429,0,3983.571429,0,1334.571429,0,12696.14286,0,61.57142857,0,296.6,0,,0,6882.857143,0,4087.142857,0,0,19.8680954,19.33764839,18.85639572,18.40494919,18.22488785,17.79385185,17.37353325,16.92643738,16.57892799,16.12846375,15.65190887,15.37658596,14.92456436,14.57808495
11/19/2025,3848.714286,0,3890.714286,0,1536.571429,0,13821,0,58.57142857,0,325.4714286,0,,0,7551.428571,0,4638.571429,0,0,20.11179733,19.59308243,19.22198296,18.63352776,18.43292236,18.06957626,17.84580421,17.48504257,17.16116333,16.77290535,16.22488976,15.8763113,15.42889118,15.04713249
11/20/2025,4489.714286,0,3799.571429,0,1711.857143,0,15296,0,58.28571429,0,342.8571429,0,,0,8281.428571,0,5264.285714,0,0,20.51811981,20.0814724,19.68105507,19.10948944,18.89068985,18.56042671,18.37951279,17.88550949,17.51954079,16.855299,16.31708145,15.9464426,15.66593456,15.28389931
11/21/2025,5014.714286,0,3708,0,1827.857143,0,16300.28571,0,56.85714286,0,330.1428571,0,,0,8814.285714,0,5718.571429,0,0,20.48423958,20.22193527,19.75740433,19.27038193,19.10435104,18.65198708,18.37293816,17.9083519,17.53902054,16.98565102,16.48676872,16.12822723,15.69585037,15.31463146
11/22/2025,5527,0,3638.571429,0,1914.571429,0,16875.57143,0,53.42857143,0,307.5714286,0,,0,9158.571429,0,6028.571429,0,0,20.9241333,20.43109703,19.95746613,19.43888664,19.20015526,18.75603294,18.47432899,18.03886032,17.63449097,17.05112457,16.55479622,16.13772392,15.63533401,15.37794018
11/23/2025,5812.857143,0,3553.714286,0,1963.714286,0,17130.71429,0,52.28571429,0,285,0,,0,9325.714286,0,6207.142857,0,0,21.07967186,20.55656815,20.10342216,19.60669518,19.36823463,18.97565269,18.73345947,18.30805016,17.87391853,17.37328148,16.83084488,16.41187859,15.86160564,15.54199314
11/24/2025,6195.285714,0,3539.714286,0,1965.428571,0,17134.85714,0,53.85714286,0,202.4285714,0,,0,9337.142857,0,6251.428571,0,0,21.36813354,20.87887001,20.45712852,19.99200439,19.70007706,19.27976418,19.01339912,18.53069687,18.1639576,17.70396614,17.15492821,16.74094009,16.14673233,15.68177605
11/25/2025,6365.142857,0,3299.428571,0,1906,0,16867.71429,0,55,0,152.5714286,0,,0,9197.142857,0,6157.142857,0,0,21.27750206,20.80609512,20.41748238,19.92964554,19.62004089,19.15326881,18.88249397,18.39664268,18.07127762,17.61394119,17.07547379,16.58805084,16.03937149,15.58613777
11/26/2025,6535.571429,0,3055.428571,0,1754.571429,0,16301.71429,0,53.71428571,0,131.8571429,0,,0,8845.714286,0,5890,0,0,21.09508514,20.86117172,20.42939758,19.92253876,19.66207504,19.21635818,18.97622108,18.41095161,18.08195305,17.63689995,17.08554268,16.64289093,16.08282471,15.59797668
11/27/2025,6608.142857,0,2811.857143,0,1636.857143,0,15188.28571,0,49.28571429,0,119.6714286,0,,0,8300,0,5445.714286,0,0,21.04359055,20.63923073,20.21458817,19.76690292,19.3970871,19.00105095,18.77445984,18.24395561,17.9003334,17.5383606,17.01737976,16.67342377,16.17807198,15.70911694
11/28/2025,6440.714286,0,2568.285714,0,1554.571429,0,14220.71429,0,45.71428571,0,110.5142857,0,,0,7810,0,5042.857143,0,0,20.82979774,20.43291283,19.87510872,19.43148232,19.18338394,18.86918259,18.59311676,18.04818726,17.7454834,17.21639442,16.61374474,16.25119019,15.80120182,15.42228985
11/29/2025,6071.571429,0,2327.285714,0,1486.428571,0,13576,0,44.42857143,0,103.7,0,,0,7460,0,4748.571429,0,0,20.62687492,20.16769218,19.82911491,19.21965218,19.04083252,18.73029709,18.48660088,18.0104866,17.70396614,17.04209518,16.52230453,16.31860352,15.91690826,15.56462669
11/30/2025,5856.714286,0,2087.857143,0,1434.428571,0,12990.42857,0,43.57142857,0,98.75714286,0,,0,7162.857143,0,4478.571429,0,0,20.35533524,19.77495193,19.36486053,18.78647995,18.56020737,18.16684914,17.93513298,17.51941299,17.20842934,16.68733978,16.22735405,15.92080879,15.50742722,15.10020065
12/1/2025,5546.571429,0,1866.571429,0,1381.571429,0,12474.57143,0,42.71428571,0,94.9,0,,0,6902.857143,0,4221.428571,0,0,19.90470695,19.26786041,18.92682457,18.31126213,18.17314529,17.84463692,17.59337425,17.16470528,16.92438316,16.40209389,15.93589211,15.57628536,15.10764885,14.86492634
12/2/2025,5205.571429,0,1854.857143,0,1292,0,12070.14286,0,43.71428571,0,91.68571429,0,,0,6685.714286,0,3994.285714,0,0,19.72154617,19.20918655,18.75813293,18.23822212,18.00775337,17.65738297,17.27370644,16.79638863,16.4820137,15.98581219,15.53451824,15.14018631,14.65353298,14.4318924
12/3/2025,4822.857143,0,1843.142857,0,1402.428571,0,11747.57143,0,47.28571429,0,89.01428571,0,,0,6531.428571,0,3825.714286,0,0,19.59465599,19.01529694,18.44014168,17.97416687,17.70052719,17.31501007,17.04296875,16.7053318,16.44029999,15.97934341,15.6227026,15.27943516,14.94001579,14.92776775
12/4/2025,4394.285714,0,1709,0,1570.857143,0,11556.71429,0,47.57142857,0,86.62857143,0,,0,6415.714286,0,3712.857143,0,0,19.16920853,18.52237129,17.91564369,17.4352951,17.13593292,16.82485199,16.58130074,16.19202232,16.00531006,15.53968811,15.29679108,14.96835804,14.53996277,14.5670681
12/5/2025,3894.285714,0,1572.857143,0,1698,0,11293.14286,0,44.42857143,0,84.32857143,0,,0,6284.285714,0,3591.428571,0,0,18.29590416,17.6689949,17.17648506,16.79962921,16.60510826,16.36438179,16.09755135,15.83576012,15.53110981,14.87220001,14.38420486,14.14914989,13.8039484,13.77429581
12/6/2025,3465.571429,0,1438.857143,0,1826,0,11075.42857,0,41.71428571,0,82.24285714,0,,0,6172.857143,0,3500,0,0,17.3123188,16.99000359,16.53290749,16.11443329,15.98044682,15.68654537,15.38494778,15.03306293,14.74886608,14.11874485,13.50620174,13.52034855,13.36972618,13.55421448
12/7/2025,3108.285714,0,1310.285714,0,1951.571429,0,10876.14286,0,39,0,80.45714286,0,,0,6092.857143,0,3450,0,0,17.49735641,16.8318119,16.29117012,15.72774315,15.67877674,15.16810417,14.98710442,14.64689064,14.25226784,13.85498047,13.33111858,13.0605154,12.77057362,12.58211803
12/8/2025,2750.714286,0,1181.428571,0,1996.285714,0,10749.28571,0,36.28571429,0,79.31428571,0,,0,6024.285714,0,3420,0,0,16.50954247,15.77325821,15.26645947,14.61816788,14.30627918,13.86189461,13.55486107,13.15903664,12.88532352,12.54436493,11.89524937,11.5622673,10.97294521,10.55492115
12/9/2025,2419.285714,0,1065.714286,0,2041.571429,0,10642.28571,0,32.42857143,0,78.61428571,0,,0,5972.857143,0,3417.142857,0,0,15.57745743,14.85126781,14.438797,13.69804382,13.54390812,12.97435951,12.57745266,12.11564541,11.83500862,11.5275631,10.88059998,10.67199516,10.24127865,9.949943542
12/10/2025,2134.285714,0,947.8571429,0,1916.142857,0,10560.71429,0,26.42857143,0,78.07142857,0,,0,5910,0,3407.142857,0.142857143,0,14.0698967,13.44822788,13.0052433,12.36680508,12.25531387,11.72122288,11.53861141,11.0725975,10.75910664,10.37291145,9.977087975,9.798927307,9.617816925,9.288346291
12/11/2025,1989.857143,0,953.8571429,0,1716.857143,0,10434.57143,0,23.57142857,0,77.65714286,0,,0,5847.142857,0,3385.714286,0.285714286,0,13.76869869,13.2567234,12.8225069,12.29299164,12.15909958,11.61249161,11.39957142,10.9632864,10.66713333,10.34850693,9.968557358,9.655347824,9.502297401,9.265877724
12/12/2025,1989,0,961.5714286,0,1554.571429,0,10351,0,24,0,77.48571429,0,,0,5782.857143,0,3381.428571,0.428571429,0,14.21148491,13.40896225,12.92487431,12.41513348,12.31327248,11.8520174,11.61241245,11.15070534,10.76154613,10.45489025,10.19277954,9.906229973,9.665502548,9.466856956
12/13/2025,1988.428571,0,966.8571429,0,1395.142857,0,10224.42857,0,24,0,77.38571429,0,,0,5691.428571,0,3358.571429,0.571428571,0,14.84090519,13.92969799,13.29887867,12.70356178,12.46222115,11.9444952,11.62592411,11.15399933,10.74935246,10.41260624,10.10534191,9.797411919,9.578866959,9.465265274
12/14/2025,1990,0,966.2857143,0,1241.714286,0,10154.57143,0,24,0,77.14285714,0,,0,5615.714286,0,3317.142857,0.571428571,0,15.26510525,14.80501938,14.29581547,13.30720425,13.18780994,12.77005386,12.31797409,11.77876282,11.16243267,10.93020535,10.63124275,10.15613842,9.773357391,9.60772419
12/15/2025,1989.857143,0,959.1428571,0,1179,0,10108.85714,0,24,0,76.44285714,0,,0,5561.428571,0,3297.142857,0.571428571,0,15.63213444,15.0512619,14.42260647,13.58361912,13.35911274,12.86355972,12.41010284,11.93173409,11.34159088,11.14650154,10.73098373,10.31093407,9.985578537,9.760533333
12/16/2025,1936.714286,0,958.7142857,0,1160.142857,0,10112.85714,0,24,0,75.75714286,0,,0,5521.428571,0,3284.285714,0.571428571,0,15.4850502,14.7185297,14.38463974,13.62736702,13.24056721,12.65572739,12.19168186,11.79297352,11.26822281,11.01022816,10.53231907,10.10262585,9.897222519,9.845849037
12/17/2025,1878.142857,0,961,0,1134.571429,0,10171.85714,0,24,0,75.47142857,0,,0,5545.714286,0,3304.285714,0.428571429,0,15.05672264,14.43574619,14.07911682,13.14508438,12.91124058,12.67585754,12.42551136,12.02113628,11.47021103,11.14266777,10.64449692,10.35666561,10.11652946,9.959225655
12/18/2025,1880.714286,0,962,0,1114.142857,0,10383.85714,0,24,0,76.17142857,0,,0,5670,0,3392.857143,0.285714286,0,14.86276436,14.38542652,14.14580154,13.21929932,13.1163969,12.90630531,12.56944084,12.11311531,11.47431087,11.22789478,10.7911272,10.41099739,10.15228081,9.82794857
12/19/2025,2023.285714,0,964.5714286,0,1197.857143,0,10855.42857,0,33.57142857,0,78.04285714,0,,0,5990,0,3612.857143,0.142857143,0,15.14689445,14.59097958,14.09972668,13.1337328,12.96567535,12.52946281,12.17455196,11.68266392,11.07964897,10.93281364,10.5531168,10.08833408,9.757305145,9.400197029
12/20/2025,2522,0,1206.285714,0,1544.285714,0,12043.14286,0,51.57142857,0,81.11428571,0,,0,6637.142857,0,4108.571429,0,0,17.81409264,17.18948364,16.52219009,16.0535984,15.81644535,15.45057678,15.12306786,14.36613178,13.88971233,13.40868664,12.9022646,12.60634995,11.8405323,11.38777542
12/21/2025,3163.714286,0,1571.428571,0,2076.142857,0,13633.14286,0,69.57142857,0,94.08571429,0,,0,7601.428571,0,4874.285714,0,0,17.21463585,16.73889923,16.15397644,15.70583153,15.53978825,15.22619438,15.02532482,14.76480961,14.45886326,13.90652943,13.24390888,13.09020329,12.89056492,13.10616398
12/22/2025,3663,0,1944.142857,0,2747.714286,0,16912.14286,0,87.57142857,0,162.3571429,0,,0,9394.285714,0,6258.571429,0,0,17.87877274,17.17056274,16.76587677,16.12182617,15.85086346,15.71093559,15.48219395,15.2938118,15.0751915,14.5242424,13.95616245,13.67826939,13.40629578,13.42937374
12/23/2025,4505.142857,0,2398,0,3458,0,22257.28571,0,105.7142857,0,300.3857143,0,,0,12198.57143,0,8382.857143,0,0,18.5,18.03052711,17.51940727,16.99761581,16.87269783,16.77128601,16.56482887,16.29161453,16.03336716,15.6088829,15.28237438,15.03060341,14.77640915,14.53450108
12/24/2025,4806,0,2840.857143,0,4130.714286,0,28164.85714,0,124.1428571,0,585.3142857,0,,0,15437.14286,0,10838.57143,0,0,18.85943985,18.70843315,18.29296112,17.84549904,17.61904335,17.21905518,16.9595623,16.59931374,16.39537621,16.12168312,15.73923779,15.39889717,15.13710403,15.00599766
12/25/2025,4790.571429,0,3285.142857,0,4725.571429,0,34656,0,141.7142857,0,1165.028571,0,,0,18894.28571,0,13447.14286,0,0,18.80823135,18.71730042,18.30041313,17.79304504,17.56112099,17.16783714,16.84340286,16.62370682,16.43692207,16.12574768,15.73248577,15.33435822,14.97173023,14.86921787
12/26/2025,4948.285714,0,3651.142857,0,5112.142857,0,42088.71429,0,156.8571429,0,1576.5,0,,0,22588.57143,0,16188.57143,0,0.142857143,19.22573853,19.04432106,18.66896629,18.04733658,17.83658791,17.47314644,17.27518654,17.10437202,16.83543205,16.56831169,16.07427788,15.8251543,15.45800686,15.17670441
12/27/2025,4690.571429,0,3773.714286,0,5185.857143,0,49457.42857,0,170.4285714,0,1832.571429,0,,0,26228.57143,0,18847.14286,0,0.285714286,19.21255684,19.04096413,18.6762867,18.03102303,17.82401657,17.421175,17.20994377,17.04314995,16.7613678,16.44607544,15.93094254,15.66584301,15.29522991,15.05594063
12/28/2025,4276.142857,0,3774,0,4991.428571,0,56401.42857,0,183.4285714,0,1981.714286,0,,0,29557.14286,0,21257.14286,0,0.428571429,18.55195236,18.60385132,18.17725754,17.83628464,17.60502434,17.24050713,16.91430473,16.64432144,16.36938286,16.01747704,15.63269615,15.28982353,14.98631668,14.84865761
12/29/2025,3776.285714,0,3773.142857,0,4529.285714,0,61458,0,197.1428571,0,2030.714286,0,,0,31957.14286,0,22971.42857,0,0.571428571,18.51530457,18.44328499,17.99059105,17.65521812,17.4403019,17.06226921,16.81227875,16.46311378,16.31570625,16.04539871,15.59901333,15.28283882,14.97216702,14.8236084
12/30/2025,2962.714286,0,3686,0,3969.857143,0,63871.28571,0,209.8571429,0,1983.714286,0,,0,33185.71429,0,23842.85714,0,0.714285714,17.68141747,17.29827309,16.80070114,16.47328949,16.20708084,16.01401138,15.88014412,15.77375603,15.65940094,15.24604511,14.79410458,14.51918602,14.34193802,14.1442976
12/31/2025,2677.142857,0,3611.857143,0,3420.428571,0,65162.85714,0,224,0,1773.285714,0,,0,33714.28571,0,24214.28571,0,0.857142857,17.90167618,17.47018051,16.98611641,16.58473969,16.3562851,16.24121284,15.97437859,15.67010403,15.48490429,15.23019123,14.78504944,14.39920521,14.14869308,14.03961658
1/1/2026,2648.571429,0,3539.142857,0,2937.285714,0,65125.85714,0,238.7142857,0,1334.714286,0,,0,33671.42857,0,24200,0,0.857142857,18.20940971,17.76865196,17.21414757,16.76097679,16.42965889,16.39598465,16.18995094,15.84779835,15.66552162,15.31851864,14.94093323,14.66494274,14.4176178,14.31110287
1/2/2026,2305.285714,0,3538,0,2576.571429,0,63489.28571,0,255.4285714,0,1196.142857,0,,0,33014.28571,0,23785.71429,0,0.714285714,18.25320816,17.74243355,17.20195389,16.78876305,16.57524681,16.42665863,16.24065781,15.8971653,15.69625854,15.26915073,14.78858376,14.44987202,14.13630867,14.13799
1/3/2026,2007.571429,0,3423.714286,0,2351,0,61525.57143,0,279.5714286,0,1384.714286,0,,0,32200,0,23271.42857,0,0.571428571,17.76129913,17.39848518,17.01971436,16.59382248,16.31221771,16.05621147,15.86717606,15.5262785,15.18546104,14.65196896,14.06159306,13.63620281,13.39842415,13.32542419
1/4/2026,2008.714286,0,3304.285714,0,2221.857143,0,61159,0,307.5714286,0,2113.285714,0,,0,31914.28571,0,23114.28571,0,0.571428571,17.52316093,17.08079147,16.68724251,16.28609848,15.91678524,15.49590778,15.21207333,14.88617325,14.66231823,14.22519875,13.79921627,13.61181068,13.22647095,13.18649673
1/5/2026,2123.857143,0,3300.714286,0,2336.142857,0,62098.85714,0,344.1428571,0,2712.571429,0,,0,32242.85714,0,23385.71429,0,0.571428571,17.74019623,17.37978745,16.99977684,16.57267761,16.3137989,16.05654716,15.86776447,15.52897263,15.18917179,14.65676689,14.06497002,13.63310909,13.39812756,13.32364368
1/6/2026,2338.142857,0,3297.571429,0,2754.857143,0,63652.28571,0,398.2857143,0,3009.571429,0,,0,32885.71429,0,23885.71429,0,0.571428571,17.86369133,17.40830421,16.98142052,16.43098831,16.02218437,15.80873299,15.52675915,15.30299473,15.09476376,14.64084911,14.07398319,13.77526188,13.51829147,13.38249111
1/7/2026,2581.142857,0,3390.142857,0,3114.857143,0,65747.42857,0,448.2857143,0,3212.857143,0,,0,33742.85714,0,24528.57143,0,0.571428571,17.76155853,17.36189461,16.83099937,16.44316292,16.11105728,16.11933708,15.83835888,15.48281956,15.32734871,14.97883415,14.64868069,14.40424824,14.13602924,14.06184864
1/8/2026,2795.857143,0,3482.142857,0,3349.428571,0,68073.14286,0,499.4285714,0,3300,0,,0,34785.71429,0,25300,0,0.714285714,17.95450974,17.51366043,17.04986382,16.64848709,16.37411499,16.25919724,15.985466,15.673419,15.49535847,15.21670246,14.77461433,14.42845058,14.17217064,14.06366825
1/9/2026,2953.285714,0,3573.428571,0,3534.428571,0,70859.57143,0,531.7142857,0,3212.857143,0,,0,35985.71429,0,26157.14286,0,0.857142857,17.99421883,17.57205772,17.10891914,16.68940926,16.47535133,16.32067108,16.16061974,15.81251144,15.66378021,15.37746334,14.92845345,14.51593208,14.27315903,14.18054485
1/10/2026,3095.857143,0,3781,0,3625.428571,0,73067.28571,0,544.7142857,0,2922.857143,0,,0,36971.42857,0,26828.57143,0,1,18.35741806,17.87747765,17.36089325,16.94458771,16.79581451,16.65120697,16.49319077,16.34955215,16.1037693,15.76171207,15.33370399,15.09698105,14.84732628,14.58644772
1/11/2026,2939,0,3993.571429,0,3694.428571,0,73386.14286,0,554.1428571,0,2168.571429,0,,0,37242.85714,0,27014.28571,0,1,18.33027267,17.8889637,17.33081818,16.90483284,16.74819374,16.62110138,16.45294952,16.31295395,16.06773186,15.72649097,15.29389191,15.11073494,14.86288643,14.5897646
1/12/2026,2895.285714,0,4091.714286,0,3631.285714,0,72075.14286,0,546.4285714,0,1572.142857,0,,0,36828.57143,0,26700,0,1,18.34336853,17.8712368,17.43551064,17.00413704,16.81973076,16.57882881,16.41843033,16.3078022,16.07497787,15.78733635,15.35215569,15.12316132,14.8434515,14.5882349
1/13/2026,2708,0,4089.142857,0,3310.142857,0,70233.85714,0,505,0,1291.857143,0,,0,36057.14286,0,26114.28571,0,1,18.25103569,17.86548996,17.3054924,16.90432549,16.65027046,16.48481178,16.32546806,16.11079788,15.8802166,15.58447742,15.11291409,14.83184242,14.54643536,14.27770329
1/14/2026,2507.571429,0,3989.285714,0,3064.142857,0,67743.42857,0,461.7142857,0,1112.571429,0,,0,35028.57143,0,25357.14286,0,0.857142857,18.25497627,17.72963905,17.23471832,16.79649925,16.51366806,16.52048874,16.27784729,15.89916611,15.77082157,15.55836391,15.23729324,14.8456459,14.52287006,14.35531235
1/15/2026,2337,0,3886.714286,0,2940.285714,0,64974.42857,0,417.5714286,0,977.1428571,0,,0,33800,0,24457.14286,0,0.714285714,18.23560333,17.76508141,17.21542931,16.76097298,16.43009377,16.41775131,16.20716667,15.85385799,15.65098286,15.34075832,14.9970417,14.66908741,14.41930962,14.35029125
1/16/2026,2209,0,3790.571429,0,2852.714286,0,61652,0,374,0,878.8571429,0,,0,32385.71429,0,23442.85714,0,0.571428571,17.9339447,17.53229141,16.95981979,16.51589966,16.13768959,16.14674759,15.8418541,15.51471615,15.34618855,14.93806934,14.61910725,14.35284328,14.10098648,14.07678032
1/17/2026,2108.285714,0,3694.571429,0,2770.428571,0,58066.42857,0,330.4285714,0,804.5714286,0,,0,30871.42857,0,22385.71429,0,0.428571429,17.94115639,17.5266037,16.99579811,16.52019882,16.17655563,16.07348251,15.77662086,15.49324322,15.27586651,14.82460785,14.29007053,14.12131023,13.86517811,13.88791752
1/18/2026,2022,0,3596.571429,0,2691.571429,0,54339.42857,0,287,0,746.1428571,0,,0,29328.57143,0,21314.28571,0,0.285714286,17.87071037,17.43470383,16.95405006,16.41594124,16.14490128,15.97659588,15.84810543,15.60016632,15.36389542,14.80478859,14.15565777,13.88102818,13.66463375,13.5691843
1/19/2026,1937.285714,0,3497.571429,0,2626.142857,0,50739.42857,0,251.5714286,0,699.2857143,0,,0,27771.42857,0,20257.14286,0,0.142857143,17.5344429,17.15331268,16.69357109,16.37865067,16.12079239,15.91333389,15.82399368,15.2865839,14.95830727,14.40094566,13.69797134,13.30416965,13.13273144,13.13594151
1/20/2026,2052,0,3495.428571,0,2574,0,47184,0,233,0,659.7142857,0,,0,26271.42857,0,19242.85714,0,0,17.92067528,17.45338058,16.98198891,16.56282806,16.25078773,15.98616982,15.83041859,15.46815586,15.18825054,14.68538952,14.11126804,13.72679424,13.53305817,13.54517841
1/21/2026,2181,0,3492.714286,0,2535,0,44011.71429,0,218.7142857,0,624.8571429,0,,0,24900,0,18300,0,0,18.10382652,17.54737091,17.13916206,16.76857758,16.48124123,16.12257385,15.99219513,15.62201691,15.3906374,14.95732403,14.57528114,14.28483009,13.98436832,14.05146122
1/22/2026,2309.285714,0,3490.714286,0,2511.571429,0,41381,0,198.4285714,0,591.2857143,0,,0,23700,0,17471.42857,0,0,18.20860481,17.55574608,16.97693825,16.55091095,16.39487457,16.16691208,16.01614571,15.66319656,15.34129524,14.94935703,14.52237988,14.20034122,13.94876957,14.03968048
1/23/2026,2452.142857,0,3488.142857,0,2505,0,39050.28571,0,179.7142857,0,559,0,,0,22628.57143,0,16742.85714,0,0,18.23078537,17.60473633,16.97788239,16.50662231,16.34586906,16.26980209,16.10283852,15.7775507,15.55977249,15.06784058,14.73381138,14.39266491,14.24220181,14.32904911
1/24/2026,2609.428571,0,3485.714286,0,2481.142857,0,37067.42857,0,166.1428571,0,530.1428571,0,,0,21671.42857,0,16085.71429,0,0,18.3789444,17.78986549,17.25748634,16.81241226,16.60338974,16.48864937,16.31635094,15.95273685,15.78546143,15.26617813,15.09257507,14.72158527,14.51450157,14.55995941
1/25/2026,2752.428571,0,3483,0,2443.142857,0,35286.57143,0,152.8571429,0,502.8571429,0,,0,20785.71429,0,15457.14286,0,0,18.65999031,18.0253315,17.50436401,17.09415245,16.90316772,16.8079071,16.65427208,16.1848011,16.06941795,15.67919731,15.45339012,15.14646816,14.91486645,14.86093903
1/26/2026,2880.857143,0,3479.714286,0,2394.142857,0,33624.42857,0,139.4285714,0,476.8571429,0,,0,19914.28571,0,14814.28571,0,0,18.46878052,17.86776543,17.34480858,16.91070175,16.75745964,16.65479279,16.41730118,16.04594612,15.84482384,15.48755074,15.33728504,15.07457733,14.79409409,14.64706516
1/27/2026,2881.857143,0,3479.714286,0,2336.285714,0,32067,0,126.1428571,0,453.1428571,0,,0,19028.57143,0,14171.42857,0,0,18.41663361,17.83693695,17.31308365,16.88447952,16.7601738,16.64944267,16.44676399,16.08390617,15.87525654,15.50728035,15.37936878,15.11131859,14.82095909,14.65519142
1/28/2026,2868.285714,0,3480.571429,0,2269.857143,0,30474.71429,0,112.8571429,0,431.7142857,0,,0,18114.28571,0,13514.28571,0,0,18.37088966,17.83716583,17.31807518,16.88943672,16.78151321,16.67336464,16.47182083,16.11071968,15.90692711,15.54199123,15.42432022,15.17925262,14.92377758,14.75738144
1/29/2026,2839.714286,0,3482.142857,0,2194.571429,0,28736.85714,0,102.8571429,0,411.4285714,0,,0,17185.71429,0,12814.28571,0,0,18.55402374,18.01021194,17.48679352,17.05058479,16.8796978,16.7215538,16.51104355,16.15011215,15.98910999,15.70860767,15.50852966,15.24892998,14.97019863,14.67654228
1/30/2026,2810.714286,0,3485,0,2103.285714,0,27155.28571,0.142857143,95.57142857,0,392.1428571,0,,0,16257.14286,0,12092.85714,0,0,18.50700378,17.92828178,17.41546631,16.8723259,16.71877289,16.61372566,16.39499283,15.96156025,15.82336903,15.49205399,15.29642296,14.99279594,14.7477932,14.45663071
1/31/2026,2767.857143,0,3488.857143,0,2036.714286,0,25700.85714,0.142857143,86.42857143,0,373.8571429,0,,0,15485.71429,0,11478.57143,0,0,18.51626205,17.88284874,17.37813187,16.79392624,16.66444016,16.53211212,16.29185295,15.8424511,15.69036007,15.30595303,15.07098007,14.8139534,14.58640099,14.40801907
2/1/2026,2396.857143,0,3300.285714,0,2002.714286,0,25316.71429,0.142857143,77.42857143,0,358.1428571,0,,0,15171.42857,0,11235.71429,0,0,17.96978569,17.34283638,16.97501373,16.46658325,16.37337112,16.17652893,15.99707031,15.65851212,15.46707535,15.00137615,14.61888123,14.41295528,14.09903908,14.09687614
2/2/2026,2039.571429,0,2920.285714,0,2008.428571,0,25462.71429,0.142857143,69,0,344.5714286,0,,0,15257.14286,0,11292.85714,0,0,17.32964134,16.89377594,16.45023537,16.03748512,15.97711658,15.72744083,15.45518303,15.05042362,14.77324963,14.23340702,13.57236481,13.45397377,13.21731853,13.33757496
2/3/2026,1682.571429,0,2538.571429,0,2043.285714,0,25938.71429,0.142857143,61,0,332.5714286,0,,0,15542.85714,0,11492.85714,0,0,16.376091,15.83162022,15.28743267,14.75740147,14.68630695,14.21349239,13.93109226,13.48956203,13.14632988,12.94106293,12.39599514,11.92708778,11.42542076,10.9366827
2/4/2026,1710,0,2272.285714,0,2089.428571,0,26679.71429,0.142857143,52.28571429,0,319,0,,0,15971.42857,0,11792.85714,0,0,16.33945465,15.72632885,15.09791279,14.56305313,14.197402,13.57371616,13.20205116,12.86538219,12.58887863,12.29526711,11.8025198,11.4602108,10.90270615,10.54755974
2/5/2026,1824.285714,0,2004,0,2133,0,27571,0.142857143,45.57142857,0,303.1428571,0,,0,16485.71429,0,12164.28571,0,0,15.7941227,15.06457806,14.46166229,13.86641121,13.60667419,12.79634953,12.49836159,11.98732471,11.8104353,11.58174324,11.07496929,10.92810249,10.54222298,10.35484505
2/6/2026,1896.142857,0,1735.142857,0,2183,0,28688.28571,0,43.28571429,0,288.4285714,0,,0,17100,0,12614.28571,0,0,15.27343655,14.73614883,14.22202015,13.67610645,13.47041702,12.90599918,12.66273308,12.23808575,12.02559566,11.71831226,10.9971447,10.77378845,10.32436371,9.696966171
2/7/2026,1968,0,1467,0,2238.428571,0,29749.71429,0,42.57142857,0,274.4285714,0,,0,17671.42857,0,13042.85714,0,0,14.54354286,13.85695934,13.28947735,12.6014986,12.38187313,11.91324425,11.73630714,11.24856758,11.14174271,10.81151867,10.38285542,10.24445915,9.825414658,9.327430725
2/8/2026,2353,0,1430.142857,0,2282.857143,0,29965.57143,0,42.42857143,0,261,0,,0,17871.42857,0,13171.42857,0,0,15.74958134,15.06282234,14.46461391,13.83860207,13.5791235,12.97624302,12.76665878,12.18358421,12.1496315,11.89138985,11.38943291,11.19971943,10.58308125,9.523826599
2/9/2026,2667.428571,0,1591,0,2306.285714,0,29777.42857,0,42.42857143,0,248.4285714,0,,0,17771.42857,0,13114.28571,0,0,16.40049744,15.73338795,15.20673656,14.66093636,14.74922848,14.33043575,14.14979744,13.7066021,13.40748119,13.21993065,12.73367596,12.36990833,11.85547638,11.03250885
2/10/2026,2910.142857,0,1752.571429,0,2321.285714,0,29605.42857,0,41.14285714,0,237.7142857,0,,0,17628.57143,0,13000,0,0,16.74867058,16.18301201,15.48667526,15.09732819,14.97259235,14.49482441,14.11092567,13.89244652,13.69515133,13.24095821,12.61350822,12.52008438,12.05249023,11.85310841
2/11/2026,2839.428571,0,1792.142857,0,2349.714286,0,29495,0,38.57142857,0,235.5714286,0,,0,17514.28571,0,12928.57143,0,0,16.61149979,16.03655052,15.48767853,14.98308372,14.90319538,14.45201015,14.15093994,13.95192528,13.53775215,12.96588135,12.27423763,12.15588379,11.69926262,11.71520615
2/12/2026,2852.857143,0,1838.571429,0,2419.571429,0,29447.57143,0,35.85714286,0,244.4285714,0,,0,17485.71429,0,12928.57143,0,0,16.89034843,16.32253838,15.59064674,15.07821465,15.01021481,14.526021,14.13914871,13.90753365,13.72204685,13.16557026,12.45362949,12.33473587,11.98076534,11.97726917
2/13/2026,2966.714286,0,1884.714286,0,2506.285714,0,29390.14286,0,33.57142857,0,250.7142857,0,,0,17542.85714,0,12971.42857,0,0,17.01226807,16.46312141,15.83862782,15.35648155,15.23322582,14.78858471,14.4711256,14.20128632,14.04588413,13.33760929,12.72766495,12.69018173,12.40113831,12.45885086
2/14/2026,2867.428571,0,2252.571429,0,2586,0,29690,0,31.42857143,0,255.1428571,0,,0,17657.14286,0,13042.85714,0,0,17.35201263,16.85194206,16.32883453,15.83172989,15.60569572,15.23041534,15.02279663,14.74955845,14.66950512,14.07138729,13.49830341,13.32401562,12.9063406,13.09649849
2/15/2026,2809.857143,0,2588.428571,0,2661.714286,0,29938.71429,0,28.42857143,0,259.1428571,0,,0,17771.42857,0,13142.85714,0,0,17.56759262,17.14488602,16.75129318,16.23172569,15.84412861,15.49483776,15.39104843,15.11926079,14.93604279,14.42340279,13.76122284,13.44935036,13.285923,13.35392094
2/16/2026,2824.142857,0,2920.428571,0,2759,0,30410.28571,0,26.57142857,0,503.1428571,0,,0,17957.14286,0,13257.14286,0,0,17.95864677,17.30465889,16.88123703,16.40142822,16.02134323,15.72105789,15.48811722,15.26608944,15.04859924,14.68601799,14.23586845,14.15307808,13.92981815,14.046422
2/17/2026,2909.571429,0,3251.714286,0,2950,0,31110.42857,0,36,0,985.1428571,0,,0,18371.42857,0,13571.42857,0,0,18.10859871,17.54441833,17.04305458,16.56045723,16.23135757,16.13284874,15.82439137,15.5487833,15.32561016,14.96241283,14.75455952,14.54990196,14.29187202,14.36397457
2/18/2026,2980.285714,0,3589.285714,0,3344.428571,0,33072.42857,0,80.14285714,0,1329.285714,0,,0,19328.57143,0,14271.42857,0,0,18.10005569,17.739748,17.33320236,16.90021324,16.66906166,16.49429131,16.29724312,15.97419262,15.72096539,15.38593006,15.17670822,14.86680603,14.69157982,14.5556612
2/19/2026,2995.142857,0,3919.714286,0,3971.428571,0,35208.85714,0,150.4285714,0,1554.142857,0,,0,20557.14286,0,15185.71429,0,0,18.09465027,17.6558342,17.21043015,16.79582214,16.56425476,16.34706116,16.14558792,16.03819275,15.9192028,15.54814911,15.08483791,14.79523659,14.58100128,14.38122368
2/20/2026,3066.571429,0,4247.285714,0,4676.571429,0,37125.28571,0,233.7142857,0,1732.428571,0,,0,21785.71429,0,16128.57143,0,0,18.41106606,18.17574501,17.66065788,17.27418709,17.06300163,16.87410355,16.63858795,16.31457901,16.20294952,15.90647221,15.42076111,15.02069855,14.67153263,14.58153439
2/21/2026,3438,0,4250.142857,0,5473.571429,0,38855.42857,0,330.7142857,0,1836.428571,0,,0,22985.71429,0,17028.57143,0,0,18.07294083,17.84960938,17.4721756,17.16783714,16.84309578,16.60800362,16.34304047,16.0604763,15.82700062,15.55011559,15.02038479,14.68748665,14.49076843,14.40570354
2/22/2026,3853.142857,0,4247,0,6268.428571,0,40748.71429,0,427.1428571,0,1911.428571,0,,0,24285.71429,0,17957.14286,0,0,18.38653755,17.87340736,17.51746368,17.07384872,16.83939362,16.57495499,16.35335732,16.00620079,15.90473557,15.68992996,15.27108574,14.82839584,14.57663441,14.39945316
2/23/2026,4266.571429,0,4241.428571,0,7015.857143,0,42408.42857,0,522.4285714,0,1733.571429,0,,0,25557.14286,0,18885.71429,0,0,18.45288849,18.05667114,17.74632263,17.34998512,17.10681152,16.7854805,16.5882206,16.30977249,16.10920906,15.83572006,15.45894051,15.12882233,14.85152435,14.63996315
2/24/2026,4666.428571,0,4237.857143,0,7661.428571,0,43775.85714,0,607.5714286,0,1314.857143,0,,0,26514.28571,0,19571.42857,0,0,18.61272621,18.23039818,17.82307816,17.43603134,17.28843498,16.99828529,16.8174305,16.59290123,16.4050312,16.18418884,15.76502705,15.3816824,15.10295773,14.9514246
2/25/2026,4994.857143,0,4236.571429,0,8058.571429,0,43585.71429,0,642,0,1096.285714,0,,0,26828.57143,0,19800,0,0,18.61713982,18.16253662,17.82301903,17.59934044,17.43651581,17.12420654,16.99213409,16.58361435,16.45190811,16.19384956,15.83800125,15.57359886,15.25603485,15.1032753
2/26/2026,5208.285714,0,4234.571429,0,8147.285714,0,43816.42857,0,632.4285714,0,1076.285714,0,,0,27057.14286,0,19928.57143,0,0,18.65898705,18.23024368,17.92980957,17.68949318,17.52247429,17.19289398,17.05117607,16.66174889,16.51864052,16.27731323,15.91842556,15.65280151,15.37286091,15.21341133
2/27/2026,5280.142857,0,4234.571429,0,8098,0,44976.14286,0,595.1428571,0,1120.571429,0,,0,27657.14286,0,20271.42857,0,0.142857143,18.66691399,18.19630814,17.87882805,17.65253067,17.50789452,17.12140656,16.97457504,16.57803154,16.40083313,16.12826347,15.74901867,15.46319389,15.18634701,14.85673428
2/28/2026,5251.285714,0,4237.857143,0,7914.857143,0,46876.71429,0,537.4285714,0,1263.285714,0,,0,28220,0.142857143,20842.85714,0,0.285714286,19.18600082,18.71919441,18.23242188,17.88264275,17.74904633,17.34536552,17.08340454,16.88298035,16.67687416,16.41089249,16.00461197,15.53378963,15.22226238,14.88952923
3/1/2026,5138.142857,0,4241.714286,0,7704.714286,0,48965.85714,0,480.4285714,0,1456.285714,0,,0,28717.14286,0.285714286,21457.14286,0,0.428571429,19.14285851,18.65765953,18.17755127,17.83317184,17.66463661,17.29719543,17.05554199,16.86938477,16.6908474,16.44133377,16.03886604,15.69432163,15.43537521,15.17173004
3/2/2026,4995.714286,0,4245.428571,0,7493,0,50884.42857,0,415.7142857,0,1645.571429,0,,0,29234.28571,0.428571429,22028.57143,0,0.571428571,18.87252998,18.394804,17.91722298,17.56369591,17.45066071,17.09070206,16.95643806,16.69998932,16.55998611,16.34084511,15.96849537,15.59310818,15.29621601,15.11049271
3/3/2026,4866.571429,0,4246.857143,0,7256,0,52531.14286,0,344.4285714,0,1800,0,,0,29842.85714,0.571428571,22542.85714,0,0.714285714,18.76931763,18.30381203,17.8905201,17.53178596,17.39309311,17.01396751,16.8235836,16.60967064,16.33506775,16.09171104,15.63993073,15.17135715,14.85434628,14.57814789
3/4/2026,4737.857143,0,4244.857143,0,7017.714286,0,54151.71429,0,283.1428571,0,1854.285714,0,,0,30542.85714,0.571428571,22985.71429,0,0.714285714,18.45074654,18.08025551,17.75864983,17.40537643,17.24211502,16.95183945,16.76468849,16.51271248,16.31263351,16.04120445,15.6066618,15.15386677,14.90896511,14.67975616
3/5/2026,4610.285714,0,4241.857143,0,6796.714286,0,54603.42857,0,233.5714286,0,1797.142857,0,,0,30742.85714,0.571428571,23114.28571,0,0.714285714,18.71196365,18.23465157,17.86547852,17.48406601,17.26139069,16.94231033,16.77267647,16.47310066,16.2279644,15.98688793,15.52195644,15.1312418,14.86292458,14.66910076
3/6/2026,4496.285714,0,4237.714286,0,6601.428571,0,53618.85714,0,199.4285714,0,1700,0,,0,30214.28571,0.571428571,22785.71429,0,0.571428571,18.90509796,18.33898926,17.99329948,17.57440948,17.24225807,16.87923813,16.66955376,16.44846153,16.221241,15.94833469,15.54088879,15.18101025,14.94703579,14.75192451
3/7/2026,4381.571429,0,4233.285714,0,6389.571429,0,51307.71429,0,172.1428571,0,1561.428571,0,,0,29422.85714,0.428571429,22042.85714,0,0.428571429,18.81675339,18.2881813,17.95284462,17.4955101,17.18672752,16.81299019,16.60924339,16.35692215,16.15885735,15.88797474,15.49261093,15.07554913,14.7831459,14.60369396
3/8/2026,4243,0,4203.714286,0,6161,0,48259.92857,0.142857143,145.7142857,0,1389.428571,0,,0,28368.57143,0.285714286,21042.85714,0,0.285714286,18.79249573,18.21479607,17.89815712,17.39370155,17.13267517,16.76923752,16.58010101,16.30319977,16.08437157,15.7986927,15.32048321,14.98250389,14.74893856,14.56933498
3/9/2026,4113.714286,0,4201.714286,0,5933.428571,0,45045.07143,0.142857143,126.5714286,0,1228.857143,0,,0,27094.28571,0.142857143,19942.85714,0,0.142857143,18.84552383,18.2903614,18.03168106,17.50470734,17.24533081,16.96792984,16.73401833,16.45631981,16.25666428,16.02326775,15.48628902,15.17924976,14.97950935,14.91380405
3/10/2026,3999.428571,0,4200.142857,0,5706,0,41911.64286,0.142857143,108.5714286,0,1098.428571,0,,0,25671.42857,0,18871.42857,0,0,18.64410973,18.38385773,18.00624657,17.50779915,17.13360405,17.00090599,16.76981926,16.4827404,16.28071022,16.00922775,15.51765537,15.18469715,14.96927834,14.81346416
3/11/2026,3871.285714,0,4196.571429,0,5496,0,38717.64286,0.142857143,95.14285714,0,992.7142857,0,,0,24085.71429,0,17800,0,0,18.552248,18.29795265,17.93549538,17.44926643,17.13793373,16.88427544,16.61565399,16.27437592,16.09201813,15.78659153,15.3110342,14.87231064,14.66028214,14.49195385
3/12/2026,3757.428571,0,4195.142857,0,5292.714286,0,35831.64286,0.142857143,88.14285714,0,904,0,,0,22557.14286,0,16742.85714,0,0,18.40085793,18.2117939,17.86780548,17.37176323,17.05275154,16.82662964,16.55436134,16.21600342,15.96125317,15.68055916,15.20737076,14.77520752,14.58652306,14.39976692
3/13/2026,3643,0,4196.571429,0,5095.857143,0,33182.21429,0.142857143,81,0,835.7142857,0,,0,21085.71429,0,15700,0,0,18.74675179,18.61351585,18.20425797,17.70594025,17.46581459,17.02533913,16.75403786,16.55935478,16.34699631,15.98279762,15.53965855,15.16173935,14.84941101,14.72462845
3/14/2026,3528.285714,0,4197.428571,0,4971.571429,0,30873.21429,0.142857143,74.57142857,0,782.1428571,0,,0,19728.57143,0,14742.85714,0,0,18.55389214,18.47125053,18.06646156,17.60564232,17.42394257,17.0285778,16.80825615,16.48597336,16.27166367,15.94373989,15.54325867,15.15919304,14.83870316,14.69428444
3/15/2026,3465.428571,0,4221.571429,0,4906,0,28841.57143,0,67.57142857,0,736.5714286,0,,0,18542.85714,0,13900,0,0,18.60655403,18.51435661,18.10448647,17.6295166,17.44101143,17.03330421,16.82100105,16.50712776,16.31151962,15.98071861,15.56889248,15.1889267,14.8741951,14.73633099
3/16/2026,3385,0,4217.571429,0,4862.714286,0,27181.57143,0,59.57142857,0,692.7142857,0,,0,17500,0,13128.57143,0,0,18.59774971,18.45420074,18.05319405,17.58011055,17.35131454,16.85014534,16.59827614,16.19622803,16.03460884,15.72584343,15.33591652,15.01284599,14.75955009,14.5929203
3/17/2026,3342.857143,0,4214.857143,0,4823,0,25693.14286,0,57.42857143,0,654,0,,0,16514.28571,0,12371.42857,0,0,18.47208214,18.26898956,17.77204514,17.27387619,17.0301609,16.67095566,16.44987679,16.07852936,15.97152805,15.66415405,15.28696156,14.89851761,14.6729002,14.53707314
3/18/2026,3314.714286,0,4213.571429,0,4776.428571,0,24411.42857,0,58,0,615.8571429,0,,0,15585.71429,0,11634.28571,0,0,18.45036697,18.18634987,17.7084198,17.23074341,17.03619957,16.67539978,16.45044136,16.0579319,15.89345169,15.58425808,15.23584175,14.85285187,14.6481905,14.54775238
3/19/2026,2856.857143,0,3732.714286,0,4693.857143,0,23277.28571,0,59.71428571,0,582.7142857,0,,0,14757.14286,0,10952.85714,0,0,17.55534554,17.15377617,16.62832069,16.29720879,15.97886753,15.81044388,15.67404079,15.3783474,15.19471169,14.78920078,14.53683853,14.18876076,14.08252907,13.87411118
3/20/2026,2813,0,3728.714286,0,4568.714286,0,22361.71429,0,61,0,553.4285714,0,,0,14071.42857,0,10358.57143,0,0,17.65178299,17.25895691,16.73519325,16.38872528,16.13193703,15.98717499,15.84124565,15.44515324,15.23745632,14.85097313,14.58440208,14.29813766,14.13212299,13.97922421
3/21/2026,2755.428571,0,3727.571429,0,4390,0,21512.42857,0,61.85714286,0,523.7142857,0,,0,13457.14286,0,9798.571429,0,0,17.4365921,17.04697609,16.47257042,16.12477303,15.77921581,15.66323948,15.47276211,15.09652042,14.87747765,14.66727638,14.42301178,14.21567345,13.98810768,13.85651588
3/22/2026,2670.142857,0,3729.142857,0,4167.142857,0,20724,0,61.71428571,0,498.4285714,0,,0,12871.42857,0,9262.857143,0,0,17.42967224,17.07053185,16.49802017,16.14826012,15.80263615,15.6773653,15.48560619,15.11742496,14.87982655,14.67323589,14.42663479,14.21470833,13.94975853,13.78139687
3/23/2026,2594.571429,0,3731.857143,0,3906.285714,0,19937.57143,0,62.85714286,0,474.5714286,0,,0,12300,0,8755.714286,0,0,17.6355629,17.23000717,16.6134243,16.20053101,15.91766262,15.74945164,15.54576397,15.14457607,14.97535229,14.64515114,14.39300156,14.14859962,13.93937302,13.82155704
3/24/2026,2566.428571,0,3628.857143,0,3612.285714,0,19072.85714,0,62.57142857,0,448.4285714,0,,0,11757.14286,0,8278.571429,0,0,17.80107689,17.36249542,16.9235611,16.50297737,16.30686378,16.1182785,15.81558418,15.53989601,15.33186817,14.99069881,14.68506336,14.40575218,14.10772991,14.1179924
3/25/2026,2509.714286,0,3530.428571,0,3298.714286,0,18182.28571,0,60,0,426.2857143,0,,0,11222.85714,0,7834.285714,0,0,17.63562202,17.27274132,16.94974136,16.47584534,16.04732704,15.85619926,15.51463223,15.20722771,15.13136673,14.81628704,14.60547733,14.42391205,14.01509666,13.9344244
3/26/2026,2866.714286,0,3913.285714,0,3009,0,17259.85714,0,58.71428571,0,405.4285714,0,,0,10694.28571,0,7412.857143,0,0,18.54074669,18.0396328,17.45308685,16.9859333,16.71933365,16.59731865,16.32153893,16.21687698,15.96526337,15.53731632,15.24112225,14.90852356,14.60431194,14.4948349
3/27/2026,2796.142857,0,3816.571429,0,2749.857143,0,16244.71429,0,60.28571429,0,382.7142857,0,,0,10128.57143,0,6957.142857,0,0,18.5731678,17.88488197,17.35145569,16.78504181,16.47739983,16.25541496,16.00059891,15.91299057,15.65032864,15.34792042,15.19702625,14.84474564,14.50068188,14.47517586
3/28/2026,2739.285714,0,3717.428571,0,2523,0,15234.14286,0,59,0,362.5714286,0,,0,9581.428571,0,6507.142857,0,0,18.54248619,17.91433716,17.39840317,16.94371796,16.72299004,16.62448311,16.45870209,16.00632477,15.74436855,15.38499641,15.22141552,14.93063164,14.63047028,14.59375381
3/29/2026,2694.571429,0,3616.142857,0,2326.285714,0,14405.57143,0,57.14285714,0,340.4285714,0,,0,9071.428571,0,6085.714286,0,0,18.45520782,17.88434982,17.33862877,16.89699936,16.7541523,16.60252762,16.39035606,15.98052692,15.81504536,15.43568897,15.20269394,15.03080368,14.73060703,14.57629967
3/30/2026,2677.142857,0,3514.285714,0,2153.571429,0,13636.85714,0,53.42857143,0,319.1428571,0,,0,8580,0,5668.571429,0,0,18.34926987,17.76039696,17.24795723,16.79444885,16.62523842,16.50012779,16.27121735,15.90159512,15.73176003,15.34766865,15.06177902,14.87128448,14.53220654,14.42276382
3/31/2026,2561,0,3518,0,2036.142857,0,12966.85714,0,50.42857143,0,302.5714286,0,,0,8124.285714,0,5271.428571,0,0,18.33297539,17.73005486,17.21182251,16.6423645,16.47566605,16.23340607,16.01411057,15.6765337,15.50811577,15.04235458,14.83061695,14.66899872,14.39028835,14.34039021
4/1/2026,2231.714286,0,3518.857143,0,1992.857143,0,12460.57143,0,49.85714286,0,356.5714286,0,,0,7758.571429,0,4940,0,0,18.13070488,17.53128433,17.06339073,16.52912521,16.3218689,16.1247139,15.94964981,15.64747047,15.51695251,15.0046339,14.71994877,14.54942799,14.21905994,14.19251728
4/2/2026,1917.714286,0,3507.142857,0,1989.571429,0,12266.57143,0,46.28571429,0,452.1428571,0,,0,7560,0,4744.285714,0,0,17.93658638,17.33496284,16.90034485,16.40705681,16.21184921,15.93309593,15.73210144,15.45452976,15.23322392,14.65647316,14.24128819,14.12521839,13.73441219,13.76273823
4/3/2026,1631.714286,0,3505.857143,0,2029.285714,0,12496.71429,0,39.71428571,0,545.1428571,0,,0,7581.428571,0,4747.142857,0,0,17.55890656,17.02407074,16.54752541,16.07529068,15.94660282,15.67889977,15.49291039,15.20131969,14.98816872,14.38267994,13.83832741,13.75253868,13.37875652,13.45166302
4/4/2026,1361.714286,0,3503.571429,0,2101.285714,0,12989.14286,0,35.71428571,0,607.2857143,0,,0,7715.714286,0,4858.571429,0,0,17.30099869,16.82957649,16.16178703,15.68082905,15.54648876,15.17871857,14.94693375,14.70803833,14.36314964,13.76584435,13.14805031,13.06231308,12.87860107,13.10692883
4/5/2026,1106.142857,0,3502.571429,0,2189.285714,0,13353,0,38.57142857,0,656.1428571,0,,0,7837.142857,0,4968.571429,0,0,17.17837334,16.57248497,15.97166634,15.5635252,15.32477283,14.79579163,14.59377384,14.3618145,13.96922016,13.51452637,13.01764679,12.96463203,12.57229233,12.67576408
4/6/2026,852,0,3502.857143,0,2285,0,13512.28571,0,46.57142857,0,696.5714286,0,,0,7887.142857,0,5035.714286,0,0,17.32134247,16.44123077,15.89973736,15.34493923,15.25706005,14.74239731,14.57475662,14.26650238,13.93363953,13.67697811,13.25087547,13.01084614,12.53870487,12.28985214
4/7/2026,596.8571429,0,3493.714286,0,2350.142857,0,13611.28571,0,56.85714286,0,728.4285714,0,,0,7904.285714,0,5090,0,0,16.26068115,15.56821442,14.89748764,14.3506012,14.26024914,13.85211849,13.64226151,13.20454502,12.82186127,12.622159,12.06017208,11.75125313,11.18972111,10.78707027
4/8/2026,597.2857143,0,3480.857143,0,2373.428571,0,13615.42857,0,67.42857143,0,687,0,,0,7875.714286,0,5107.142857,0,0,16.32138634,15.53444958,14.84553337,14.29005909,14.2146492,13.83323383,13.62742615,13.18651867,12.78898048,12.57141209,12.0061655,11.7021513,11.11936188,10.71848106
4/9/2026,639.2857143,0,3490,0,2383.428571,0,13456.42857,0,76.14285714,0,604.7142857,0,,0,7761.428571,0,5045.714286,0,0,16.23497963,15.47733688,14.83299446,14.2990694,14.20944214,13.8120842,13.6354847,13.21915722,12.83243179,12.64405727,12.04257774,11.80668449,11.21897316,10.83128548
4/10/2026,681.5714286,0,3489.428571,0,2379.142857,0,13215.42857,0,82,0,529,0,,0,7638.571429,0,4967.142857,0,0,16.79631996,15.97462273,15.44305992,14.85105801,14.87617493,14.4961977,14.29375362,13.76945305,13.32873058,13.00505352,12.38607979,12.07293892,11.65812874,11.29106522
4/11/2026,723,0,3490.428571,0,2380.857143,0,13506.14286,0,83.28571429,0,547.1428571,0,,0,7851.428571,0,5162.857143,0,0,16.78701401,15.95172977,15.41749382,14.81656075,14.84353352,14.47047234,14.27762508,13.74505234,13.30202961,13.12298489,12.55471039,12.17550755,11.69087315,11.33757496
4/12/2026,765.1428571,0,3491.857143,0,2405.142857,0,15509.28571,0,79,0,754.7142857,0,,0,8337.142857,0.142857143,6010,0,0,16.80296516,15.92087078,15.46563053,14.918293,14.97646427,14.63325787,14.49019814,13.97783375,13.57255554,13.37556362,12.73533821,12.25583458,11.69941998,11.41399002
4/13/2026,865.1428571,0,3136,0,2429,0,18716.14286,0,74.71428571,0,1046.714286,0,,0,9172.857143,0.285714286,7395.714286,0,0,16.08740234,15.17807961,14.68992519,14.23110485,14.11483383,13.70005417,13.64957905,13.2427845,12.87250614,12.67406559,11.93675327,11.50181007,10.80375671,10.39881039
4/14/2026,949.8571429,0,2818.428571,0,2441.714286,0,22255.85714,0,71.57142857,0,1221,0,,0,10302.85714,0.428571429,8944.285714,0,0,16.03649902,15.26915264,14.80030918,14.23869705,13.92687893,13.40361023,13.26489353,12.60117054,12.34235287,12.09650707,11.43682194,11.10687351,10.35578632,9.798868179
4/15/2026,1020.714286,0,2534.571429,0,2447,0,25588,0,73.28571429,0,1368.714286,0,,0,11720,0.571428571,10454.28571,0,0,15.56138325,14.86970234,14.23891735,13.58900261,13.19163895,12.61185265,12.41265202,11.86784935,11.33363056,10.97572136,10.51125622,10.32993889,9.895044327,9.64997673
4/16/2026,1008.571429,0,2230.571429,0,2452.571429,0,28467.14286,0,82,0,1508.142857,0,,0,13404.28571,0.571428571,11828.57143,0,0,13.7657299,13.13061428,12.56737614,12.09339809,11.89894295,11.47699165,11.21166325,10.81219959,10.43977261,10.05664253,9.596615791,9.369646072,9.000989914,8.680950165
4/17/2026,981.2857143,0,1926.142857,0,2422.142857,0,30916.57143,0,87.28571429,0,1632.571429,0,,0,14785.71429,0.571428571,12968.57143,0,0,12.82258415,12.45895576,12.03115749,11.53539944,11.3706789,10.98853207,10.66004276,10.27229786,9.934453011,9.47479248,9.13603878,8.980937958,8.552188873,8.329944611
4/18/2026,940.4285714,0,1620.428571,0,2373.428571,0,32452.85714,0,89.85714286,0,1680,0,,0,15600,0.571428571,13642.85714,0,0,12.04585171,11.68194485,11.2072134,10.53303242,10.39405251,10.126688,9.805425644,9.342100143,9.088225365,8.671869278,8.166231155,7.941851139,7.569964886,7.325580597
4/19/2026,898.1428571,0,1304.428571,0,2338.285714,0,32120.14286,0,91,0,1540,0,,0,16017.14286,0.428571429,13571.42857,0,0,11.4520359,10.84633255,10.26528168,9.704123497,9.418604851,8.905877113,8.47260952,7.800120831,7.413059711,6.978300095,6.43265152,5.757716656,5.385672569,4.626521111
4/20/2026,869.7142857,0,1340.428571,0,2330.285714,0,30678.28571,0,86.42857143,0,1307.428571,0,,0,16151.42857,0.285714286,13000,0,0,11.27202034,10.71409225,10.00494099,9.493919373,9.198131561,8.716001511,8.439788818,8.021052361,7.658779621,7.208044529,6.795868397,6.256052017,5.856936932,5.237228394
4/21/2026,883.7142857,0,1333.857143,0,2398.285714,0,29268.71429,0,76.28571429,0,1226,0,,0,16160,0.142857143,12385.71429,0,0,11.81962204,11.2033968,10.68007183,10.21725941,9.998075485,9.593811035,9.389359474,8.99848938,8.905078888,8.504698753,8.219661713,7.686866283,7.617063522,7.233641148
4/22/2026,898.5714286,0,1330.428571,0,2522.857143,0,28446.71429,0,65.14285714,0,1268.857143,0,,0,16128.57143,0,12014.28571,0,0,10.29580975,10.03835678,9.43197155,8.928547859,8.73085022,8.618573189,8.405094147,8.400237083,8.254538536,8.199859619,7.814738274,7.704257965,7.617833614,7.204780102
4/23/2026,996.8571429,0,1337.285714,0,2659.714286,0,28451.57143,0,62.14285714,0,1257.428571,0,,0,16057.14286,0,11957.14286,0,0,8.305120468,8.00632,7.777322292,7.546151161,7.651832104,7.563592911,7.368217468,7.758905888,7.820325375,7.741971493,7.481942654,7.328567982,7.06563139,6.709497929
4/24/2026,1081.142857,0,1371.428571,0,2826.714286,0,29015.71429,0,72.14285714,0,1236,0,,0,16300,0,12128.57143,0,0,11.72301865,11.42392731,11.02831841,10.43709564,10.12569427,9.52318573,9.405548096,9.072807312,8.890286446,8.494462013,8.040205002,7.564628601,7.219768047,6.958300114
4/25/2026,1165,0,1403.428571,0,2946.285714,0,29506.71429,0,85.42857143,0,1220.285714,0,,0,16585.71429,0,12342.85714,0,0,11.88365841,11.58743763,11.07899857,10.62420654,10.22255325,9.627915382,9.336688995,8.983846664,8.667279243,8.20622921,7.719254494,7.313762665,7.140183449,7.033936977
4/26/2026,1251.428571,0,1453.142857,0,3025.142857,0,29837.71429,0,98.85714286,0,1210.285714,0,,0,16814.28571,0,12514.28571,0,0,12.04387283,11.75640202,11.26338577,10.80819988,10.50596142,9.922483444,9.644903183,9.271384239,9.000998497,8.587798119,8.035133362,7.857293606,7.583398819,7.338764191
4/27/2026,1265.142857,0,1488.142857,0,3091,0,29993.42857,0,110.4285714,0,1222.857143,0,,0,16900,0,12585.71429,0,0,12.12922192,11.84964943,11.31782913,10.85032749,10.59208679,10.05928326,9.781902313,9.402713776,9.16680336,8.982631683,8.412986755,8.240162849,7.941833019,7.637505054
4/28/2026,1251.428571,0,1558.142857,0,3089.571429,0,29588.71429,0,120.1428571,0,1199.428571,0,,0,16714.28571,0,12428.57143,0,0,12.15128994,11.88721085,11.34758377,10.89768124,10.63425255,10.10221577,9.819566727,9.447477341,9.220581055,9.029272079,8.459890366,8.299521446,7.998878956,7.737081051
4/29/2026,1222.571429,0,1591.571429,0,3055.142857,0,28535.28571,0,126.5714286,0,1081.428571,0,,0,16128.57143,0,11945.71429,0,0,12.30192757,12.05062199,11.49548817,11.05191708,10.77801514,10.2494688,9.910411835,9.516820908,9.244029999,9.049751282,8.493708611,8.318184853,8.054237366,7.800889492
4/30/2026,1165.857143,0,1607.571429,0,3014.571429,0,26838.71429,0,120.7142857,0,1012.285714,0,,0,15214.28571,0,11185.71429,0,0,12.388134,12.16740131,11.72906208,11.26058197,10.97610188,10.5334053,10.24325371,9.863759041,9.639198303,9.354839325,8.680999756,8.520605087,8.185791016,7.884694576
5/1/2026,1151.714286,0,1598.142857,0,2934.714286,0,24790.57143,0,106.5714286,0,958.1428571,0,,0,14071.42857,0,10257.14286,0,0,12.8563776,12.31111908,11.67485332,11.32040596,11.05270386,10.5630064,10.22178459,9.777010918,9.557909966,9.304884911,8.622720718,8.380850792,8.077324867,7.629799366
5/2/2026,1108.714286,0,1593.428571,0,2854,0,22790,0,98.14285714,0,904.2857143,0,,0,12914.28571,0,9308.571429,0,0,11.95405674,11.67373466,11.20075417,10.72362995,10.48575878,9.92183876,9.553336143,9.086557388,8.781352043,8.284667969,7.818718433,7.592455864,7.370740891,7.107627869
5/3/2026,1036.142857,0,1565.714286,0,2742.857143,0,20934.71429,0,90.42857143,0,851.5714286,0,,0,11858.57143,0,8428.571429,0,0,10.27487659,9.967835426,9.615854263,9.428782463,9.595700264,9.125177383,8.575250626,8.519473076,8.182976723,7.845826626,7.667293072,7.176598072,6.980062962,6.747332096
5/4/2026,950.5714286,0,1550,0,2600.714286,0,19278.14286,0,86.42857143,0,788.1428571,0,,0,10924.28571,0,7644.285714,0,0,9.867348671,9.512611389,9.189861298,8.955236435,9.141931534,8.736525536,8.327208519,8.406667709,8.551706314,8.348654747,8.112569809,7.525291443,7.114300251,6.88431263
5/5/2026,865.4285714,0,1474.857143,0,2454,0,17870.85714,0,88.28571429,0,755.8571429,0,,0,10120,0,6977.142857,0,0,11.78483868,11.3449297,10.87090778,10.41366482,10.16823196,9.79490757,9.475917816,8.760915756,8.463082314,8.260526657,7.50567627,7.592291832,7.267507553,6.798235893
5/6/2026,809,0,1398.857143,0,2273.714286,0,16805.28571,0,90.71428571,0,719.1428571,0,,0,9502.857143,0,6454.285714,0,0,11.38707352,10.93827343,10.37637806,9.823456764,9.484243393,9.064135551,8.750867844,8.317129135,7.963836193,7.5355196,7.130021572,6.583266735,6.178900242,5.512663364
5/7/2026,737.8571429,0,1306.285714,0,2061,0,16044.71429,0,91.71428571,0,685,0,,0,9000,0,6044.285714,0,0,11.34757042,10.87757587,10.35052013,9.778683662,9.669802666,9.139769554,8.717306137,8.115480423,7.446728706,7.013593674,6.482144356,5.99670887,5.520604134,4.951129913
5/8/2026,652.1428571,0,1212.857143,0,1870.857143,0,15466.85714,0,96.57142857,0,651.5714286,0,,0,8674.285714,0,5791.428571,0,0,11.65410137,11.16720295,10.73822689,10.28135395,10.20856571,9.729296684,9.430450439,8.80078125,8.455375671,7.979428768,7.223816395,6.281213284,5.873169422,5.127973557
5/9/2026,609.2857143,0,1116.428571,0,1716.857143,0,15241.85714,0,102.4285714,0,620,0,,0,8545.714286,0,5697.142857,0,0,11.24796486,10.79113293,10.2889204,9.523917198,9.379658699,9.151293755,8.717430115,8.257797241,7.786763191,7.257356644,6.356871128,5.306759834,4.860010147,4.233394623
5/10/2026,595.5714286,0,1034.428571,0,1589,0,15197.85714,0,108.8571429,0,590.7142857,0,,0,8524.285714,0,5672.857143,0,0,9.897109985,9.508591652,9.075695992,8.519410133,8.06151104,7.616617203,7.070611477,6.391778946,5.454579353,4.992230892,4.408855915,3.866518021,3.459922075,3.108751535
5/11/2026,595.8571429,0,961,0,1477.428571,0,15153.71429,0,114.7142857,0,563.4285714,0,,0,8502.857143,0,5630,0,0,9.46835804,9.227032661,8.730603218,8.04323101,7.369440556,6.923346519,6.616679668,5.98935318,5.195828438,4.824207783,4.350492954,3.642236233,3.228251696,2.958081007
5/12/2026,595.1428571,0,922.5714286,0,1379.571429,0,15004.71429,0,121.5714286,0,510.1428571,0,,0,8435.714286,0,5547.142857,0,0,8.839307785,8.664591789,8.177735329,7.469590187,6.793557644,6.444485664,6.263621807,5.676696301,4.965346813,4.578267097,4.0898242,3.254237652,2.905402184,2.643252611
5/13/2026,594.2857143,0,888.8571429,0,1342.428571,0,14737.57143,0,130.5714286,0,459.4285714,0,,0,8315.714286,0,5427.142857,0,0,8.998308182,8.753401756,8.212353706,7.503428459,6.855239391,6.476674557,6.255106449,5.703353405,5.005011082,4.606903076,4.1076684,3.365720987,3.017397642,2.808514357
5/14/2026,594.4285714,0,1225.142857,0,1361.285714,0,14338,0,141.7142857,0,419.2857143,0,,0,8122.857143,0,5235.714286,0,0,12.34697342,12.00625896,11.54810047,11.15994549,11.03387928,10.56148052,10.14549637,9.638916016,9.174061775,8.490571976,7.691069603,6.59191227,6.020717621,5.376321316
5/15/2026,594.7142857,0,1585.142857,0,1433.285714,0,13796.42857,0,150.1428571,0,384.5714286,0,,0,7828.571429,0,4951.428571,0,0,12.29809093,11.9848547,11.67372227,11.30367374,11.17963123,10.91939163,10.40553188,9.913764954,9.521454811,9.369529724,8.779263496,7.882184982,7.247599602,6.707452774
5/16/2026,594.7142857,0,1946.428571,0,1548.571429,0,13140.42857,0,157.4285714,0,356.1428571,0,,0,7485.714286,0,4635.714286,0,0,13.02853775,12.8112278,12.29491806,11.79701233,11.79385757,11.44103336,11.02491474,10.55178928,10.20734692,9.796272278,9.32143116,9.031222343,8.583069801,8.306907654
5/17/2026,594.7142857,0,2310,0,1668.857143,0.142857143,12532.85714,0,163,0,330.1428571,0,,0,7188.571429,0,4375.714286,0,0,13.62320995,13.20006752,12.62472057,12.01906586,11.97322178,11.55692482,11.22778034,10.83180809,10.49129486,10.05660248,9.747966766,9.435337067,9.305166245,9.167711258
5/18/2026,594.5714286,0,2690.714286,0,1805.142857,0.285714286,11988.85714,0,168.7142857,0,307,0,,0,6918.571429,0,4144.285714,0,0,15.0657568,14.3410511,13.64565563,12.87352467,12.6179533,12.11084366,11.89979649,11.44671249,10.95289421,10.66222191,10.32941532,10.06158447,9.737564087,9.614283562
5/19/2026,594.2857143,0,3178.571429,0,1971.857143,0.285714286,11535.85714,0,170.7142857,0,287,0,,0,6657.142857,0,3914.285714,0,0,16.14650917,15.41679573,14.91582775,14.19595623,13.91544819,13.29127026,12.9560318,12.45392418,12.16429615,11.87760067,11.21569061,11.00399303,10.48517513,10.0138979
5/20/2026,594,0,3645.571429,0,2101,0.285714286,11036.57143,0,171.5714286,0,269.7142857,0,,0,6387.142857,0,3672.857143,0,0,16.50636101,15.76801395,15.18438911,14.60151672,14.48545933,14.08586788,13.90660191,13.42388535,13.13120842,12.98234749,12.41610146,11.94848347,11.47483349,11.18619061
5/21/2026,593.1428571,0,3468,0,2201.857143,0.285714286,10514.57143,0,175,0,253,0,,0,6117.142857,0,3450,0,0,16.37486076,15.59598827,14.9018507,14.35887337,14.27273655,13.90996075,13.62595367,13.2325716,12.83029842,12.63864231,12.02354527,11.77698803,11.22396946,10.86401653
5/22/2026,593.5714286,0,3367,0,2233.285714,0.285714286,9945.571429,0,180.2857143,0,237.8571429,0,,0,5878.571429,0,3207.142857,0,0,16.67489052,15.87163162,15.29525566,14.56696415,14.37613583,13.8745451,13.66152954,13.29427433,12.90323925,12.592309,11.99724197,11.67472076,11.08213043,10.71948242
5/23/2026,593.5714286,0,3007.571429,0,2236.714286,0.285714286,9389.142857,0,182.2857143,0,224.1428571,0,,0,5662.857143,0,2928.571429,0,0,15.68148422,15.0436945,14.29151154,13.41444588,13.09539223,12.68000221,12.51409721,12.04073238,11.6347084,11.32248878,10.76319218,10.48794937,10.23179436,10.0229454
5/24/2026,593.8571429,0,2645.142857,0,2243.571429,0.142857143,8830.714286,0,178.1428571,0,212.1428571,0,,0,5420,0,2615.714286,0,0,14.47576904,13.8035593,13.19103336,12.46433067,12.1807375,11.73006153,11.51265621,11.06000328,10.73317528,10.37317944,9.894607544,9.630594254,9.432822227,9.190250397
5/25/2026,593.8571429,0,2264.142857,0,2226,0,8337.714286,0,179,0,200.2857143,0,,0,5238.571429,0,2354.285714,0,0,12.92827702,12.63862038,12.16758633,11.57518578,11.56505966,11.2032795,10.92979431,10.56512928,10.22742462,10.01861,9.66054821,9.384058952,9.124369621,8.912682533
5/26/2026,594.5714286,0,1778.142857,0,2170.571429,0,8111.714286,0,182.1428571,0,190.1428571,0,,0,5148.571429,0,2281.428571,0,0,12.08510208,11.85648823,11.42783642,10.8432436,10.70855904,10.39520836,10.1165781,9.711981773,9.592280388,9.319408417,8.727212906,8.491654396,7.984048367,7.459118843
5/27/2026,594.8571429,0,1311.857143,0,2094.714286,0,8193.857143,0,187,0,183.5714286,0,,0,5182.857143,0,2325.714286,0,0,11.2193594,10.67010975,10.05155849,9.425265312,9.034186363,8.534436226,8.165882111,7.532751083,7.083969116,6.687999725,6.093666553,5.390274525,5.008350849,4.416409492
5/28/2026,594.7142857,0,1153.428571,0,2016.142857,0,8607,0,187.1428571,0,180,0,,0,5381.428571,0,2494.285714,0,0,11.17567158,10.71613979,10.26553822,9.437874794,9.363558769,9.018157005,8.612110138,8.186226845,7.707542419,7.232799053,6.393957615,5.442941666,4.93788147,4.42808342
5/29/2026,594.1428571,0,894.8571429,0,1991.428571,0,9272.142857,0,182.1428571,0,178.5714286,0,,0,5685.714286,0,2784.285714,0,0,8.608883858,8.242133141,7.79420948,7.088713169,6.412275791,6.223396778,6.141497612,5.41850853,4.660025597,4.549534321,4.068437576,3.646239281,3.131070375,2.891617537
5/30/2026,594.4285714,0,1026.857143,0,1958.285714,0,10205.42857,0,177.7142857,0,178.5714286,0,,0,6138.571429,0,3057.142857,0,0,10.8669529,10.47239399,10.1857729,9.803782463,9.619494438,8.899317741,8.465076447,7.935112,7.527769566,6.869221687,6.343937397,5.583284855,4.975553513,4.482546806
5/31/2026,593.4285714,0,1162.285714,0,1923,0,11302.57143,0,183.5714286,0,177.7142857,0,,0,6708.571429,0,3300,0,0,11.48346901,11.12353897,10.78795242,10.38281059,10.24477005,9.72046566,9.289196014,8.702875137,8.293246269,7.920269966,7.507911682,7.031374931,6.901326656,6.335771084
6/1/2026,865.4285714,0,1300.285714,0,1911.285714,0,12487.85714,0,185.7142857,0,176.2857143,0,,0,7240,0,3698.571429,0,0,11.70436192,11.25366402,10.91128826,10.60901451,10.49257469,10.16353512,9.742444038,9.2392416,8.939131737,8.562119484,8.15220356,7.692828178,7.475227833,6.917429447
6/2/2026,1208,0,1438.285714,0,1904.714286,0,13444.42857,0,187.2857143,0,173.5714286,0,,0,7692.857143,0,4095.714286,0,0,12.09838295,11.78878021,11.3644352,11.06383991,10.91126442,10.50742054,10.19811916,9.79738903,9.664065361,9.379518509,8.899055481,8.546813011,8.242580414,7.94686842
6/3/2026,1407.428571,0,1713.142857,0,1928.857143,0,14171.85714,0,187,0,168.1428571,0,,0,8054.285714,0,4418.571429,0,0,13.72912884,13.07914448,12.56160259,12.20879459,12.15838242,11.59799099,11.35668659,10.99201107,10.79193115,10.38635349,9.907338142,9.665755272,9.411006927,9.184976578
6/4/2026,1579.142857,0,1987.285714,0,1952.571429,0,14634.14286,0,189.4285714,0,160.1428571,0,,0,8284.285714,0,4644.285714,0,0,15.32473183,14.72883606,14.1611166,13.73049641,13.57716656,13.1004343,12.81417274,12.39779568,12.10951424,11.78409195,10.95960903,10.64573097,10.12702847,9.766360283
6/5/2026,1751.714286,0,2261.285714,0,1948,0,14887.71429,0.142857143,196.2857143,0,150.7142857,0,,0,8394.285714,0,4768.571429,0,0,15.88803673,15.28425121,14.58344555,14.11565495,13.90038681,13.43267918,13.2272501,12.86553288,12.60377502,12.40273952,12.00166607,11.70177937,11.13190365,10.78927708
6/6/2026,1880.857143,0,2401.428571,0,1936.142857,0,14834.42857,0.285714286,205.4285714,0,140.7142857,0,,0,8380,0,4831.428571,0,0,17.12200165,16.42543411,15.89011478,15.45769787,15.43464088,14.90892982,14.73615837,14.44565392,14.00146198,13.71209717,13.33433628,13.04572964,12.75317097,12.4616766
6/7/2026,1938.428571,0,2537.285714,0,1881.714286,0,14553.14286,0.285714286,209.4285714,0,131.8571429,0,,0,8280,0,4835.714286,0,0,17.26747513,16.57479858,16.01157951,15.54823208,15.52623749,15.04684258,14.83246803,14.53050995,14.11199379,13.75817013,13.30827618,12.99264431,12.69845963,12.54895401
6/8/2026,1651.714286,0,2670.285714,0,1814.142857,0,14063.85714,0.285714286,208.7142857,0,124.5714286,0,,0,8159.428571,0.142857143,4741.428571,0,0,17.27672005,16.6312294,16.13913727,15.67306805,15.67499733,15.22372437,15.00841522,14.71462631,14.21876526,13.86778259,13.48704433,13.22828007,13.02332211,12.928792
6/9/2026,1294.428571,0,2803.428571,0,1757.428571,0,13579.42857,0.428571429,207.4285714,0,119.1428571,0,,0,8055.428571,0.285714286,4604.285714,0,0,16.65472221,16.08712959,15.52263451,15.13735485,15.15919018,14.8766222,14.64126968,14.5094614,13.98181152,13.63553047,13.13927269,12.89237404,12.53650284,12.23301888
6/10/2026,1081.428571,0,2800.714286,0,1714.857143,0,13190.71429,0.428571429,209.7142857,0,114.5714286,0,,0,7958,0.428571429,4460,0,0,16.66899681,16.0357666,15.47208786,15.08707809,14.80233288,14.39084339,14.28187943,13.95443058,13.6114645,13.33704472,12.87680435,12.53218651,11.97776794,11.75418282
6/11/2026,897.2857143,0,2799.857143,0,1680.285714,0,12908.42857,0.428571429,213.7142857,0,110.8571429,0,,0,7880,0.571428571,4318.571429,0,0,16.64572334,15.92486477,15.31014824,14.92165375,14.77175617,14.41413593,14.21100616,13.75100422,13.20923328,12.91573238,12.42655373,12.18354416,11.77883434,11.42086506
6/12/2026,710.1428571,0,2800,0,1659.142857,0,12728,0.285714286,218.1428571,0,107.3142857,0,,0,7802.857143,0.571428571,4220,0,0,15.62920094,14.94801617,14.40870667,13.95106316,13.86675358,13.55361748,13.33227539,12.95089912,12.37546539,12.15245152,11.51804543,11.1059742,10.7333889,10.53651142
6/13/2026,567.7142857,0,2800.714286,0,1636.142857,0,12629,0.142857143,219,0,103.6714286,0,,0,7758.571429,0.571428571,4110,0,0,15.03198242,14.20362282,13.6885128,13.01848125,12.8775053,12.46445847,11.97552299,11.86666679,11.53851223,11.39320278,10.85282803,10.63915539,10.36760712,10.23144341
6/14/2026,496.2857143,0,2803.857143,0,1604.428571,0,12557,0.142857143,220.5714286,0,100.1857143,0,,0,7694.285714,0.571428571,4014.285714,0,0,15.49586868,14.65298653,14.03164577,13.48156548,13.1047554,12.56495667,12.20743942,11.56201172,11.30196381,10.98711014,10.68456745,10.50238132,10.17506123,10.08192539
6/15/2026,496.1428571,0,2672.214286,0.142857143,1550.571429,0,12562.14286,0.142857143,225,0,96.6,0,,0,7589.142857,0.428571429,3970,0,0,14.75024796,13.91218853,13.4819994,13.04059029,12.93030834,12.58027935,12.22098446,11.94958878,11.68675327,11.20307922,10.53799438,10.30565739,9.849656105,9.725535393
6/16/2026,468,0,2405.214286,0.142857143,1506.857143,0,12585,0,227.7142857,0,92.31428571,0,,0,7480.285714,0.285714286,3930,0,0,13.30794144,12.82508087,12.34461689,11.95793056,11.92343807,11.53308773,11.24881172,10.96396065,10.76745701,10.49233437,10.20237827,10.05737114,9.670283318,9.489648819
6/17/2026,438.8571429,0,2137.642857,0.142857143,1484.857143,0,12636.02198,0.142857143,225,0,88.35714286,0,,0,7406.285714,0.142857143,3917.142857,0,0,12.48752117,12.19794178,11.84253693,11.46940231,11.42397213,11.08458424,10.80904675,10.50439262,10.26871872,9.943883896,9.659363747,9.412614822,9.02514267,8.878050804
6/18/2026,408.7142857,0,1868.642857,0.142857143,1472.285714,0,12725.63736,0.285714286,222.2857143,0,84.7,0,,0,7395.714286,0,3965.714286,0,0,12.01245785,11.6066637,11.29837418,10.99308777,10.89967632,10.7023592,10.22889233,9.987289429,9.743694305,9.321416855,8.949827194,8.55496788,8.224364281,7.999172688
6/19/2026,381.2857143,0,1598.5,0.142857143,1458.571429,0,12808.84615,0.428571429,220.8571429,0,81.62857143,0,,0,7511.428571,0,4101.428571,0,0,11.68348312,11.33633041,11.05646801,10.7019558,10.5500679,10.22712326,9.780391693,9.451225281,9.100952148,8.736714363,8.085833549,7.479939938,7.073392391,6.68525362
6/20/2026,352.1428571,0,1327.928571,0.142857143,1437.714286,0,12906.07692,0.571428571,220.1428571,0,79.41428571,0,,0,7645.714286,0,4445.714286,0,0,11.13512611,10.65516949,10.31222439,9.777252197,9.533306122,9.207672119,8.666739464,8.334280968,7.908290386,7.371659756,6.799324989,6.020174026,5.441878796,4.749815464
6/21/2026,302.8571429,0,1056.928571,0.142857143,1418.142857,0,13071.75824,0.714285714,220.2857143,0,78.1,0,,0,7791.428571,0,4887.142857,0,0,6.978672028,6.547214985,6.155519485,5.668427467,5.362781048,5.111308098,4.554599762,3.904779673,3.599635839,3.149251938,2.886121035,2.462652445,2.345462799,2.102069378
6/22/2026,253.8571429,0,921.1428571,0,1419.857143,0.142857143,13283.46154,0.857142857,222.5714286,0,76.88571429,0,,0,8014.285714,0,5204.285714,0,0,6.988824844,6.38657093,6.037783623,5.630280018,5.3215909,5.069599628,4.539347649,3.927090645,3.603607655,3.202409029,2.892344713,2.520908117,2.420407534,2.250019789
6/23/2026,232.4285714,0,920.8571429,0,1418.428571,0.142857143,13505.61538,1,227,0,75.35714286,0,,0,8278.571429,0,5438.571429,0,0,7.272528648,6.670816898,6.342020512,5.930208206,5.63008213,5.376315117,4.775226116,4.058431149,3.692387104,3.293417931,2.965919256,2.569688797,2.444900036,2.246095419
6/24/2026,211.4285714,0,920.8571429,0,1416.714286,0.142857143,13727.76923,1,232.2857143,0,73.62857143,0,,0,8541.428571,0,5661.428571,0,0,7.281915665,6.673755646,6.35687685,5.946717262,5.642837524,5.409925938,4.810846806,4.072306633,3.69761467,3.263339043,2.966790915,2.567596197,2.382587194,2.162852526
6/25/2026,311.1428571,0,921.2857143,0,1420.142857,0.142857143,13949.92308,1,235.2857143,0,71.6,0,,0,8772.857143,0,5822.857143,0,0,7.34258461,6.873650074,6.481446266,6.048579216,5.801765442,5.534455299,4.736771584,4.152490616,3.62052846,3.155975342,2.938349485,2.545031786,2.421245575,2.226004124
6/26/2026,410.1428571,0,922.2857143,0,1423.571429,0.142857143,14172.07692,1,237.1428571,0,69.45714286,0,,0,8975.714286,0,5720,0,0,8.371668816,7.733762741,7.250972748,6.93337059,6.959692001,6.598944187,6.011069298,6.07650423,5.476321697,4.871247292,4.583895683,4.09136343,3.934057713,3.638558865
6/27/2026,409.7142857,0,990.7142857,0,1420,0.142857143,14394.23077,1,238.7142857,0,67.14285714,0,,0,9108.571429,0,5450,0,0,10.5767231,10.30580711,9.847389221,9.50088501,9.103384018,8.638072014,8.519052505,8.165063858,7.810913086,7.623524666,7.347901344,6.388484955,5.790004253,5.344671726
6/28/2026,388.4285714,0,1253.857143,0,1410.857143,0.142857143,14616.38462,1,236.7142857,0,64.57142857,0,,0,9201.428571,0,5137.142857,0,0,11.22411251,10.78481865,10.35718918,9.996453285,9.757642746,9.219288826,8.820199013,8.461425781,8.069310188,7.764666557,7.327003002,6.566257954,6.330627441,5.867708206
6/29/2026,367.1428571,0,1556.571429,0,1391.714286,0,14838.53846,0.857142857,234.4285714,0,62.44285714,0,,0,9281.428571,0,4792.857143,0,0,11.84703064,11.4636116,11.00130844,10.5279665,10.34292221,9.749486923,9.611304283,9.263168335,8.973484993,8.618598938,8.015084267,7.40449667,6.960246563,6.728321552
6/30/2026,487.8571429,0,1823,0,1354.285714,0,15057.95604,0.714285714,234.1428571,0,61.07142857,0,,0,9381.428571,0,4444.285714,0,0,12.7642355,12.34205914,11.65713692,11.24802303,11.1281395,10.63109303,10.27579403,10.26307487,10.06435871,9.693181038,9.184784889,8.812757492,8.216126442,8.289937973
7/1/2026,680.4285714,0,2089.428571,0,1258.428571,0,15372.35165,0.571428571,234.1428571,0,59.94285714,0,,0,9544.285714,0,4135.714286,0,0,14.93804932,14.53947639,14.18720627,13.21946526,13.29027939,12.95363235,12.80232716,12.26689816,12.00996494,11.66802883,11.17778015,10.76982021,10.20481205,9.651473045
7/2/2026,1110.142857,0,2088.285714,0,1127.285714,0,15772.86813,0.428571429,233.5714286,0,59.28571429,0,,0,9781.428571,0,3905.714286,0,0,16.12266541,15.69409466,15.17570782,14.71386623,14.39667988,13.95645237,13.77748585,13.33982468,13.1624136,12.77812004,12.19632053,11.67773628,11.34407902,10.74810886
7/3/2026,1682.857143,0,2085.428571,0,984.1428571,0,16229.50549,0.285714286,231.5714286,0,58.64285714,0,,0,9998.571429,0,3891.428571,0,0,17.72483826,17.44444847,16.73726082,16.18636894,15.93018913,15.68772984,15.11745071,14.5257597,14.10312366,13.58219147,13.04677105,12.75836277,12.58542538,12.40196037
7/4/2026,2425.571429,0,2014.857143,0,862.7142857,0,16589.83516,0.142857143,231.4285714,0,57.78571429,0,,0,10210,0,3954.285714,0,0,18.1678772,17.69446373,17.31450844,16.78345108,16.71156502,16.24743843,15.90200901,15.58914757,15.26097965,14.75549316,14.16611195,13.69622898,13.36478329,13.28281403
7/5/2026,3282.714286,0,1749.428571,0,799.2857143,0,16922.42857,0,234.7142857,0,56.6,0,,0,10454.28571,0,4050,0,0,18.78279686,18.24696922,17.79254341,17.35189819,17.12162018,16.52746964,16.26554298,15.94824791,15.67338753,15.04283237,14.50623989,14.07244587,13.80750751,13.80193043
7/6/2026,4139.142857,0,1444.285714,0,746.2857143,0,17283.28571,0,234.7142857,0,55.32857143,0,,0,10752.85714,0,4198.571429,0,0,19.13855743,18.58145142,18.1696167,17.7089119,17.43582535,16.98141289,16.78340721,16.47992325,16.26635742,15.7947979,15.22958374,14.79451847,14.2205286,14.25708771
7/7/2026,4853.714286,0,1175.142857,0,709.5714286,0,17670.71429,0,231.4285714,0,54.38571429,0,,0,11071.42857,0,4361.428571,0,0,19.44950867,18.94645309,18.32629013,17.80134201,17.51395798,17.24304771,16.98908043,16.59711838,16.38775253,15.85855484,15.50655556,15.07517529,14.67298317,14.78019714
7/8/2026,5496.857143,0,905.1428571,0,681.1428571,0,18050.28571,0,227.7142857,0,53.31428571,0,,0,11314.28571,0,4487.142857,0,0,19.65381622,19.13072777,18.49432945,17.96157265,17.6702137,17.42516327,17.14815903,16.66922951,16.48455238,16.09565544,15.74555588,15.30983067,14.91857624,14.91143227
7/9/2026,5782.142857,0,902.5714286,0.142857143,668,0,18308.42857,0,224.5714286,0,51.84285714,0,,0,11471.42857,0,4527.142857,0,0,19.71673203,19.25074768,18.69818878,18.20533752,17.85425949,17.55934334,17.28650475,16.90149689,16.65780258,16.25615501,15.86917973,15.48558903,15.11291027,15.08324814
7/10/2026,5924,0,901.4285714,0.285714286,659.1428571,0,18529.57143,0,221.5714286,0,50.28571429,0,,0,11585.71429,0,4531.428571,0,0,19.66443825,19.2060318,18.69438934,18.2543335,17.88923264,17.5912323,17.32077217,16.93612289,16.67238235,16.25867653,15.86779881,15.48780346,15.12677765,15.07611656
7/11/2026,5996.714286,0,901,0.428571429,646.5714286,0,18861.42857,0,216.7142857,0,48.88571429,0,,0,11685.71429,0,4557.142857,0,0,19.87507248,19.40890503,18.91278458,18.43849564,18.13789749,17.86808205,17.51882362,17.13906097,16.90645218,16.57589149,16.11678314,15.76775265,15.39579773,15.25266552
7/12/2026,5995.428571,0,900.5714286,0.571428571,628.7142857,0,19192,0,214.2857143,0,47.6,0,,0,11757.14286,0,4571.428571,0,0,19.87817001,19.39606094,18.91981888,18.44527054,18.08836365,17.83747292,17.4719944,17.12520599,16.89397812,16.60917473,16.15523911,15.81218243,15.46175003,15.27876854
7/13/2026,5995.571429,0,900.2857143,0.714285714,623.5714286,0,19448.57143,0,215.4285714,0,46.62857143,0,,0,11800,0,4562.857143,0,0,19.88338089,19.39184952,18.91525269,18.43732452,18.08568573,17.83286285,17.47094917,17.13341522,16.90218353,16.61823845,16.16064072,15.80383205,15.44607735,15.25991249
7/14/2026,5996.428571,0,900,0.857142857,615.4285714,0,19710.28571,0,217.1428571,0,45.85714286,0,,0,11814.28571,0,4548.571429,0,0,19.88338089,19.39184952,18.91525269,18.43732452,18.08568573,17.83286285,17.47094917,17.13341522,16.90218353,16.61823845,16.16064072,15.80383205,15.44607735,15.25991249
7/15/2026,6067.857143,0,900,1,612.7142857,0,19738.57143,0,218.2857143,0,45.14285714,0,,0,11816.66667,0,4526.666667,0,0,19.80863762,19.32946014,18.85842514,18.39137459,18.01222801,17.73149872,17.38509369,17.05957222,16.84508324,16.53067017,16.0647068,15.68715763,15.31628418,15.15110397
,,,,,,,,,,,,,,,,,,,,,,,,,,,,,,,,,
,,,,,,,,,,,,,,,,,,,,,,,,,,,,,,,,,
,,,,,,,,,,,,,,,,,,,,,,,,,,,,,,,,,
,,,,,,,,,,,,,,,,,,,,,,,,,,,,,,,,,
,,,,,,,,,,,,,,,,,,,,,,,,,,,,,,,,,
,,,,,,,,,,,,,,,,,,,,,,,,,,,,,,,,,
